{
    "r_bx1": 13.187339782714844,
    "r_bx2": 9.575895309448242,
    "r_bx3": 0.0,
    "r_cx1": 1.1033161878585815,
    "r_ex1": -0.5640894174575806,
    "r_ex2": -0.46630001068115234,
    "r_hx1": 0.10596346855163574,
    "lambda_xalpha": 1.1376594305038452,
    "lambda_alphastar": 1.1374865770339966,
    "lambda_combinedslipcoeff": -0.00019185709243174642,
    "combined_long_offset": -0.040454503148794174
}