{
    "By1": 0.17617739737033844,
    "Cy1": 1.0135650634765625,
    "Dy1": 3.036080837249756,
    "Ey1": 0.8220884799957275,
    "e_one": -3.0873866081237793,
    "e_two": 3.0867669582366943,
    "e_three": 3.0867669582366943
}