{
    "shape-factor": 1.899999976158142,
    "stiffness-factor": 10.0,
    "curvature-scaling-factor": 1.2944897413253784,
    "horizontal-shift-factor": 1.0,
    "vertical-shift-factor": 1.0,
    "zeta_1": 1.6132731437683105,
    "p_px1": -0.34850001335144043,
    "p_px2": 0.37834998965263367,
    "p_dx1": 1.6569633483886719,
    "p_dx2": -0.08285000175237656,
    "p_dx3": 0.0,
    "p_dx4": 0.0,
    "p_ex1": 0.1111299991607666,
    "p_ex2": 0.314300000667572,
    "p_ex3": 0.0,
    "p_ex4": 0.0017190000507980585,
    "p_kx1": 21.687000274658203,
    "p_kx2": 13.727999687194824,
    "p_kx3": -0.4097999930381775,
    "p_hx1": 0.00021615000150632113,
    "p_hx2": 0.0011597999837249517,
    "p_vx1": 2.028299968515057e-05,
    "p_vx2": 0.00010568000288913026
}