current,temperature,rpm,torque,efficiency
900,20,0,0,86.84
900,20,0,10,79.0
900,20,0,20,79.0
900,20,0,30,79.0
900,20,0,40,79.0
900,20,0,50,79.0
900,20,0,60,79.0
900,20,0,70,79.0
900,20,0,80,79.0
900,20,0,90,79.0
900,20,0,100,79.0
900,20,0,110,79.0
900,20,0,120,79.0
900,20,0,130,79.0
900,20,0,140,79.0
900,20,0,150,79.0
900,20,0,160,79.0
900,20,0,170,79.0
900,20,0,180,79.0
900,20,100,0,87.18
900,20,100,10,87.34
900,20,100,20,86.28
900,20,100,30,80.56
900,20,100,40,79.0
900,20,100,50,79.0
900,20,100,60,79.0
900,20,100,70,79.0
900,20,100,80,79.0
900,20,100,90,79.0
900,20,100,100,79.0
900,20,100,110,79.0
900,20,100,120,79.0
900,20,100,130,79.0
900,20,100,140,79.0
900,20,100,150,79.0
900,20,100,160,79.0
900,20,100,170,79.0
900,20,100,180,79.0
900,20,200,0,87.4
900,20,200,10,87.74
900,20,200,20,87.72
900,20,200,30,87.21
900,20,200,40,85.04
900,20,200,50,81.07
900,20,200,60,79.0
900,20,200,70,79.0
900,20,200,80,79.0
900,20,200,90,79.0
900,20,200,100,79.0
900,20,200,110,79.0
900,20,200,120,79.0
900,20,200,130,79.0
900,20,200,140,79.0
900,20,200,150,79.0
900,20,200,160,79.0
900,20,200,170,79.0
900,20,200,180,79.0
900,20,300,0,87.53
900,20,300,10,88.03
900,20,300,20,88.18
900,20,300,30,88.04
900,20,300,40,87.5
900,20,300,50,85.95
900,20,300,60,83.33
900,20,300,70,79.65
900,20,300,80,79.0
900,20,300,90,79.0
900,20,300,100,79.0
900,20,300,110,79.0
900,20,300,120,79.0
900,20,300,130,79.0
900,20,300,140,79.0
900,20,300,150,79.0
900,20,300,160,79.0
900,20,300,170,79.0
900,20,300,180,79.0
900,20,400,0,87.58
900,20,400,10,88.23
900,20,400,20,88.54
900,20,400,30,88.55
900,20,400,40,88.29
900,20,400,50,87.63
900,20,400,60,86.22
900,20,400,70,84.03
900,20,400,80,81.07
900,20,400,90,79.0
900,20,400,100,79.0
900,20,400,110,79.0
900,20,400,120,79.0
900,20,400,130,79.0
900,20,400,140,79.0
900,20,400,150,79.0
900,20,400,160,79.0
900,20,400,170,79.0
900,20,400,180,79.0
900,20,500,0,87.56
900,20,500,10,88.36
900,20,500,20,88.81
900,20,500,30,88.97
900,20,500,40,88.85
900,20,500,50,88.44
900,20,500,60,87.64
900,20,500,70,86.21
900,20,500,80,84.16
900,20,500,90,81.48
900,20,500,100,79.0
900,20,500,110,79.0
900,20,500,120,79.0
900,20,500,130,79.0
900,20,500,140,79.0
900,20,500,150,79.0
900,20,500,160,79.0
900,20,500,170,79.0
900,20,500,180,79.0
900,20,600,0,87.48
900,20,600,10,88.42
900,20,600,20,89.01
900,20,600,30,89.31
900,20,600,40,89.32
900,20,600,50,89.06
900,20,600,60,88.5
900,20,600,70,87.54
900,20,600,80,86.04
900,20,600,90,83.99
900,20,600,100,81.41
900,20,600,110,79.0
900,20,600,120,79.0
900,20,600,130,79.0
900,20,600,140,79.0
900,20,600,150,79.0
900,20,600,160,79.0
900,20,600,170,79.0
900,20,600,180,79.0
900,20,700,0,87.35
900,20,700,10,88.41
900,20,700,20,89.14
900,20,700,30,89.57
900,20,700,40,89.72
900,20,700,50,89.58
900,20,700,60,89.16
900,20,700,70,88.45
900,20,700,80,87.33
900,20,700,90,85.71
900,20,700,100,83.61
900,20,700,110,81.03
900,20,700,120,79.0
900,20,700,130,79.0
900,20,700,140,79.0
900,20,700,150,79.0
900,20,700,160,79.0
900,20,700,170,79.0
900,20,700,180,79.0
900,20,800,0,87.16
900,20,800,10,88.35
900,20,800,20,89.21
900,20,800,30,89.77
900,20,800,40,90.04
900,20,800,50,90.04
900,20,800,60,89.75
900,20,800,70,89.17
900,20,800,80,88.29
900,20,800,90,86.99
900,20,800,100,85.25
900,20,800,110,83.06
900,20,800,120,80.42
900,20,800,130,79.0
900,20,800,140,79.0
900,20,800,150,79.0
900,20,800,160,79.0
900,20,800,170,79.0
900,20,800,180,79.0
900,20,900,0,86.92
900,20,900,10,88.24
900,20,900,20,89.22
900,20,900,30,89.9
900,20,900,40,90.31
900,20,900,50,90.42
900,20,900,60,90.25
900,20,900,70,89.8
900,20,900,80,89.06
900,20,900,90,88.0
900,20,900,100,86.53
900,20,900,110,84.64
900,20,900,120,82.33
900,20,900,130,79.61
900,20,900,140,79.0
900,20,900,150,79.0
900,20,900,160,79.0
900,20,900,170,79.0
900,20,900,180,79.0
900,20,1000,0,86.65
900,20,1000,10,88.08
900,20,1000,20,89.18
900,20,1000,30,89.99
900,20,1000,40,90.51
900,20,1000,50,90.74
900,20,1000,60,90.69
900,20,1000,70,90.36
900,20,1000,80,89.74
900,20,1000,90,88.83
900,20,1000,100,87.59
900,20,1000,110,85.94
900,20,1000,120,83.9
900,20,1000,130,81.46
900,20,1000,140,79.0
900,20,1000,150,79.0
900,20,1000,160,79.0
900,20,1000,170,79.0
900,20,1000,180,79.0
900,20,1100,0,86.34
900,20,1100,10,87.88
900,20,1100,20,89.1
900,20,1100,30,90.02
900,20,1100,40,90.65
900,20,1100,50,91.0
900,20,1100,60,91.07
900,20,1100,70,90.85
900,20,1100,80,90.34
900,20,1100,90,89.56
900,20,1100,100,88.48
900,20,1100,110,87.04
900,20,1100,120,85.21
900,20,1100,130,83.01
900,20,1100,140,80.42
900,20,1100,150,79.0
900,20,1100,160,79.0
900,20,1100,170,79.0
900,20,1100,180,79.0
900,20,1200,0,85.99
900,20,1200,10,87.64
900,20,1200,20,88.97
900,20,1200,30,90.01
900,20,1200,40,90.75
900,20,1200,50,91.21
900,20,1200,60,91.39
900,20,1200,70,91.28
900,20,1200,80,90.89
900,20,1200,90,90.21
900,20,1200,100,89.24
900,20,1200,110,87.98
900,20,1200,120,86.34
900,20,1200,130,84.34
900,20,1200,140,81.96
900,20,1200,150,79.22
900,20,1200,160,79.0
900,20,1200,170,79.0
900,20,1200,180,79.0
900,20,1300,0,85.62
900,20,1300,10,87.37
900,20,1300,20,88.81
900,20,1300,30,89.95
900,20,1300,40,90.81
900,20,1300,50,91.37
900,20,1300,60,91.66
900,20,1300,70,91.65
900,20,1300,80,91.37
900,20,1300,90,90.8
900,20,1300,100,89.94
900,20,1300,110,88.8
900,20,1300,120,87.33
900,20,1300,130,85.5
900,20,1300,140,83.31
900,20,1300,150,80.76
900,20,1300,160,79.0
900,20,1300,170,79.0
900,20,1300,180,79.0
900,20,1400,0,85.22
900,20,1400,10,87.07
900,20,1400,20,88.62
900,20,1400,30,89.86
900,20,1400,40,90.82
900,20,1400,50,91.49
900,20,1400,60,91.88
900,20,1400,70,91.98
900,20,1400,80,91.79
900,20,1400,90,91.32
900,20,1400,100,90.57
900,20,1400,110,89.53
900,20,1400,120,88.2
900,20,1400,130,86.53
900,20,1400,140,84.51
900,20,1400,150,82.13
900,20,1400,160,79.4
900,20,1400,170,79.0
900,20,1400,180,79.0
900,20,1500,0,84.8
900,20,1500,10,86.75
900,20,1500,20,88.4
900,20,1500,30,89.74
900,20,1500,40,90.8
900,20,1500,50,91.57
900,20,1500,60,92.05
900,20,1500,70,92.25
900,20,1500,80,92.17
900,20,1500,90,91.8
900,20,1500,100,91.14
900,20,1500,110,90.2
900,20,1500,120,88.98
900,20,1500,130,87.45
900,20,1500,140,85.57
900,20,1500,150,83.35
900,20,1500,160,80.78
900,20,1500,170,79.0
900,20,1500,180,79.0
900,20,1600,0,84.37
900,20,1600,10,86.41
900,20,1600,20,88.15
900,20,1600,30,89.59
900,20,1600,40,90.74
900,20,1600,50,91.61
900,20,1600,60,92.19
900,20,1600,70,92.48
900,20,1600,80,92.49
900,20,1600,90,92.22
900,20,1600,100,91.66
900,20,1600,110,90.81
900,20,1600,120,89.69
900,20,1600,130,88.27
900,20,1600,140,86.53
900,20,1600,150,84.44
900,20,1600,160,82.02
900,20,1600,170,79.25
900,20,1600,180,79.0
900,20,1700,0,83.92
900,20,1700,10,86.06
900,20,1700,20,87.89
900,20,1700,30,89.42
900,20,1700,40,90.66
900,20,1700,50,91.62
900,20,1700,60,92.29
900,20,1700,70,92.67
900,20,1700,80,92.78
900,20,1700,90,92.59
900,20,1700,100,92.12
900,20,1700,110,91.37
900,20,1700,120,90.33
900,20,1700,130,89.01
900,20,1700,140,87.39
900,20,1700,150,85.43
900,20,1700,160,83.14
900,20,1700,170,80.5
900,20,1700,180,79.0
900,20,1800,0,83.47
900,20,1800,10,85.69
900,20,1800,20,87.61
900,20,1800,30,89.23
900,20,1800,40,90.56
900,20,1800,50,91.6
900,20,1800,60,92.36
900,20,1800,70,92.83
900,20,1800,80,93.02
900,20,1800,90,92.92
900,20,1800,100,92.54
900,20,1800,110,91.87
900,20,1800,120,90.92
900,20,1800,130,89.69
900,20,1800,140,88.17
900,20,1800,150,86.33
900,20,1800,160,84.15
900,20,1800,170,81.64
900,20,1800,180,79.0
900,20,1900,0,83.01
900,20,1900,10,85.31
900,20,1900,20,87.32
900,20,1900,30,89.02
900,20,1900,40,90.43
900,20,1900,50,91.56
900,20,1900,60,92.4
900,20,1900,70,92.95
900,20,1900,80,93.23
900,20,1900,90,93.21
900,20,1900,100,92.91
900,20,1900,110,92.33
900,20,1900,120,91.46
900,20,1900,130,90.31
900,20,1900,140,88.87
900,20,1900,150,87.14
900,20,1900,160,85.07
900,20,1900,170,82.68
900,20,1900,180,79.96
900,20,2000,0,82.55
900,20,2000,10,84.93
900,20,2000,20,87.02
900,20,2000,30,88.8
900,20,2000,40,90.29
900,20,2000,50,91.49
900,20,2000,60,92.41
900,20,2000,70,93.05
900,20,2000,80,93.4
900,20,2000,90,93.46
900,20,2000,100,93.25
900,20,2000,110,92.74
900,20,2000,120,91.95
900,20,2000,130,90.88
900,20,2000,140,89.52
900,20,2000,150,87.87
900,20,2000,160,85.91
900,20,2000,170,83.63
900,20,2000,180,81.01
900,20,2100,0,82.1
900,20,2100,10,84.55
900,20,2100,20,86.71
900,20,2100,30,88.57
900,20,2100,40,90.13
900,20,2100,50,91.41
900,20,2100,60,92.41
900,20,2100,70,93.12
900,20,2100,80,93.54
900,20,2100,90,93.68
900,20,2100,100,93.54
900,20,2100,110,93.11
900,20,2100,120,92.4
900,20,2100,130,91.4
900,20,2100,140,90.11
900,20,2100,150,88.54
900,20,2100,160,86.68
900,20,2100,170,84.49
900,20,2100,180,81.97
900,20,2200,0,81.65
900,20,2200,10,84.18
900,20,2200,20,86.41
900,20,2200,30,88.33
900,20,2200,40,89.97
900,20,2200,50,91.32
900,20,2200,60,92.39
900,20,2200,70,93.17
900,20,2200,80,93.66
900,20,2200,90,93.87
900,20,2200,100,93.8
900,20,2200,110,93.44
900,20,2200,120,92.8
900,20,2200,130,91.87
900,20,2200,140,90.66
900,20,2200,150,89.16
900,20,2200,160,87.37
900,20,2200,170,85.27
900,20,2200,180,82.85
900,20,2300,0,81.22
900,20,2300,10,83.81
900,20,2300,20,86.1
900,20,2300,30,88.1
900,20,2300,40,89.8
900,20,2300,50,91.22
900,20,2300,60,92.35
900,20,2300,70,93.2
900,20,2300,80,93.76
900,20,2300,90,94.04
900,20,2300,100,94.03
900,20,2300,110,93.74
900,20,2300,120,93.16
900,20,2300,130,92.3
900,20,2300,140,91.15
900,20,2300,150,89.72
900,20,2300,160,88.0
900,20,2300,170,85.99
900,20,2300,180,83.65
900,20,2400,0,80.79
900,20,2400,10,83.45
900,20,2400,20,85.8
900,20,2400,30,87.86
900,20,2400,40,89.63
900,20,2400,50,91.11
900,20,2400,60,92.3
900,20,2400,70,93.21
900,20,2400,80,93.84
900,20,2400,90,94.18
900,20,2400,100,94.23
900,20,2400,110,94.0
900,20,2400,120,93.49
900,20,2400,130,92.69
900,20,2400,140,91.6
900,20,2400,150,90.23
900,20,2400,160,88.58
900,20,2400,170,86.63
900,20,2400,180,84.37
900,20,2500,0,80.39
900,20,2500,10,83.1
900,20,2500,20,85.52
900,20,2500,30,87.63
900,20,2500,40,89.46
900,20,2500,50,90.99
900,20,2500,60,92.25
900,20,2500,70,93.21
900,20,2500,80,93.9
900,20,2500,90,94.3
900,20,2500,100,94.41
900,20,2500,110,94.24
900,20,2500,120,93.78
900,20,2500,130,93.04
900,20,2500,140,92.01
900,20,2500,150,90.7
900,20,2500,160,89.1
900,20,2500,170,87.22
900,20,2500,180,85.03
900,20,2600,0,80.01
900,20,2600,10,82.77
900,20,2600,20,85.24
900,20,2600,30,87.41
900,20,2600,40,89.29
900,20,2600,50,90.88
900,20,2600,60,92.19
900,20,2600,70,93.21
900,20,2600,80,93.94
900,20,2600,90,94.39
900,20,2600,100,94.56
900,20,2600,110,94.44
900,20,2600,120,94.04
900,20,2600,130,93.35
900,20,2600,140,92.38
900,20,2600,150,91.12
900,20,2600,160,89.58
900,20,2600,170,87.75
900,20,2600,180,85.63
900,20,2700,0,79.64
900,20,2700,10,82.46
900,20,2700,20,84.98
900,20,2700,30,87.2
900,20,2700,40,89.12
900,20,2700,50,90.76
900,20,2700,60,92.12
900,20,2700,70,93.19
900,20,2700,80,93.98
900,20,2700,90,94.48
900,20,2700,100,94.69
900,20,2700,110,94.63
900,20,2700,120,94.27
900,20,2700,130,93.63
900,20,2700,140,92.71
900,20,2700,150,91.5
900,20,2700,160,90.01
900,20,2700,170,88.23
900,20,2700,180,86.16
900,20,2800,0,79.31
900,20,2800,10,82.17
900,20,2800,20,84.73
900,20,2800,30,87.0
900,20,2800,40,88.97
900,20,2800,50,90.65
900,20,2800,60,92.06
900,20,2800,70,93.17
900,20,2800,80,94.0
900,20,2800,90,94.55
900,20,2800,100,94.81
900,20,2800,110,94.79
900,20,2800,120,94.48
900,20,2800,130,93.88
900,20,2800,140,93.01
900,20,2800,150,91.84
900,20,2800,160,90.4
900,20,2800,170,88.66
900,20,2800,180,86.64
900,20,2900,0,79.0
900,20,2900,10,81.9
900,20,2900,20,84.5
900,20,2900,30,86.81
900,20,2900,40,88.82
900,20,2900,50,90.55
900,20,2900,60,91.99
900,20,2900,70,93.15
900,20,2900,80,94.02
900,20,2900,90,94.61
900,20,2900,100,94.91
900,20,2900,110,94.93
900,20,2900,120,94.66
900,20,2900,130,94.11
900,20,2900,140,93.27
900,20,2900,150,92.15
900,20,2900,160,90.74
900,20,2900,170,89.05
900,20,2900,180,87.07
900,20,3000,0,79.0
900,20,3000,10,81.66
900,20,3000,20,84.3
900,20,3000,30,86.64
900,20,3000,40,88.69
900,20,3000,50,90.45
900,20,3000,60,91.93
900,20,3000,70,93.12
900,20,3000,80,94.03
900,20,3000,90,94.66
900,20,3000,100,94.99
900,20,3000,110,95.05
900,20,3000,120,94.82
900,20,3000,130,94.3
900,20,3000,140,93.5
900,20,3000,150,92.41
900,20,3000,160,91.04
900,20,3000,170,89.38
900,20,3000,180,87.44
900,20,3100,0,79.0
900,20,3100,10,81.45
900,20,3100,20,84.12
900,20,3100,30,86.49
900,20,3100,40,88.57
900,20,3100,50,90.37
900,20,3100,60,91.88
900,20,3100,70,93.1
900,20,3100,80,94.04
900,20,3100,90,94.7
900,20,3100,100,95.07
900,20,3100,110,95.15
900,20,3100,120,94.95
900,20,3100,130,94.47
900,20,3100,140,93.7
900,20,3100,150,92.64
900,20,3100,160,91.3
900,20,3100,170,89.68
900,20,3100,180,87.77
900,20,3200,0,79.0
900,20,3200,10,81.26
900,20,3200,20,83.96
900,20,3200,30,86.36
900,20,3200,40,88.47
900,20,3200,50,90.29
900,20,3200,60,91.83
900,20,3200,70,93.08
900,20,3200,80,94.05
900,20,3200,90,94.73
900,20,3200,100,95.13
900,20,3200,110,95.24
900,20,3200,120,95.07
900,20,3200,130,94.61
900,20,3200,140,93.87
900,20,3200,150,92.84
900,20,3200,160,91.53
900,20,3200,170,89.93
900,20,3200,180,88.05
900,20,3300,0,79.0
900,20,3300,10,81.11
900,20,3300,20,83.83
900,20,3300,30,86.26
900,20,3300,40,88.39
900,20,3300,50,90.23
900,20,3300,60,91.79
900,20,3300,70,93.07
900,20,3300,80,94.06
900,20,3300,90,94.76
900,20,3300,100,95.18
900,20,3300,110,95.32
900,20,3300,120,95.17
900,20,3300,130,94.73
900,20,3300,140,94.01
900,20,3300,150,93.01
900,20,3300,160,91.72
900,20,3300,170,90.14
900,20,3300,180,88.28
900,20,3400,0,79.0
900,20,3400,10,80.99
900,20,3400,20,83.73
900,20,3400,30,86.17
900,20,3400,40,88.32
900,20,3400,50,90.19
900,20,3400,60,91.76
900,20,3400,70,93.06
900,20,3400,80,94.06
900,20,3400,90,94.79
900,20,3400,100,95.22
900,20,3400,110,95.38
900,20,3400,120,95.25
900,20,3400,130,94.83
900,20,3400,140,94.13
900,20,3400,150,93.14
900,20,3400,160,91.87
900,20,3400,170,90.32
900,20,3400,180,88.47
900,20,3500,0,79.0
900,20,3500,10,80.9
900,20,3500,20,83.65
900,20,3500,30,86.11
900,20,3500,40,88.28
900,20,3500,50,90.15
900,20,3500,60,91.74
900,20,3500,70,93.05
900,20,3500,80,94.07
900,20,3500,90,94.81
900,20,3500,100,95.26
900,20,3500,110,95.43
900,20,3500,120,95.31
900,20,3500,130,94.91
900,20,3500,140,94.22
900,20,3500,150,93.25
900,20,3500,160,91.99
900,20,3500,170,90.45
900,20,3500,180,88.62
900,20,3600,0,79.0
900,20,3600,10,80.85
900,20,3600,20,83.61
900,20,3600,30,86.08
900,20,3600,40,88.25
900,20,3600,50,90.14
900,20,3600,60,91.74
900,20,3600,70,93.05
900,20,3600,80,94.08
900,20,3600,90,94.83
900,20,3600,100,95.29
900,20,3600,110,95.47
900,20,3600,120,95.36
900,20,3600,130,94.96
900,20,3600,140,94.29
900,20,3600,150,93.32
900,20,3600,160,92.07
900,20,3600,170,90.54
900,20,3600,180,88.72
900,20,3700,0,79.0
900,20,3700,10,80.83
900,20,3700,20,83.6
900,20,3700,30,86.07
900,20,3700,40,88.25
900,20,3700,50,90.14
900,20,3700,60,91.74
900,20,3700,70,93.06
900,20,3700,80,94.1
900,20,3700,90,94.85
900,20,3700,100,95.31
900,20,3700,110,95.49
900,20,3700,120,95.39
900,20,3700,130,95.0
900,20,3700,140,94.33
900,20,3700,150,93.37
900,20,3700,160,92.12
900,20,3700,170,90.6
900,20,3700,180,88.78
900,20,3800,0,79.0
900,20,3800,10,80.85
900,20,3800,20,83.61
900,20,3800,30,86.09
900,20,3800,40,88.27
900,20,3800,50,90.15
900,20,3800,60,91.76
900,20,3800,70,93.08
900,20,3800,80,94.12
900,20,3800,90,94.87
900,20,3800,100,95.33
900,20,3800,110,95.51
900,20,3800,120,95.41
900,20,3800,130,95.02
900,20,3800,140,94.34
900,20,3800,150,93.39
900,20,3800,160,92.14
900,20,3800,170,90.61
900,20,3800,180,88.8
900,20,3900,0,79.0
900,20,3900,10,80.9
900,20,3900,20,83.66
900,20,3900,30,86.13
900,20,3900,40,88.3
900,20,3900,50,90.19
900,20,3900,60,91.79
900,20,3900,70,93.1
900,20,3900,80,94.14
900,20,3900,90,94.88
900,20,3900,100,95.34
900,20,3900,110,95.52
900,20,3900,120,95.41
900,20,3900,130,95.02
900,20,3900,140,94.34
900,20,3900,150,93.37
900,20,3900,160,92.13
900,20,3900,170,90.59
900,20,3900,180,88.77
900,20,4000,0,79.0
900,20,4000,10,80.99
900,20,4000,20,83.74
900,20,4000,30,86.2
900,20,4000,40,88.36
900,20,4000,50,90.24
900,20,4000,60,91.83
900,20,4000,70,93.14
900,20,4000,80,94.16
900,20,4000,90,94.89
900,20,4000,100,95.35
900,20,4000,110,95.51
900,20,4000,120,95.4
900,20,4000,130,94.99
900,20,4000,140,94.3
900,20,4000,150,93.33
900,20,4000,160,92.07
900,20,4000,170,90.53
900,20,4000,180,88.71
900,20,4100,0,79.0
900,20,4100,10,81.11
900,20,4100,20,83.85
900,20,4100,30,86.29
900,20,4100,40,88.44
900,20,4100,50,90.3
900,20,4100,60,91.88
900,20,4100,70,93.17
900,20,4100,80,94.18
900,20,4100,90,94.91
900,20,4100,100,95.34
900,20,4100,110,95.5
900,20,4100,120,95.37
900,20,4100,130,94.95
900,20,4100,140,94.25
900,20,4100,150,93.26
900,20,4100,160,91.99
900,20,4100,170,90.43
900,20,4100,180,88.59
900,20,4200,0,79.0
900,20,4200,10,81.26
900,20,4200,20,83.98
900,20,4200,30,86.41
900,20,4200,40,88.54
900,20,4200,50,90.39
900,20,4200,60,91.94
900,20,4200,70,93.22
900,20,4200,80,94.21
900,20,4200,90,94.91
900,20,4200,100,95.33
900,20,4200,110,95.47
900,20,4200,120,95.32
900,20,4200,130,94.88
900,20,4200,140,94.16
900,20,4200,150,93.16
900,20,4200,160,91.87
900,20,4200,170,90.3
900,20,4200,180,88.44
900,20,4300,0,79.0
900,20,4300,10,81.45
900,20,4300,20,84.15
900,20,4300,30,86.55
900,20,4300,40,88.66
900,20,4300,50,90.48
900,20,4300,60,92.02
900,20,4300,70,93.27
900,20,4300,80,94.24
900,20,4300,90,94.92
900,20,4300,100,95.32
900,20,4300,110,95.43
900,20,4300,120,95.26
900,20,4300,130,94.8
900,20,4300,140,94.06
900,20,4300,150,93.03
900,20,4300,160,91.72
900,20,4300,170,90.12
900,20,4300,180,88.24
900,20,4400,0,79.0
900,20,4400,10,81.67
900,20,4400,20,84.34
900,20,4400,30,86.71
900,20,4400,40,88.79
900,20,4400,50,90.59
900,20,4400,60,92.1
900,20,4400,70,93.32
900,20,4400,80,94.26
900,20,4400,90,94.92
900,20,4400,100,95.29
900,20,4400,110,95.37
900,20,4400,120,95.17
900,20,4400,130,94.69
900,20,4400,140,93.92
900,20,4400,150,92.86
900,20,4400,160,91.52
900,20,4400,170,89.9
900,20,4400,180,87.99
900,20,4500,0,79.0
900,20,4500,10,81.91
900,20,4500,20,84.55
900,20,4500,30,86.9
900,20,4500,40,88.95
900,20,4500,50,90.71
900,20,4500,60,92.19
900,20,4500,70,93.38
900,20,4500,80,94.29
900,20,4500,90,94.91
900,20,4500,100,95.25
900,20,4500,110,95.3
900,20,4500,120,95.07
900,20,4500,130,94.55
900,20,4500,140,93.75
900,20,4500,150,92.67
900,20,4500,160,91.3
900,20,4500,170,89.64
900,20,4500,180,87.7
900,20,4600,0,79.29
900,20,4600,10,82.19
900,20,4600,20,84.79
900,20,4600,30,87.1
900,20,4600,40,89.11
900,20,4600,50,90.84
900,20,4600,60,92.28
900,20,4600,70,93.44
900,20,4600,80,94.31
900,20,4600,90,94.9
900,20,4600,100,95.2
900,20,4600,110,95.21
900,20,4600,120,94.95
900,20,4600,130,94.39
900,20,4600,140,93.56
900,20,4600,150,92.43
900,20,4600,160,91.03
900,20,4600,170,89.33
900,20,4600,180,87.36
900,20,4700,0,79.63
900,20,4700,10,82.49
900,20,4700,20,85.05
900,20,4700,30,87.32
900,20,4700,40,89.29
900,20,4700,50,90.98
900,20,4700,60,92.38
900,20,4700,70,93.49
900,20,4700,80,94.33
900,20,4700,90,94.87
900,20,4700,100,95.13
900,20,4700,110,95.11
900,20,4700,120,94.8
900,20,4700,130,94.21
900,20,4700,140,93.33
900,20,4700,150,92.17
900,20,4700,160,90.72
900,20,4700,170,88.99
900,20,4700,180,86.97
900,20,4800,0,80.0
900,20,4800,10,82.81
900,20,4800,20,85.33
900,20,4800,30,87.55
900,20,4800,40,89.48
900,20,4800,50,91.12
900,20,4800,60,92.48
900,20,4800,70,93.55
900,20,4800,80,94.33
900,20,4800,90,94.84
900,20,4800,100,95.05
900,20,4800,110,94.98
900,20,4800,120,94.63
900,20,4800,130,93.99
900,20,4800,140,93.07
900,20,4800,150,91.86
900,20,4800,160,90.37
900,20,4800,170,88.59
900,20,4800,180,86.52
900,20,4900,0,80.4
900,20,4900,10,83.16
900,20,4900,20,85.63
900,20,4900,30,87.8
900,20,4900,40,89.68
900,20,4900,50,91.27
900,20,4900,60,92.58
900,20,4900,70,93.6
900,20,4900,80,94.33
900,20,4900,90,94.79
900,20,4900,100,94.95
900,20,4900,110,94.83
900,20,4900,120,94.43
900,20,4900,130,93.74
900,20,4900,140,92.77
900,20,4900,150,91.51
900,20,4900,160,89.97
900,20,4900,170,88.14
900,20,4900,180,86.02
900,20,5000,0,80.81
900,20,5000,10,83.53
900,20,5000,20,85.94
900,20,5000,30,88.06
900,20,5000,40,89.88
900,20,5000,50,91.42
900,20,5000,60,92.67
900,20,5000,70,93.64
900,20,5000,80,94.32
900,20,5000,90,94.72
900,20,5000,100,94.83
900,20,5000,110,94.66
900,20,5000,120,94.2
900,20,5000,130,93.46
900,20,5000,140,92.44
900,20,5000,150,91.13
900,20,5000,160,89.53
900,20,5000,170,87.65
900,20,5000,180,85.46
900,20,5100,0,81.25
900,20,5100,10,83.91
900,20,5100,20,86.26
900,20,5100,30,88.32
900,20,5100,40,90.09
900,20,5100,50,91.57
900,20,5100,60,92.76
900,20,5100,70,93.67
900,20,5100,80,94.3
900,20,5100,90,94.64
900,20,5100,100,94.69
900,20,5100,110,94.46
900,20,5100,120,93.95
900,20,5100,130,93.15
900,20,5100,140,92.06
900,20,5100,150,90.69
900,20,5100,160,89.04
900,20,5100,170,87.09
900,20,5100,180,84.83
900,20,5200,0,81.71
900,20,5200,10,84.3
900,20,5200,20,86.59
900,20,5200,30,88.59
900,20,5200,40,90.29
900,20,5200,50,91.71
900,20,5200,60,92.84
900,20,5200,70,93.69
900,20,5200,80,94.25
900,20,5200,90,94.53
900,20,5200,100,94.52
900,20,5200,110,94.23
900,20,5200,120,93.65
900,20,5200,130,92.79
900,20,5200,140,91.65
900,20,5200,150,90.21
900,20,5200,160,88.5
900,20,5200,170,86.48
900,20,5200,180,84.14
900,20,5300,0,82.18
900,20,5300,10,84.7
900,20,5300,20,86.93
900,20,5300,30,88.86
900,20,5300,40,90.5
900,20,5300,50,91.85
900,20,5300,60,92.91
900,20,5300,70,93.69
900,20,5300,80,94.19
900,20,5300,90,94.4
900,20,5300,100,94.33
900,20,5300,110,93.97
900,20,5300,120,93.33
900,20,5300,130,92.4
900,20,5300,140,91.18
900,20,5300,150,89.69
900,20,5300,160,87.9
900,20,5300,170,85.8
900,20,5300,180,83.37
900,20,5400,0,82.66
900,20,5400,10,85.11
900,20,5400,20,87.27
900,20,5400,30,89.13
900,20,5400,40,90.7
900,20,5400,50,91.97
900,20,5400,60,92.97
900,20,5400,70,93.68
900,20,5400,80,94.11
900,20,5400,90,94.25
900,20,5400,100,94.1
900,20,5400,110,93.67
900,20,5400,120,92.96
900,20,5400,130,91.96
900,20,5400,140,90.67
900,20,5400,150,89.11
900,20,5400,160,87.24
900,20,5400,170,85.05
900,20,5400,180,82.53
900,20,5500,0,83.15
900,20,5500,10,85.53
900,20,5500,20,87.61
900,20,5500,30,89.39
900,20,5500,40,90.88
900,20,5500,50,92.09
900,20,5500,60,93.01
900,20,5500,70,93.64
900,20,5500,80,93.99
900,20,5500,90,94.06
900,20,5500,100,93.84
900,20,5500,110,93.34
900,20,5500,120,92.55
900,20,5500,130,91.47
900,20,5500,140,90.11
900,20,5500,150,88.47
900,20,5500,160,86.51
900,20,5500,170,84.22
900,20,5500,180,81.61
900,20,5600,0,83.64
900,20,5600,10,85.94
900,20,5600,20,87.95
900,20,5600,30,89.65
900,20,5600,40,91.06
900,20,5600,50,92.19
900,20,5600,60,93.03
900,20,5600,70,93.58
900,20,5600,80,93.85
900,20,5600,90,93.84
900,20,5600,100,93.54
900,20,5600,110,92.96
900,20,5600,120,92.09
900,20,5600,130,90.94
900,20,5600,140,89.5
900,20,5600,150,87.77
900,20,5600,160,85.7
900,20,5600,170,83.31
900,20,5600,180,80.59
900,20,5700,0,84.13
900,20,5700,10,86.35
900,20,5700,20,88.27
900,20,5700,30,89.89
900,20,5700,40,91.22
900,20,5700,50,92.26
900,20,5700,60,93.02
900,20,5700,70,93.49
900,20,5700,80,93.68
900,20,5700,90,93.58
900,20,5700,100,93.2
900,20,5700,110,92.54
900,20,5700,120,91.59
900,20,5700,130,90.35
900,20,5700,140,88.83
900,20,5700,150,86.99
900,20,5700,160,84.81
900,20,5700,170,82.31
900,20,5700,180,79.47
900,20,5800,0,84.62
900,20,5800,10,86.75
900,20,5800,20,88.59
900,20,5800,30,90.12
900,20,5800,40,91.36
900,20,5800,50,92.31
900,20,5800,60,92.98
900,20,5800,70,93.37
900,20,5800,80,93.47
900,20,5800,90,93.29
900,20,5800,100,92.82
900,20,5800,110,92.07
900,20,5800,120,91.03
900,20,5800,130,89.71
900,20,5800,140,88.08
900,20,5800,150,86.13
900,20,5800,160,83.83
900,20,5800,170,81.2
900,20,5800,180,79.0
900,20,5900,0,85.1
900,20,5900,10,87.14
900,20,5900,20,88.89
900,20,5900,30,90.32
900,20,5900,40,91.47
900,20,5900,50,92.34
900,20,5900,60,92.92
900,20,5900,70,93.21
900,20,5900,80,93.22
900,20,5900,90,92.95
900,20,5900,100,92.39
900,20,5900,110,91.55
900,20,5900,120,90.42
900,20,5900,130,89.0
900,20,5900,140,87.26
900,20,5900,150,85.17
900,20,5900,160,82.75
900,20,5900,170,79.98
900,20,5900,180,79.0
900,20,6000,0,85.56
900,20,6000,10,87.52
900,20,6000,20,89.16
900,20,6000,30,90.51
900,20,6000,40,91.56
900,20,6000,50,92.33
900,20,6000,60,92.82
900,20,6000,70,93.02
900,20,6000,80,92.93
900,20,6000,90,92.56
900,20,6000,100,91.91
900,20,6000,110,90.97
900,20,6000,120,89.74
900,20,6000,130,88.21
900,20,6000,140,86.34
900,20,6000,150,84.11
900,20,6000,160,81.54
900,20,6000,170,79.0
900,20,6000,180,79.0
900,20,6100,0,86.02
900,20,6100,10,87.87
900,20,6100,20,89.42
900,20,6100,30,90.66
900,20,6100,40,91.62
900,20,6100,50,92.29
900,20,6100,60,92.67
900,20,6100,70,92.78
900,20,6100,80,92.59
900,20,6100,90,92.12
900,20,6100,100,91.37
900,20,6100,110,90.33
900,20,6100,120,89.0
900,20,6100,130,87.33
900,20,6100,140,85.31
900,20,6100,150,82.93
900,20,6100,160,80.2
900,20,6100,170,79.0
900,20,6100,180,79.0
900,20,6200,0,86.45
900,20,6200,10,88.2
900,20,6200,20,89.65
900,20,6200,30,90.79
900,20,6200,40,91.64
900,20,6200,50,92.21
900,20,6200,60,92.49
900,20,6200,70,92.49
900,20,6200,80,92.2
900,20,6200,90,91.63
900,20,6200,100,90.77
900,20,6200,110,89.63
900,20,6200,120,88.16
900,20,6200,130,86.34
900,20,6200,140,84.15
900,20,6200,150,81.6
900,20,6200,160,79.0
900,20,6200,170,79.0
900,20,6200,180,79.0
900,20,6300,0,86.86
900,20,6300,10,88.51
900,20,6300,20,89.84
900,20,6300,30,90.87
900,20,6300,40,91.62
900,20,6300,50,92.08
900,20,6300,60,92.26
900,20,6300,70,92.15
900,20,6300,80,91.75
900,20,6300,90,91.07
900,20,6300,100,90.11
900,20,6300,110,88.84
900,20,6300,120,87.21
900,20,6300,130,85.21
900,20,6300,140,82.83
900,20,6300,150,80.08
900,20,6300,160,79.0
900,20,6300,170,79.0
900,20,6300,180,79.0
900,20,6400,0,87.24
900,20,6400,10,88.78
900,20,6400,20,90.0
900,20,6400,30,90.92
900,20,6400,40,91.55
900,20,6400,50,91.9
900,20,6400,60,91.97
900,20,6400,70,91.75
900,20,6400,80,91.25
900,20,6400,90,90.46
900,20,6400,100,89.38
900,20,6400,110,87.94
900,20,6400,120,86.11
900,20,6400,130,83.91
900,20,6400,140,81.32
900,20,6400,150,79.0
900,20,6400,160,79.0
900,20,6400,170,79.0
900,20,6400,180,79.0
900,20,6500,0,87.58
900,20,6500,10,89.01
900,20,6500,20,90.12
900,20,6500,30,90.92
900,20,6500,40,91.44
900,20,6500,50,91.68
900,20,6500,60,91.63
900,20,6500,70,91.29
900,20,6500,80,90.67
900,20,6500,90,89.77
900,20,6500,100,88.52
900,20,6500,110,86.88
900,20,6500,120,84.83
900,20,6500,130,82.39
900,20,6500,140,79.55
900,20,6500,150,79.0
900,20,6500,160,79.0
900,20,6500,170,79.0
900,20,6500,180,79.0
900,20,6600,0,87.89
900,20,6600,10,89.2
900,20,6600,20,90.19
900,20,6600,30,90.87
900,20,6600,40,91.27
900,20,6600,50,91.39
900,20,6600,60,91.22
900,20,6600,70,90.77
900,20,6600,80,90.03
900,20,6600,90,88.97
900,20,6600,100,87.5
900,20,6600,110,85.61
900,20,6600,120,83.3
900,20,6600,130,80.58
900,20,6600,140,79.0
900,20,6600,150,79.0
900,20,6600,160,79.0
900,20,6600,170,79.0
900,20,6600,180,79.0
900,20,6700,0,88.16
900,20,6700,10,89.35
900,20,6700,20,90.21
900,20,6700,30,90.77
900,20,6700,40,91.05
900,20,6700,50,91.04
900,20,6700,60,90.75
900,20,6700,70,90.17
900,20,6700,80,89.29
900,20,6700,90,87.99
900,20,6700,100,86.25
900,20,6700,110,84.06
900,20,6700,120,81.42
900,20,6700,130,79.0
900,20,6700,140,79.0
900,20,6700,150,79.0
900,20,6700,160,79.0
900,20,6700,170,79.0
900,20,6700,180,79.0
900,20,6800,0,88.38
900,20,6800,10,89.45
900,20,6800,20,90.17
900,20,6800,30,90.61
900,20,6800,40,90.76
900,20,6800,50,90.62
900,20,6800,60,90.2
900,20,6800,70,89.49
900,20,6800,80,88.36
900,20,6800,90,86.75
900,20,6800,100,84.65
900,20,6800,110,82.07
900,20,6800,120,79.0
900,20,6800,130,79.0
900,20,6800,140,79.0
900,20,6800,150,79.0
900,20,6800,160,79.0
900,20,6800,170,79.0
900,20,6800,180,79.0
900,20,6900,0,88.55
900,20,6900,10,89.49
900,20,6900,20,90.08
900,20,6900,30,90.38
900,20,6900,40,90.39
900,20,6900,50,90.13
900,20,6900,60,89.57
900,20,6900,70,88.61
900,20,6900,80,87.11
900,20,6900,90,85.06
900,20,6900,100,82.48
900,20,6900,110,79.36
900,20,6900,120,79.0
900,20,6900,130,79.0
900,20,6900,140,79.0
900,20,6900,150,79.0
900,20,6900,160,79.0
900,20,6900,170,79.0
900,20,6900,180,79.0
900,20,7000,0,88.66
900,20,7000,10,89.47
900,20,7000,20,89.91
900,20,7000,30,90.08
900,20,7000,40,89.95
900,20,7000,50,89.55
900,20,7000,60,88.74
900,20,7000,70,87.32
900,20,7000,80,85.27
900,20,7000,90,82.59
900,20,7000,100,79.28
900,20,7000,110,79.0
900,20,7000,120,79.0
900,20,7000,130,79.0
900,20,7000,140,79.0
900,20,7000,150,79.0
900,20,7000,160,79.0
900,20,7000,170,79.0
900,20,7000,180,79.0
900,20,7100,0,88.72
900,20,7100,10,89.37
900,20,7100,20,89.67
900,20,7100,30,89.69
900,20,7100,40,89.43
900,20,7100,50,88.76
900,20,7100,60,87.35
900,20,7100,70,85.17
900,20,7100,80,82.2
900,20,7100,90,79.0
900,20,7100,100,79.0
900,20,7100,110,79.0
900,20,7100,120,79.0
900,20,7100,130,79.0
900,20,7100,140,79.0
900,20,7100,150,79.0
900,20,7100,160,79.0
900,20,7100,170,79.0
900,20,7100,180,79.0
900,20,7200,0,88.7
900,20,7200,10,89.2
900,20,7200,20,89.35
900,20,7200,30,89.22
900,20,7200,40,88.67
900,20,7200,50,87.12
900,20,7200,60,84.51
900,20,7200,70,80.82
900,20,7200,80,79.0
900,20,7200,90,79.0
900,20,7200,100,79.0
900,20,7200,110,79.0
900,20,7200,120,79.0
900,20,7200,130,79.0
900,20,7200,140,79.0
900,20,7200,150,79.0
900,20,7200,160,79.0
900,20,7200,170,79.0
900,20,7200,180,79.0
900,20,7300,0,88.6
900,20,7300,10,88.94
900,20,7300,20,88.93
900,20,7300,30,88.41
900,20,7300,40,86.25
900,20,7300,50,82.27
900,20,7300,60,79.0
900,20,7300,70,79.0
900,20,7300,80,79.0
900,20,7300,90,79.0
900,20,7300,100,79.0
900,20,7300,110,79.0
900,20,7300,120,79.0
900,20,7300,130,79.0
900,20,7300,140,79.0
900,20,7300,150,79.0
900,20,7300,160,79.0
900,20,7300,170,79.0
900,20,7300,180,79.0
900,20,7400,0,88.42
900,20,7400,10,88.58
900,20,7400,20,87.52
900,20,7400,30,81.8
900,20,7400,40,79.0
900,20,7400,50,79.0
900,20,7400,60,79.0
900,20,7400,70,79.0
900,20,7400,80,79.0
900,20,7400,90,79.0
900,20,7400,100,79.0
900,20,7400,110,79.0
900,20,7400,120,79.0
900,20,7400,130,79.0
900,20,7400,140,79.0
900,20,7400,150,79.0
900,20,7400,160,79.0
900,20,7400,170,79.0
900,20,7400,180,79.0
900,20,7500,0,88.11
900,20,7500,10,79.0
900,20,7500,20,79.0
900,20,7500,30,79.0
900,20,7500,40,79.0
900,20,7500,50,79.0
900,20,7500,60,79.0
900,20,7500,70,79.0
900,20,7500,80,79.0
900,20,7500,90,79.0
900,20,7500,100,79.0
900,20,7500,110,79.0
900,20,7500,120,79.0
900,20,7500,130,79.0
900,20,7500,140,79.0
900,20,7500,150,79.0
900,20,7500,160,79.0
900,20,7500,170,79.0
900,20,7500,180,79.0
900,80,0,0,86.8
900,80,0,10,79.0
900,80,0,20,79.0
900,80,0,30,79.0
900,80,0,40,79.0
900,80,0,50,79.0
900,80,0,60,79.0
900,80,0,70,79.0
900,80,0,80,79.0
900,80,0,90,79.0
900,80,0,100,79.0
900,80,0,110,79.0
900,80,0,120,79.0
900,80,0,130,79.0
900,80,0,140,79.0
900,80,0,150,79.0
900,80,0,160,79.0
900,80,0,170,79.0
900,80,0,180,79.0
900,80,100,0,87.14
900,80,100,10,87.29
900,80,100,20,86.0
900,80,100,30,79.64
900,80,100,40,79.0
900,80,100,50,79.0
900,80,100,60,79.0
900,80,100,70,79.0
900,80,100,80,79.0
900,80,100,90,79.0
900,80,100,100,79.0
900,80,100,110,79.0
900,80,100,120,79.0
900,80,100,130,79.0
900,80,100,140,79.0
900,80,100,150,79.0
900,80,100,160,79.0
900,80,100,170,79.0
900,80,100,180,79.0
900,80,200,0,87.36
900,80,200,10,87.69
900,80,200,20,87.66
900,80,200,30,87.03
900,80,200,40,84.59
900,80,200,50,80.23
900,80,200,60,79.0
900,80,200,70,79.0
900,80,200,80,79.0
900,80,200,90,79.0
900,80,200,100,79.0
900,80,200,110,79.0
900,80,200,120,79.0
900,80,200,130,79.0
900,80,200,140,79.0
900,80,200,150,79.0
900,80,200,160,79.0
900,80,200,170,79.0
900,80,200,180,79.0
900,80,300,0,87.5
900,80,300,10,87.98
900,80,300,20,88.11
900,80,300,30,87.96
900,80,300,40,87.31
900,80,300,50,85.59
900,80,300,60,82.73
900,80,300,70,79.0
900,80,300,80,79.0
900,80,300,90,79.0
900,80,300,100,79.0
900,80,300,110,79.0
900,80,300,120,79.0
900,80,300,130,79.0
900,80,300,140,79.0
900,80,300,150,79.0
900,80,300,160,79.0
900,80,300,170,79.0
900,80,300,180,79.0
900,80,400,0,87.56
900,80,400,10,88.19
900,80,400,20,88.47
900,80,400,30,88.46
900,80,400,40,88.17
900,80,400,50,87.42
900,80,400,60,85.86
900,80,400,70,83.49
900,80,400,80,80.3
900,80,400,90,79.0
900,80,400,100,79.0
900,80,400,110,79.0
900,80,400,120,79.0
900,80,400,130,79.0
900,80,400,140,79.0
900,80,400,150,79.0
900,80,400,160,79.0
900,80,400,170,79.0
900,80,400,180,79.0
900,80,500,0,87.56
900,80,500,10,88.33
900,80,500,20,88.75
900,80,500,30,88.88
900,80,500,40,88.73
900,80,500,50,88.29
900,80,500,60,87.39
900,80,500,70,85.83
900,80,500,80,83.63
900,80,500,90,80.77
900,80,500,100,79.0
900,80,500,110,79.0
900,80,500,120,79.0
900,80,500,130,79.0
900,80,500,140,79.0
900,80,500,150,79.0
900,80,500,160,79.0
900,80,500,170,79.0
900,80,500,180,79.0
900,80,600,0,87.5
900,80,600,10,88.41
900,80,600,20,88.96
900,80,600,30,89.22
900,80,600,40,89.2
900,80,600,50,88.9
900,80,600,60,88.31
900,80,600,70,87.24
900,80,600,80,85.62
900,80,600,90,83.43
900,80,600,100,80.69
900,80,600,110,79.0
900,80,600,120,79.0
900,80,600,130,79.0
900,80,600,140,79.0
900,80,600,150,79.0
900,80,600,160,79.0
900,80,600,170,79.0
900,80,600,180,79.0
900,80,700,0,87.39
900,80,700,10,88.42
900,80,700,20,89.1
900,80,700,30,89.5
900,80,700,40,89.6
900,80,700,50,89.43
900,80,700,60,88.97
900,80,700,70,88.2
900,80,700,80,86.97
900,80,700,90,85.24
900,80,700,100,83.01
900,80,700,110,80.28
900,80,700,120,79.0
900,80,700,130,79.0
900,80,700,140,79.0
900,80,700,150,79.0
900,80,700,160,79.0
900,80,700,170,79.0
900,80,700,180,79.0
900,80,800,0,87.23
900,80,800,10,88.38
900,80,800,20,89.19
900,80,800,30,89.71
900,80,800,40,89.94
900,80,800,50,89.89
900,80,800,60,89.55
900,80,800,70,88.93
900,80,800,80,87.98
900,80,800,90,86.58
900,80,800,100,84.72
900,80,800,110,82.4
900,80,800,120,79.63
900,80,800,130,79.0
900,80,800,140,79.0
900,80,800,150,79.0
900,80,800,160,79.0
900,80,800,170,79.0
900,80,800,180,79.0
900,80,900,0,87.02
900,80,900,10,88.29
900,80,900,20,89.22
900,80,900,30,89.86
900,80,900,40,90.21
900,80,900,50,90.28
900,80,900,60,90.06
900,80,900,70,89.56
900,80,900,80,88.77
900,80,900,90,87.62
900,80,900,100,86.05
900,80,900,110,84.05
900,80,900,120,81.62
900,80,900,130,79.0
900,80,900,140,79.0
900,80,900,150,79.0
900,80,900,160,79.0
900,80,900,170,79.0
900,80,900,180,79.0
900,80,1000,0,86.78
900,80,1000,10,88.16
900,80,1000,20,89.21
900,80,1000,30,89.96
900,80,1000,40,90.42
900,80,1000,50,90.61
900,80,1000,60,90.5
900,80,1000,70,90.12
900,80,1000,80,89.44
900,80,1000,90,88.48
900,80,1000,100,87.14
900,80,1000,110,85.39
900,80,1000,120,83.23
900,80,1000,130,80.67
900,80,1000,140,79.0
900,80,1000,150,79.0
900,80,1000,160,79.0
900,80,1000,170,79.0
900,80,1000,180,79.0
900,80,1100,0,86.5
900,80,1100,10,87.98
900,80,1100,20,89.15
900,80,1100,30,90.01
900,80,1100,40,90.59
900,80,1100,50,90.88
900,80,1100,60,90.89
900,80,1100,70,90.61
900,80,1100,80,90.05
900,80,1100,90,89.2
900,80,1100,100,88.05
900,80,1100,110,86.51
900,80,1100,120,84.58
900,80,1100,130,82.26
900,80,1100,140,79.55
900,80,1100,150,79.0
900,80,1100,160,79.0
900,80,1100,170,79.0
900,80,1100,180,79.0
900,80,1200,0,86.19
900,80,1200,10,87.78
900,80,1200,20,89.05
900,80,1200,30,90.02
900,80,1200,40,90.7
900,80,1200,50,91.1
900,80,1200,60,91.22
900,80,1200,70,91.05
900,80,1200,80,90.6
900,80,1200,90,89.86
900,80,1200,100,88.83
900,80,1200,110,87.47
900,80,1200,120,85.74
900,80,1200,130,83.63
900,80,1200,140,81.14
900,80,1200,150,79.0
900,80,1200,160,79.0
900,80,1200,170,79.0
900,80,1200,180,79.0
900,80,1300,0,85.85
900,80,1300,10,87.54
900,80,1300,20,88.92
900,80,1300,30,89.99
900,80,1300,40,90.78
900,80,1300,50,91.28
900,80,1300,60,91.5
900,80,1300,70,91.43
900,80,1300,80,91.08
900,80,1300,90,90.45
900,80,1300,100,89.52
900,80,1300,110,88.31
900,80,1300,120,86.75
900,80,1300,130,84.81
900,80,1300,140,82.51
900,80,1300,150,79.85
900,80,1300,160,79.0
900,80,1300,170,79.0
900,80,1300,180,79.0
900,80,1400,0,85.49
900,80,1400,10,87.27
900,80,1400,20,88.75
900,80,1400,30,89.93
900,80,1400,40,90.81
900,80,1400,50,91.42
900,80,1400,60,91.73
900,80,1400,70,91.77
900,80,1400,80,91.51
900,80,1400,90,90.98
900,80,1400,100,90.16
900,80,1400,110,89.05
900,80,1400,120,87.63
900,80,1400,130,85.86
900,80,1400,140,83.73
900,80,1400,150,81.23
900,80,1400,160,79.0
900,80,1400,170,79.0
900,80,1400,180,79.0
900,80,1500,0,85.1
900,80,1500,10,86.99
900,80,1500,20,88.56
900,80,1500,30,89.83
900,80,1500,40,90.81
900,80,1500,50,91.51
900,80,1500,60,91.93
900,80,1500,70,92.05
900,80,1500,80,91.9
900,80,1500,90,91.46
900,80,1500,100,90.73
900,80,1500,110,89.72
900,80,1500,120,88.42
900,80,1500,130,86.79
900,80,1500,140,84.8
900,80,1500,150,82.47
900,80,1500,160,79.78
900,80,1500,170,79.0
900,80,1500,180,79.0
900,80,1600,0,84.71
900,80,1600,10,86.68
900,80,1600,20,88.35
900,80,1600,30,89.71
900,80,1600,40,90.78
900,80,1600,50,91.57
900,80,1600,60,92.08
900,80,1600,70,92.3
900,80,1600,80,92.23
900,80,1600,90,91.88
900,80,1600,100,91.25
900,80,1600,110,90.33
900,80,1600,120,89.13
900,80,1600,130,87.62
900,80,1600,140,85.77
900,80,1600,150,83.58
900,80,1600,160,81.04
900,80,1600,170,79.0
900,80,1600,180,79.0
900,80,1700,0,84.3
900,80,1700,10,86.36
900,80,1700,20,88.11
900,80,1700,30,89.56
900,80,1700,40,90.73
900,80,1700,50,91.6
900,80,1700,60,92.2
900,80,1700,70,92.5
900,80,1700,80,92.53
900,80,1700,90,92.27
900,80,1700,100,91.72
900,80,1700,110,90.89
900,80,1700,120,89.77
900,80,1700,130,88.37
900,80,1700,140,86.64
900,80,1700,150,84.58
900,80,1700,160,82.17
900,80,1700,170,79.42
900,80,1700,180,79.0
900,80,1800,0,83.88
900,80,1800,10,86.02
900,80,1800,20,87.86
900,80,1800,30,89.4
900,80,1800,40,90.64
900,80,1800,50,91.61
900,80,1800,60,92.28
900,80,1800,70,92.68
900,80,1800,80,92.78
900,80,1800,90,92.6
900,80,1800,100,92.14
900,80,1800,110,91.39
900,80,1800,120,90.36
900,80,1800,130,89.04
900,80,1800,140,87.43
900,80,1800,150,85.48
900,80,1800,160,83.19
900,80,1800,170,80.57
900,80,1800,180,79.0
900,80,1900,0,83.46
900,80,1900,10,85.68
900,80,1900,20,87.6
900,80,1900,30,89.22
900,80,1900,40,90.54
900,80,1900,50,91.59
900,80,1900,60,92.34
900,80,1900,70,92.81
900,80,1900,80,93.0
900,80,1900,90,92.9
900,80,1900,100,92.52
900,80,1900,110,91.85
900,80,1900,120,90.9
900,80,1900,130,89.66
900,80,1900,140,88.14
900,80,1900,150,86.3
900,80,1900,160,84.12
900,80,1900,170,81.62
900,80,1900,180,79.0
900,80,2000,0,83.04
900,80,2000,10,85.33
900,80,2000,20,87.33
900,80,2000,30,89.02
900,80,2000,40,90.43
900,80,2000,50,91.54
900,80,2000,60,92.38
900,80,2000,70,92.93
900,80,2000,80,93.19
900,80,2000,90,93.17
900,80,2000,100,92.86
900,80,2000,110,92.27
900,80,2000,120,91.39
900,80,2000,130,90.23
900,80,2000,140,88.79
900,80,2000,150,87.04
900,80,2000,160,84.97
900,80,2000,170,82.57
900,80,2000,180,79.83
900,80,2100,0,82.62
900,80,2100,10,84.99
900,80,2100,20,87.05
900,80,2100,30,88.82
900,80,2100,40,90.3
900,80,2100,50,91.49
900,80,2100,60,92.39
900,80,2100,70,93.01
900,80,2100,80,93.35
900,80,2100,90,93.4
900,80,2100,100,93.16
900,80,2100,110,92.65
900,80,2100,120,91.84
900,80,2100,130,90.75
900,80,2100,140,89.38
900,80,2100,150,87.72
900,80,2100,160,85.74
900,80,2100,170,83.43
900,80,2100,180,80.8
900,80,2200,0,82.2
900,80,2200,10,84.64
900,80,2200,20,86.78
900,80,2200,30,88.61
900,80,2200,40,90.16
900,80,2200,50,91.41
900,80,2200,60,92.39
900,80,2200,70,93.08
900,80,2200,80,93.48
900,80,2200,90,93.6
900,80,2200,100,93.43
900,80,2200,110,92.98
900,80,2200,120,92.25
900,80,2200,130,91.23
900,80,2200,140,89.92
900,80,2200,150,88.33
900,80,2200,160,86.44
900,80,2200,170,84.22
900,80,2200,180,81.68
900,80,2300,0,81.8
900,80,2300,10,84.3
900,80,2300,20,86.5
900,80,2300,30,88.4
900,80,2300,40,90.01
900,80,2300,50,91.33
900,80,2300,60,92.37
900,80,2300,70,93.12
900,80,2300,80,93.59
900,80,2300,90,93.77
900,80,2300,100,93.67
900,80,2300,110,93.28
900,80,2300,120,92.61
900,80,2300,130,91.66
900,80,2300,140,90.42
900,80,2300,150,88.89
900,80,2300,160,87.07
900,80,2300,170,84.94
900,80,2300,180,82.48
900,80,2400,0,81.41
900,80,2400,10,83.97
900,80,2400,20,86.23
900,80,2400,30,88.19
900,80,2400,40,89.86
900,80,2400,50,91.24
900,80,2400,60,92.34
900,80,2400,70,93.15
900,80,2400,80,93.68
900,80,2400,90,93.92
900,80,2400,100,93.88
900,80,2400,110,93.55
900,80,2400,120,92.94
900,80,2400,130,92.05
900,80,2400,140,90.87
900,80,2400,150,89.4
900,80,2400,160,87.65
900,80,2400,170,85.59
900,80,2400,180,83.2
900,80,2500,0,81.03
900,80,2500,10,83.65
900,80,2500,20,85.96
900,80,2500,30,87.98
900,80,2500,40,89.7
900,80,2500,50,91.14
900,80,2500,60,92.3
900,80,2500,70,93.17
900,80,2500,80,93.75
900,80,2500,90,94.05
900,80,2500,100,94.06
900,80,2500,110,93.79
900,80,2500,120,93.24
900,80,2500,130,92.4
900,80,2500,140,91.27
900,80,2500,150,89.86
900,80,2500,160,88.17
900,80,2500,170,86.18
900,80,2500,180,83.86
900,80,2600,0,80.67
900,80,2600,10,83.34
900,80,2600,20,85.71
900,80,2600,30,87.78
900,80,2600,40,89.55
900,80,2600,50,91.04
900,80,2600,60,92.25
900,80,2600,70,93.17
900,80,2600,80,93.81
900,80,2600,90,94.16
900,80,2600,100,94.22
900,80,2600,110,94.01
900,80,2600,120,93.5
900,80,2600,130,92.71
900,80,2600,140,91.64
900,80,2600,150,90.28
900,80,2600,160,88.64
900,80,2600,170,86.71
900,80,2600,180,84.46
900,80,2700,0,80.34
900,80,2700,10,83.05
900,80,2700,20,85.46
900,80,2700,30,87.58
900,80,2700,40,89.41
900,80,2700,50,90.94
900,80,2700,60,92.2
900,80,2700,70,93.17
900,80,2700,80,93.85
900,80,2700,90,94.25
900,80,2700,100,94.36
900,80,2700,110,94.19
900,80,2700,120,93.74
900,80,2700,130,93.0
900,80,2700,140,91.97
900,80,2700,150,90.66
900,80,2700,160,89.06
900,80,2700,170,87.18
900,80,2700,180,84.99
900,80,2800,0,80.02
900,80,2800,10,82.78
900,80,2800,20,85.23
900,80,2800,30,87.4
900,80,2800,40,89.27
900,80,2800,50,90.85
900,80,2800,60,92.14
900,80,2800,70,93.16
900,80,2800,80,93.88
900,80,2800,90,94.33
900,80,2800,100,94.48
900,80,2800,110,94.36
900,80,2800,120,93.94
900,80,2800,130,93.25
900,80,2800,140,92.26
900,80,2800,150,91.0
900,80,2800,160,89.45
900,80,2800,170,87.61
900,80,2800,180,85.47
900,80,2900,0,79.73
900,80,2900,10,82.53
900,80,2900,20,85.02
900,80,2900,30,87.23
900,80,2900,40,89.13
900,80,2900,50,90.75
900,80,2900,60,92.09
900,80,2900,70,93.14
900,80,2900,80,93.91
900,80,2900,90,94.39
900,80,2900,100,94.59
900,80,2900,110,94.5
900,80,2900,120,94.12
900,80,2900,130,93.47
900,80,2900,140,92.52
900,80,2900,150,91.3
900,80,2900,160,89.78
900,80,2900,170,87.99
900,80,2900,180,85.89
900,80,3000,0,79.47
900,80,3000,10,82.3
900,80,3000,20,84.83
900,80,3000,30,87.07
900,80,3000,40,89.01
900,80,3000,50,90.67
900,80,3000,60,92.04
900,80,3000,70,93.12
900,80,3000,80,93.93
900,80,3000,90,94.44
900,80,3000,100,94.67
900,80,3000,110,94.62
900,80,3000,120,94.28
900,80,3000,130,93.66
900,80,3000,140,92.75
900,80,3000,150,91.56
900,80,3000,160,90.08
900,80,3000,170,88.32
900,80,3000,180,86.27
900,80,3100,0,79.24
900,80,3100,10,82.1
900,80,3100,20,84.66
900,80,3100,30,86.93
900,80,3100,40,88.9
900,80,3100,50,90.59
900,80,3100,60,91.99
900,80,3100,70,93.11
900,80,3100,80,93.94
900,80,3100,90,94.49
900,80,3100,100,94.75
900,80,3100,110,94.72
900,80,3100,120,94.42
900,80,3100,130,93.82
900,80,3100,140,92.95
900,80,3100,150,91.79
900,80,3100,160,90.34
900,80,3100,170,88.61
900,80,3100,180,86.59
900,80,3200,0,79.04
900,80,3200,10,81.92
900,80,3200,20,84.51
900,80,3200,30,86.8
900,80,3200,40,88.8
900,80,3200,50,90.52
900,80,3200,60,91.95
900,80,3200,70,93.09
900,80,3200,80,93.95
900,80,3200,90,94.52
900,80,3200,100,94.81
900,80,3200,110,94.81
900,80,3200,120,94.53
900,80,3200,130,93.96
900,80,3200,140,93.11
900,80,3200,150,91.98
900,80,3200,160,90.56
900,80,3200,170,88.85
900,80,3200,180,86.86
900,80,3300,0,79.0
900,80,3300,10,81.77
900,80,3300,20,84.38
900,80,3300,30,86.7
900,80,3300,40,88.72
900,80,3300,50,90.46
900,80,3300,60,91.91
900,80,3300,70,93.07
900,80,3300,80,93.95
900,80,3300,90,94.55
900,80,3300,100,94.86
900,80,3300,110,94.88
900,80,3300,120,94.63
900,80,3300,130,94.08
900,80,3300,140,93.25
900,80,3300,150,92.14
900,80,3300,160,90.74
900,80,3300,170,89.06
900,80,3300,180,87.09
900,80,3400,0,79.0
900,80,3400,10,81.65
900,80,3400,20,84.28
900,80,3400,30,86.62
900,80,3400,40,88.66
900,80,3400,50,90.41
900,80,3400,60,91.88
900,80,3400,70,93.06
900,80,3400,80,93.96
900,80,3400,90,94.57
900,80,3400,100,94.9
900,80,3400,110,94.94
900,80,3400,120,94.7
900,80,3400,130,94.17
900,80,3400,140,93.36
900,80,3400,150,92.27
900,80,3400,160,90.88
900,80,3400,170,89.22
900,80,3400,180,87.27
900,80,3500,0,79.0
900,80,3500,10,81.57
900,80,3500,20,84.21
900,80,3500,30,86.56
900,80,3500,40,88.61
900,80,3500,50,90.37
900,80,3500,60,91.86
900,80,3500,70,93.05
900,80,3500,80,93.96
900,80,3500,90,94.59
900,80,3500,100,94.93
900,80,3500,110,94.99
900,80,3500,120,94.76
900,80,3500,130,94.24
900,80,3500,140,93.45
900,80,3500,150,92.36
900,80,3500,160,90.99
900,80,3500,170,89.34
900,80,3500,180,87.4
900,80,3600,0,79.0
900,80,3600,10,81.51
900,80,3600,20,84.16
900,80,3600,30,86.52
900,80,3600,40,88.58
900,80,3600,50,90.35
900,80,3600,60,91.84
900,80,3600,70,93.05
900,80,3600,80,93.97
900,80,3600,90,94.6
900,80,3600,100,94.95
900,80,3600,110,95.02
900,80,3600,120,94.8
900,80,3600,130,94.29
900,80,3600,140,93.5
900,80,3600,150,92.43
900,80,3600,160,91.07
900,80,3600,170,89.43
900,80,3600,180,87.5
900,80,3700,0,79.0
900,80,3700,10,81.48
900,80,3700,20,84.14
900,80,3700,30,86.5
900,80,3700,40,88.57
900,80,3700,50,90.34
900,80,3700,60,91.84
900,80,3700,70,93.05
900,80,3700,80,93.97
900,80,3700,90,94.61
900,80,3700,100,94.97
900,80,3700,110,95.04
900,80,3700,120,94.82
900,80,3700,130,94.32
900,80,3700,140,93.53
900,80,3700,150,92.46
900,80,3700,160,91.11
900,80,3700,170,89.47
900,80,3700,180,87.55
900,80,3800,0,79.0
900,80,3800,10,81.49
900,80,3800,20,84.14
900,80,3800,30,86.5
900,80,3800,40,88.57
900,80,3800,50,90.35
900,80,3800,60,91.84
900,80,3800,70,93.05
900,80,3800,80,93.98
900,80,3800,90,94.62
900,80,3800,100,94.97
900,80,3800,110,95.04
900,80,3800,120,94.83
900,80,3800,130,94.33
900,80,3800,140,93.54
900,80,3800,150,92.47
900,80,3800,160,91.12
900,80,3800,170,89.48
900,80,3800,180,87.55
900,80,3900,0,79.0
900,80,3900,10,81.53
900,80,3900,20,84.18
900,80,3900,30,86.53
900,80,3900,40,88.6
900,80,3900,50,90.37
900,80,3900,60,91.86
900,80,3900,70,93.06
900,80,3900,80,93.98
900,80,3900,90,94.62
900,80,3900,100,94.97
900,80,3900,110,95.03
900,80,3900,120,94.81
900,80,3900,130,94.31
900,80,3900,140,93.52
900,80,3900,150,92.45
900,80,3900,160,91.09
900,80,3900,170,89.44
900,80,3900,180,87.51
900,80,4000,0,79.0
900,80,4000,10,81.59
900,80,4000,20,84.24
900,80,4000,30,86.58
900,80,4000,40,88.64
900,80,4000,50,90.4
900,80,4000,60,91.88
900,80,4000,70,93.08
900,80,4000,80,93.99
900,80,4000,90,94.62
900,80,4000,100,94.96
900,80,4000,110,95.01
900,80,4000,120,94.79
900,80,4000,130,94.27
900,80,4000,140,93.47
900,80,4000,150,92.39
900,80,4000,160,91.02
900,80,4000,170,89.37
900,80,4000,180,87.43
900,80,4100,0,79.0
900,80,4100,10,81.69
900,80,4100,20,84.32
900,80,4100,30,86.66
900,80,4100,40,88.7
900,80,4100,50,90.45
900,80,4100,60,91.92
900,80,4100,70,93.1
900,80,4100,80,94.0
900,80,4100,90,94.61
900,80,4100,100,94.94
900,80,4100,110,94.98
900,80,4100,120,94.74
900,80,4100,130,94.21
900,80,4100,140,93.4
900,80,4100,150,92.31
900,80,4100,160,90.92
900,80,4100,170,89.26
900,80,4100,180,87.31
900,80,4200,0,79.0
900,80,4200,10,81.82
900,80,4200,20,84.44
900,80,4200,30,86.75
900,80,4200,40,88.77
900,80,4200,50,90.51
900,80,4200,60,91.96
900,80,4200,70,93.12
900,80,4200,80,94.0
900,80,4200,90,94.6
900,80,4200,100,94.91
900,80,4200,110,94.94
900,80,4200,120,94.68
900,80,4200,130,94.13
900,80,4200,140,93.3
900,80,4200,150,92.19
900,80,4200,160,90.79
900,80,4200,170,89.11
900,80,4200,180,87.14
900,80,4300,0,79.1
900,80,4300,10,81.98
900,80,4300,20,84.57
900,80,4300,30,86.87
900,80,4300,40,88.87
900,80,4300,50,90.58
900,80,4300,60,92.01
900,80,4300,70,93.15
900,80,4300,80,94.01
900,80,4300,90,94.58
900,80,4300,100,94.87
900,80,4300,110,94.87
900,80,4300,120,94.59
900,80,4300,130,94.03
900,80,4300,140,93.18
900,80,4300,150,92.04
900,80,4300,160,90.62
900,80,4300,170,88.91
900,80,4300,180,86.92
900,80,4400,0,79.31
900,80,4400,10,82.17
900,80,4400,20,84.73
900,80,4400,30,87.0
900,80,4400,40,88.97
900,80,4400,50,90.66
900,80,4400,60,92.06
900,80,4400,70,93.18
900,80,4400,80,94.01
900,80,4400,90,94.56
900,80,4400,100,94.82
900,80,4400,110,94.8
900,80,4400,120,94.49
900,80,4400,130,93.9
900,80,4400,140,93.02
900,80,4400,150,91.86
900,80,4400,160,90.41
900,80,4400,170,88.68
900,80,4400,180,86.66
900,80,4500,0,79.55
900,80,4500,10,82.38
900,80,4500,20,84.92
900,80,4500,30,87.15
900,80,4500,40,89.1
900,80,4500,50,90.75
900,80,4500,60,92.12
900,80,4500,70,93.21
900,80,4500,80,94.01
900,80,4500,90,94.53
900,80,4500,100,94.76
900,80,4500,110,94.71
900,80,4500,120,94.37
900,80,4500,130,93.74
900,80,4500,140,92.84
900,80,4500,150,91.64
900,80,4500,160,90.17
900,80,4500,170,88.4
900,80,4500,180,86.35
900,80,4600,0,79.83
900,80,4600,10,82.62
900,80,4600,20,85.12
900,80,4600,30,87.32
900,80,4600,40,89.23
900,80,4600,50,90.85
900,80,4600,60,92.19
900,80,4600,70,93.24
900,80,4600,80,94.0
900,80,4600,90,94.49
900,80,4600,100,94.68
900,80,4600,110,94.59
900,80,4600,120,94.22
900,80,4600,130,93.56
900,80,4600,140,92.62
900,80,4600,150,91.39
900,80,4600,160,89.88
900,80,4600,170,88.08
900,80,4600,180,85.99
900,80,4700,0,80.13
900,80,4700,10,82.88
900,80,4700,20,85.34
900,80,4700,30,87.5
900,80,4700,40,89.37
900,80,4700,50,90.95
900,80,4700,60,92.25
900,80,4700,70,93.26
900,80,4700,80,93.99
900,80,4700,90,94.43
900,80,4700,100,94.59
900,80,4700,110,94.46
900,80,4700,120,94.05
900,80,4700,130,93.35
900,80,4700,140,92.37
900,80,4700,150,91.1
900,80,4700,160,89.55
900,80,4700,170,87.72
900,80,4700,180,85.58
900,80,4800,0,80.45
900,80,4800,10,83.17
900,80,4800,20,85.58
900,80,4800,30,87.7
900,80,4800,40,89.53
900,80,4800,50,91.06
900,80,4800,60,92.32
900,80,4800,70,93.29
900,80,4800,80,93.97
900,80,4800,90,94.37
900,80,4800,100,94.48
900,80,4800,110,94.31
900,80,4800,120,93.86
900,80,4800,130,93.11
900,80,4800,140,92.09
900,80,4800,150,90.78
900,80,4800,160,89.18
900,80,4800,170,87.3
900,80,4800,180,85.11
900,80,4900,0,80.8
900,80,4900,10,83.47
900,80,4900,20,85.84
900,80,4900,30,87.91
900,80,4900,40,89.68
900,80,4900,50,91.17
900,80,4900,60,92.38
900,80,4900,70,93.3
900,80,4900,80,93.94
900,80,4900,90,94.29
900,80,4900,100,94.35
900,80,4900,110,94.14
900,80,4900,120,93.63
900,80,4900,130,92.84
900,80,4900,140,91.77
900,80,4900,150,90.41
900,80,4900,160,88.77
900,80,4900,170,86.84
900,80,4900,180,84.59
900,80,5000,0,81.17
900,80,5000,10,83.79
900,80,5000,20,86.1
900,80,5000,30,88.12
900,80,5000,40,89.85
900,80,5000,50,91.28
900,80,5000,60,92.44
900,80,5000,70,93.31
900,80,5000,80,93.89
900,80,5000,90,94.19
900,80,5000,100,94.21
900,80,5000,110,93.94
900,80,5000,120,93.38
900,80,5000,130,92.54
900,80,5000,140,91.41
900,80,5000,150,90.0
900,80,5000,160,88.31
900,80,5000,170,86.32
900,80,5000,180,84.0
900,80,5100,0,81.56
900,80,5100,10,84.12
900,80,5100,20,86.38
900,80,5100,30,88.34
900,80,5100,40,90.01
900,80,5100,50,91.39
900,80,5100,60,92.49
900,80,5100,70,93.3
900,80,5100,80,93.83
900,80,5100,90,94.07
900,80,5100,100,94.03
900,80,5100,110,93.71
900,80,5100,120,93.1
900,80,5100,130,92.2
900,80,5100,140,91.02
900,80,5100,150,89.55
900,80,5100,160,87.8
900,80,5100,170,85.74
900,80,5100,180,83.36
900,80,5200,0,81.97
900,80,5200,10,84.46
900,80,5200,20,86.66
900,80,5200,30,88.56
900,80,5200,40,90.17
900,80,5200,50,91.5
900,80,5200,60,92.53
900,80,5200,70,93.29
900,80,5200,80,93.75
900,80,5200,90,93.94
900,80,5200,100,93.84
900,80,5200,110,93.45
900,80,5200,120,92.78
900,80,5200,130,91.82
900,80,5200,140,90.58
900,80,5200,150,89.05
900,80,5200,160,87.24
900,80,5200,170,85.1
900,80,5200,180,82.64
900,80,5300,0,82.38
900,80,5300,10,84.82
900,80,5300,20,86.95
900,80,5300,30,88.79
900,80,5300,40,90.33
900,80,5300,50,91.59
900,80,5300,60,92.56
900,80,5300,70,93.25
900,80,5300,80,93.66
900,80,5300,90,93.77
900,80,5300,100,93.61
900,80,5300,110,93.16
900,80,5300,120,92.42
900,80,5300,130,91.4
900,80,5300,140,90.1
900,80,5300,150,88.51
900,80,5300,160,86.61
900,80,5300,170,84.39
900,80,5300,180,81.85
900,80,5400,0,82.81
900,80,5400,10,85.17
900,80,5400,20,87.24
900,80,5400,30,89.01
900,80,5400,40,90.48
900,80,5400,50,91.67
900,80,5400,60,92.58
900,80,5400,70,93.2
900,80,5400,80,93.53
900,80,5400,90,93.59
900,80,5400,100,93.35
900,80,5400,110,92.83
900,80,5400,120,92.03
900,80,5400,130,90.94
900,80,5400,140,89.57
900,80,5400,150,87.9
900,80,5400,160,85.93
900,80,5400,170,83.62
900,80,5400,180,80.98
900,80,5500,0,83.24
900,80,5500,10,85.53
900,80,5500,20,87.53
900,80,5500,30,89.22
900,80,5500,40,90.62
900,80,5500,50,91.74
900,80,5500,60,92.58
900,80,5500,70,93.12
900,80,5500,80,93.39
900,80,5500,90,93.37
900,80,5500,100,93.06
900,80,5500,110,92.47
900,80,5500,120,91.59
900,80,5500,130,90.43
900,80,5500,140,88.98
900,80,5500,150,87.24
900,80,5500,160,85.17
900,80,5500,170,82.76
900,80,5500,180,80.03
900,80,5600,0,83.67
900,80,5600,10,85.89
900,80,5600,20,87.81
900,80,5600,30,89.43
900,80,5600,40,90.75
900,80,5600,50,91.8
900,80,5600,60,92.55
900,80,5600,70,93.02
900,80,5600,80,93.21
900,80,5600,90,93.11
900,80,5600,100,92.73
900,80,5600,110,92.06
900,80,5600,120,91.11
900,80,5600,130,89.87
900,80,5600,140,88.35
900,80,5600,150,86.51
900,80,5600,160,84.33
900,80,5600,170,81.82
900,80,5600,180,79.0
900,80,5700,0,84.1
900,80,5700,10,86.24
900,80,5700,20,88.08
900,80,5700,30,89.62
900,80,5700,40,90.87
900,80,5700,50,91.83
900,80,5700,60,92.5
900,80,5700,70,92.9
900,80,5700,80,93.0
900,80,5700,90,92.83
900,80,5700,100,92.36
900,80,5700,110,91.61
900,80,5700,120,90.58
900,80,5700,130,89.26
900,80,5700,140,87.65
900,80,5700,150,85.7
900,80,5700,160,83.41
900,80,5700,170,80.79
900,80,5700,180,79.0
900,80,5800,0,84.53
900,80,5800,10,86.59
900,80,5800,20,88.34
900,80,5800,30,89.8
900,80,5800,40,90.96
900,80,5800,50,91.84
900,80,5800,60,92.43
900,80,5800,70,92.74
900,80,5800,80,92.76
900,80,5800,90,92.5
900,80,5800,100,91.95
900,80,5800,110,91.12
900,80,5800,120,90.0
900,80,5800,130,88.6
900,80,5800,140,86.88
900,80,5800,150,84.81
900,80,5800,160,82.4
900,80,5800,170,79.65
900,80,5800,180,79.0
900,80,5900,0,84.95
900,80,5900,10,86.92
900,80,5900,20,88.59
900,80,5900,30,89.95
900,80,5900,40,91.03
900,80,5900,50,91.82
900,80,5900,60,92.32
900,80,5900,70,92.54
900,80,5900,80,92.48
900,80,5900,90,92.13
900,80,5900,100,91.49
900,80,5900,110,90.57
900,80,5900,120,89.37
900,80,5900,130,87.86
900,80,5900,140,86.02
900,80,5900,150,83.82
900,80,5900,160,81.28
900,80,5900,170,79.0
900,80,5900,180,79.0
900,80,6000,0,85.36
900,80,6000,10,87.24
900,80,6000,20,88.82
900,80,6000,30,90.09
900,80,6000,40,91.07
900,80,6000,50,91.77
900,80,6000,60,92.18
900,80,6000,70,92.31
900,80,6000,80,92.15
900,80,6000,90,91.71
900,80,6000,100,90.98
900,80,6000,110,89.97
900,80,6000,120,88.67
900,80,6000,130,87.04
900,80,6000,140,85.06
900,80,6000,150,82.72
900,80,6000,160,80.04
900,80,6000,170,79.0
900,80,6000,180,79.0
900,80,6100,0,85.75
900,80,6100,10,87.54
900,80,6100,20,89.02
900,80,6100,30,90.19
900,80,6100,40,91.08
900,80,6100,50,91.68
900,80,6100,60,92.0
900,80,6100,70,92.03
900,80,6100,80,91.78
900,80,6100,90,91.24
900,80,6100,100,90.42
900,80,6100,110,89.32
900,80,6100,120,87.9
900,80,6100,130,86.12
900,80,6100,140,83.99
900,80,6100,150,81.5
900,80,6100,160,79.0
900,80,6100,170,79.0
900,80,6100,180,79.0
900,80,6200,0,86.13
900,80,6200,10,87.82
900,80,6200,20,89.19
900,80,6200,30,90.27
900,80,6200,40,91.06
900,80,6200,50,91.56
900,80,6200,60,91.78
900,80,6200,70,91.71
900,80,6200,80,91.36
900,80,6200,90,90.72
900,80,6200,100,89.8
900,80,6200,110,88.59
900,80,6200,120,87.02
900,80,6200,130,85.09
900,80,6200,140,82.79
900,80,6200,150,80.12
900,80,6200,160,79.0
900,80,6200,170,79.0
900,80,6200,180,79.0
900,80,6300,0,86.48
900,80,6300,10,88.07
900,80,6300,20,89.34
900,80,6300,30,90.31
900,80,6300,40,90.99
900,80,6300,50,91.39
900,80,6300,60,91.51
900,80,6300,70,91.34
900,80,6300,80,90.88
900,80,6300,90,90.14
900,80,6300,100,89.12
900,80,6300,110,87.76
900,80,6300,120,86.03
900,80,6300,130,83.91
900,80,6300,140,81.42
900,80,6300,150,79.0
900,80,6300,160,79.0
900,80,6300,170,79.0
900,80,6300,180,79.0
900,80,6400,0,86.8
900,80,6400,10,88.28
900,80,6400,20,89.45
900,80,6400,30,90.31
900,80,6400,40,90.89
900,80,6400,50,91.18
900,80,6400,60,91.19
900,80,6400,70,90.91
900,80,6400,80,90.35
900,80,6400,90,89.5
900,80,6400,100,88.35
900,80,6400,110,86.81
900,80,6400,120,84.88
900,80,6400,130,82.56
900,80,6400,140,79.85
900,80,6400,150,79.0
900,80,6400,160,79.0
900,80,6400,170,79.0
900,80,6400,180,79.0
900,80,6500,0,87.09
900,80,6500,10,88.47
900,80,6500,20,89.52
900,80,6500,30,90.27
900,80,6500,40,90.74
900,80,6500,50,90.92
900,80,6500,60,90.82
900,80,6500,70,90.43
900,80,6500,80,89.76
900,80,6500,90,88.79
900,80,6500,100,87.45
900,80,6500,110,85.7
900,80,6500,120,83.54
900,80,6500,130,80.98
900,80,6500,140,79.0
900,80,6500,150,79.0
900,80,6500,160,79.0
900,80,6500,170,79.0
900,80,6500,180,79.0
900,80,6600,0,87.35
900,80,6600,10,88.61
900,80,6600,20,89.54
900,80,6600,30,90.18
900,80,6600,40,90.53
900,80,6600,50,90.6
900,80,6600,60,90.38
900,80,6600,70,89.88
900,80,6600,80,89.09
900,80,6600,90,87.95
900,80,6600,100,86.37
900,80,6600,110,84.37
900,80,6600,120,81.94
900,80,6600,130,79.08
900,80,6600,140,79.0
900,80,6600,150,79.0
900,80,6600,160,79.0
900,80,6600,170,79.0
900,80,6600,180,79.0
900,80,6700,0,87.56
900,80,6700,10,88.71
900,80,6700,20,89.52
900,80,6700,30,90.04
900,80,6700,40,90.27
900,80,6700,50,90.22
900,80,6700,60,89.88
900,80,6700,70,89.26
900,80,6700,80,88.31
900,80,6700,90,86.91
900,80,6700,100,85.05
900,80,6700,110,82.74
900,80,6700,120,79.96
900,80,6700,130,79.0
900,80,6700,140,79.0
900,80,6700,150,79.0
900,80,6700,160,79.0
900,80,6700,170,79.0
900,80,6700,180,79.0
900,80,6800,0,87.74
900,80,6800,10,88.76
900,80,6800,20,89.45
900,80,6800,30,89.84
900,80,6800,40,89.95
900,80,6800,50,89.77
900,80,6800,60,89.31
900,80,6800,70,88.55
900,80,6800,80,87.32
900,80,6800,90,85.59
900,80,6800,100,83.36
900,80,6800,110,80.63
900,80,6800,120,79.0
900,80,6800,130,79.0
900,80,6800,140,79.0
900,80,6800,150,79.0
900,80,6800,160,79.0
900,80,6800,170,79.0
900,80,6800,180,79.0
900,80,6900,0,87.86
900,80,6900,10,88.76
900,80,6900,20,89.31
900,80,6900,30,89.58
900,80,6900,40,89.56
900,80,6900,50,89.26
900,80,6900,60,88.66
900,80,6900,70,87.6
900,80,6900,80,85.97
900,80,6900,90,83.79
900,80,6900,100,81.05
900,80,6900,110,79.0
900,80,6900,120,79.0
900,80,6900,130,79.0
900,80,6900,140,79.0
900,80,6900,150,79.0
900,80,6900,160,79.0
900,80,6900,170,79.0
900,80,6900,180,79.0
900,80,7000,0,87.93
900,80,7000,10,88.7
900,80,7000,20,89.12
900,80,7000,30,89.25
900,80,7000,40,89.1
900,80,7000,50,88.66
900,80,7000,60,87.76
900,80,7000,70,86.2
900,80,7000,80,83.99
900,80,7000,90,81.13
900,80,7000,100,79.0
900,80,7000,110,79.0
900,80,7000,120,79.0
900,80,7000,130,79.0
900,80,7000,140,79.0
900,80,7000,150,79.0
900,80,7000,160,79.0
900,80,7000,170,79.0
900,80,7000,180,79.0
900,80,7100,0,87.94
900,80,7100,10,88.57
900,80,7100,20,88.85
900,80,7100,30,88.84
900,80,7100,40,88.55
900,80,7100,50,87.8
900,80,7100,60,86.24
900,80,7100,70,83.87
900,80,7100,80,80.68
900,80,7100,90,79.0
900,80,7100,100,79.0
900,80,7100,110,79.0
900,80,7100,120,79.0
900,80,7100,130,79.0
900,80,7100,140,79.0
900,80,7100,150,79.0
900,80,7100,160,79.0
900,80,7100,170,79.0
900,80,7100,180,79.0
900,80,7200,0,87.89
900,80,7200,10,88.37
900,80,7200,20,88.5
900,80,7200,30,88.35
900,80,7200,40,87.71
900,80,7200,50,85.98
900,80,7200,60,83.12
900,80,7200,70,79.13
900,80,7200,80,79.0
900,80,7200,90,79.0
900,80,7200,100,79.0
900,80,7200,110,79.0
900,80,7200,120,79.0
900,80,7200,130,79.0
900,80,7200,140,79.0
900,80,7200,150,79.0
900,80,7200,160,79.0
900,80,7200,170,79.0
900,80,7200,180,79.0
900,80,7300,0,87.76
900,80,7300,10,88.09
900,80,7300,20,88.06
900,80,7300,30,87.43
900,80,7300,40,84.99
900,80,7300,50,80.64
900,80,7300,60,79.0
900,80,7300,70,79.0
900,80,7300,80,79.0
900,80,7300,90,79.0
900,80,7300,100,79.0
900,80,7300,110,79.0
900,80,7300,120,79.0
900,80,7300,130,79.0
900,80,7300,140,79.0
900,80,7300,150,79.0
900,80,7300,160,79.0
900,80,7300,170,79.0
900,80,7300,180,79.0
900,80,7400,0,87.55
900,80,7400,10,87.7
900,80,7400,20,86.41
900,80,7400,30,80.06
900,80,7400,40,79.0
900,80,7400,50,79.0
900,80,7400,60,79.0
900,80,7400,70,79.0
900,80,7400,80,79.0
900,80,7400,90,79.0
900,80,7400,100,79.0
900,80,7400,110,79.0
900,80,7400,120,79.0
900,80,7400,130,79.0
900,80,7400,140,79.0
900,80,7400,150,79.0
900,80,7400,160,79.0
900,80,7400,170,79.0
900,80,7400,180,79.0
900,80,7500,0,87.23
900,80,7500,10,79.0
900,80,7500,20,79.0
900,80,7500,30,79.0
900,80,7500,40,79.0
900,80,7500,50,79.0
900,80,7500,60,79.0
900,80,7500,70,79.0
900,80,7500,80,79.0
900,80,7500,90,79.0
900,80,7500,100,79.0
900,80,7500,110,79.0
900,80,7500,120,79.0
900,80,7500,130,79.0
900,80,7500,140,79.0
900,80,7500,150,79.0
900,80,7500,160,79.0
900,80,7500,170,79.0
900,80,7500,180,79.0
900,120,0,0,86.53
900,120,0,10,79.0
900,120,0,20,79.0
900,120,0,30,79.0
900,120,0,40,79.0
900,120,0,50,79.0
900,120,0,60,79.0
900,120,0,70,79.0
900,120,0,80,79.0
900,120,0,90,79.0
900,120,0,100,79.0
900,120,0,110,79.0
900,120,0,120,79.0
900,120,0,130,79.0
900,120,0,140,79.0
900,120,0,150,79.0
900,120,0,160,79.0
900,120,0,170,79.0
900,120,0,180,79.0
900,120,100,0,86.86
900,120,100,10,87.0
900,120,100,20,85.35
900,120,100,30,79.0
900,120,100,40,79.0
900,120,100,50,79.0
900,120,100,60,79.0
900,120,100,70,79.0
900,120,100,80,79.0
900,120,100,90,79.0
900,120,100,100,79.0
900,120,100,110,79.0
900,120,100,120,79.0
900,120,100,130,79.0
900,120,100,140,79.0
900,120,100,150,79.0
900,120,100,160,79.0
900,120,100,170,79.0
900,120,100,180,79.0
900,120,200,0,87.09
900,120,200,10,87.4
900,120,200,20,87.35
900,120,200,30,86.53
900,120,200,40,83.69
900,120,200,50,79.0
900,120,200,60,79.0
900,120,200,70,79.0
900,120,200,80,79.0
900,120,200,90,79.0
900,120,200,100,79.0
900,120,200,110,79.0
900,120,200,120,79.0
900,120,200,130,79.0
900,120,200,140,79.0
900,120,200,150,79.0
900,120,200,160,79.0
900,120,200,170,79.0
900,120,200,180,79.0
900,120,300,0,87.24
900,120,300,10,87.7
900,120,300,20,87.8
900,120,300,30,87.62
900,120,300,40,86.82
900,120,300,50,84.82
900,120,300,60,81.61
900,120,300,70,79.0
900,120,300,80,79.0
900,120,300,90,79.0
900,120,300,100,79.0
900,120,300,110,79.0
900,120,300,120,79.0
900,120,300,130,79.0
900,120,300,140,79.0
900,120,300,150,79.0
900,120,300,160,79.0
900,120,300,170,79.0
900,120,300,180,79.0
900,120,400,0,87.32
900,120,400,10,87.92
900,120,400,20,88.16
900,120,400,30,88.12
900,120,400,40,87.8
900,120,400,50,86.89
900,120,400,60,85.11
900,120,400,70,82.48
900,120,400,80,79.0
900,120,400,90,79.0
900,120,400,100,79.0
900,120,400,110,79.0
900,120,400,120,79.0
900,120,400,130,79.0
900,120,400,140,79.0
900,120,400,150,79.0
900,120,400,160,79.0
900,120,400,170,79.0
900,120,400,180,79.0
900,120,500,0,87.34
900,120,500,10,88.08
900,120,500,20,88.45
900,120,500,30,88.55
900,120,500,40,88.35
900,120,500,50,87.87
900,120,500,60,86.81
900,120,500,70,85.07
900,120,500,80,82.63
900,120,500,90,79.51
900,120,500,100,79.0
900,120,500,110,79.0
900,120,500,120,79.0
900,120,500,130,79.0
900,120,500,140,79.0
900,120,500,150,79.0
900,120,500,160,79.0
900,120,500,170,79.0
900,120,500,180,79.0
900,120,600,0,87.31
900,120,600,10,88.17
900,120,600,20,88.68
900,120,600,30,88.9
900,120,600,40,88.83
900,120,600,50,88.48
900,120,600,60,87.81
900,120,600,70,86.6
900,120,600,80,84.8
900,120,600,90,82.42
900,120,600,100,79.45
900,120,600,110,79.0
900,120,600,120,79.0
900,120,600,130,79.0
900,120,600,140,79.0
900,120,600,150,79.0
900,120,600,160,79.0
900,120,600,170,79.0
900,120,600,180,79.0
900,120,700,0,87.23
900,120,700,10,88.21
900,120,700,20,88.84
900,120,700,30,89.18
900,120,700,40,89.24
900,120,700,50,89.01
900,120,700,60,88.5
900,120,700,70,87.64
900,120,700,80,86.26
900,120,700,90,84.37
900,120,700,100,81.95
900,120,700,110,79.02
900,120,700,120,79.0
900,120,700,130,79.0
900,120,700,140,79.0
900,120,700,150,79.0
900,120,700,160,79.0
900,120,700,170,79.0
900,120,700,180,79.0
900,120,800,0,87.11
900,120,800,10,88.2
900,120,800,20,88.95
900,120,800,30,89.41
900,120,800,40,89.58
900,120,800,50,89.48
900,120,800,60,89.08
900,120,800,70,88.4
900,120,800,80,87.33
900,120,800,90,85.79
900,120,800,100,83.77
900,120,800,110,81.28
900,120,800,120,79.0
900,120,800,130,79.0
900,120,800,140,79.0
900,120,800,150,79.0
900,120,800,160,79.0
900,120,800,170,79.0
900,120,800,180,79.0
900,120,900,0,86.94
900,120,900,10,88.14
900,120,900,20,89.01
900,120,900,30,89.58
900,120,900,40,89.87
900,120,900,50,89.88
900,120,900,60,89.6
900,120,900,70,89.03
900,120,900,80,88.17
900,120,900,90,86.89
900,120,900,100,85.18
900,120,900,110,83.02
900,120,900,120,80.41
900,120,900,130,79.0
900,120,900,140,79.0
900,120,900,150,79.0
900,120,900,160,79.0
900,120,900,170,79.0
900,120,900,180,79.0
900,120,1000,0,86.73
900,120,1000,10,88.04
900,120,1000,20,89.02
900,120,1000,30,89.71
900,120,1000,40,90.11
900,120,1000,50,90.22
900,120,1000,60,90.05
900,120,1000,70,89.59
900,120,1000,80,88.85
900,120,1000,90,87.79
900,120,1000,100,86.32
900,120,1000,110,84.42
900,120,1000,120,82.11
900,120,1000,130,79.37
900,120,1000,140,79.0
900,120,1000,150,79.0
900,120,1000,160,79.0
900,120,1000,170,79.0
900,120,1000,180,79.0
900,120,1100,0,86.5
900,120,1100,10,87.91
900,120,1100,20,89.0
900,120,1100,30,89.79
900,120,1100,40,90.29
900,120,1100,50,90.51
900,120,1100,60,90.45
900,120,1100,70,90.1
900,120,1100,80,89.46
900,120,1100,90,88.54
900,120,1100,100,87.27
900,120,1100,110,85.59
900,120,1100,120,83.51
900,120,1100,130,81.04
900,120,1100,140,79.0
900,120,1100,150,79.0
900,120,1100,160,79.0
900,120,1100,170,79.0
900,120,1100,180,79.0
900,120,1200,0,86.23
900,120,1200,10,87.74
900,120,1200,20,88.93
900,120,1200,30,89.83
900,120,1200,40,90.43
900,120,1200,50,90.75
900,120,1200,60,90.79
900,120,1200,70,90.54
900,120,1200,80,90.01
900,120,1200,90,89.19
900,120,1200,100,88.08
900,120,1200,110,86.59
900,120,1200,120,84.71
900,120,1200,130,82.45
900,120,1200,140,79.8
900,120,1200,150,79.0
900,120,1200,160,79.0
900,120,1200,170,79.0
900,120,1200,180,79.0
900,120,1300,0,85.94
900,120,1300,10,87.55
900,120,1300,20,88.84
900,120,1300,30,89.83
900,120,1300,40,90.53
900,120,1300,50,90.95
900,120,1300,60,91.09
900,120,1300,70,90.94
900,120,1300,80,90.5
900,120,1300,90,89.78
900,120,1300,100,88.78
900,120,1300,110,87.45
900,120,1300,120,85.75
900,120,1300,130,83.67
900,120,1300,140,81.22
900,120,1300,150,79.0
900,120,1300,160,79.0
900,120,1300,170,79.0
900,120,1300,180,79.0
900,120,1400,0,85.62
900,120,1400,10,87.32
900,120,1400,20,88.71
900,120,1400,30,89.8
900,120,1400,40,90.6
900,120,1400,50,91.11
900,120,1400,60,91.34
900,120,1400,70,91.29
900,120,1400,80,90.95
900,120,1400,90,90.32
900,120,1400,100,89.41
900,120,1400,110,88.21
900,120,1400,120,86.66
900,120,1400,130,84.75
900,120,1400,140,82.47
900,120,1400,150,79.82
900,120,1400,160,79.0
900,120,1400,170,79.0
900,120,1400,180,79.0
900,120,1500,0,85.29
900,120,1500,10,87.08
900,120,1500,20,88.56
900,120,1500,30,89.74
900,120,1500,40,90.63
900,120,1500,50,91.23
900,120,1500,60,91.55
900,120,1500,70,91.59
900,120,1500,80,91.34
900,120,1500,90,90.81
900,120,1500,100,89.99
900,120,1500,110,88.88
900,120,1500,120,87.47
900,120,1500,130,85.7
900,120,1500,140,83.58
900,120,1500,150,81.09
900,120,1500,160,79.0
900,120,1500,170,79.0
900,120,1500,180,79.0
900,120,1600,0,84.94
900,120,1600,10,86.81
900,120,1600,20,88.38
900,120,1600,30,89.65
900,120,1600,40,90.63
900,120,1600,50,91.32
900,120,1600,60,91.73
900,120,1600,70,91.85
900,120,1600,80,91.69
900,120,1600,90,91.24
900,120,1600,100,90.51
900,120,1600,110,89.5
900,120,1600,120,88.19
900,120,1600,130,86.55
900,120,1600,140,84.56
900,120,1600,150,82.22
900,120,1600,160,79.53
900,120,1600,170,79.0
900,120,1600,180,79.0
900,120,1700,0,84.58
900,120,1700,10,86.54
900,120,1700,20,88.19
900,120,1700,30,89.54
900,120,1700,40,90.6
900,120,1700,50,91.38
900,120,1700,60,91.87
900,120,1700,70,92.08
900,120,1700,80,92.0
900,120,1700,90,91.64
900,120,1700,100,90.99
900,120,1700,110,90.06
900,120,1700,120,88.84
900,120,1700,130,87.32
900,120,1700,140,85.45
900,120,1700,150,83.24
900,120,1700,160,80.68
900,120,1700,170,79.0
900,120,1700,180,79.0
900,120,1800,0,84.21
900,120,1800,10,86.25
900,120,1800,20,87.98
900,120,1800,30,89.41
900,120,1800,40,90.55
900,120,1800,50,91.41
900,120,1800,60,91.98
900,120,1800,70,92.27
900,120,1800,80,92.27
900,120,1800,90,91.99
900,120,1800,100,91.42
900,120,1800,110,90.57
900,120,1800,120,89.43
900,120,1800,130,88.01
900,120,1800,140,86.25
900,120,1800,150,84.16
900,120,1800,160,81.72
900,120,1800,170,79.0
900,120,1800,180,79.0
900,120,1900,0,83.83
900,120,1900,10,85.95
900,120,1900,20,87.76
900,120,1900,30,89.27
900,120,1900,40,90.48
900,120,1900,50,91.42
900,120,1900,60,92.07
900,120,1900,70,92.43
900,120,1900,80,92.51
900,120,1900,90,92.3
900,120,1900,100,91.81
900,120,1900,110,91.03
900,120,1900,120,89.97
900,120,1900,130,88.63
900,120,1900,140,86.98
900,120,1900,150,84.99
900,120,1900,160,82.66
900,120,1900,170,80.0
900,120,1900,180,79.0
900,120,2000,0,83.46
900,120,2000,10,85.64
900,120,2000,20,87.53
900,120,2000,30,89.11
900,120,2000,40,90.4
900,120,2000,50,91.4
900,120,2000,60,92.13
900,120,2000,70,92.56
900,120,2000,80,92.71
900,120,2000,90,92.58
900,120,2000,100,92.16
900,120,2000,110,91.46
900,120,2000,120,90.47
900,120,2000,130,89.2
900,120,2000,140,87.63
900,120,2000,150,85.75
900,120,2000,160,83.52
900,120,2000,170,80.96
900,120,2000,180,79.0
900,120,2100,0,83.08
900,120,2100,10,85.34
900,120,2100,20,87.29
900,120,2100,30,88.94
900,120,2100,40,90.3
900,120,2100,50,91.37
900,120,2100,60,92.16
900,120,2100,70,92.67
900,120,2100,80,92.89
900,120,2100,90,92.82
900,120,2100,100,92.48
900,120,2100,110,91.84
900,120,2100,120,90.92
900,120,2100,130,89.72
900,120,2100,140,88.23
900,120,2100,150,86.43
900,120,2100,160,84.3
900,120,2100,170,81.84
900,120,2100,180,79.04
900,120,2200,0,82.71
900,120,2200,10,85.03
900,120,2200,20,87.05
900,120,2200,30,88.76
900,120,2200,40,90.19
900,120,2200,50,91.33
900,120,2200,60,92.18
900,120,2200,70,92.75
900,120,2200,80,93.04
900,120,2200,90,93.04
900,120,2200,100,92.76
900,120,2200,110,92.19
900,120,2200,120,91.33
900,120,2200,130,90.19
900,120,2200,140,88.77
900,120,2200,150,87.05
900,120,2200,160,85.01
900,120,2200,170,82.63
900,120,2200,180,79.93
900,120,2300,0,82.35
900,120,2300,10,84.73
900,120,2300,20,86.81
900,120,2300,30,88.59
900,120,2300,40,90.07
900,120,2300,50,91.27
900,120,2300,60,92.19
900,120,2300,70,92.82
900,120,2300,80,93.17
900,120,2300,90,93.23
900,120,2300,100,93.01
900,120,2300,110,92.5
900,120,2300,120,91.7
900,120,2300,130,90.63
900,120,2300,140,89.26
900,120,2300,150,87.61
900,120,2300,160,85.65
900,120,2300,170,83.36
900,120,2300,180,80.74
900,120,2400,0,82.0
900,120,2400,10,84.43
900,120,2400,20,86.57
900,120,2400,30,88.4
900,120,2400,40,89.95
900,120,2400,50,91.21
900,120,2400,60,92.18
900,120,2400,70,92.87
900,120,2400,80,93.27
900,120,2400,90,93.39
900,120,2400,100,93.23
900,120,2400,110,92.78
900,120,2400,120,92.04
900,120,2400,130,91.02
900,120,2400,140,89.71
900,120,2400,150,88.12
900,120,2400,160,86.23
900,120,2400,170,84.01
900,120,2400,180,81.47
900,120,2500,0,81.66
900,120,2500,10,84.15
900,120,2500,20,86.33
900,120,2500,30,88.22
900,120,2500,40,89.82
900,120,2500,50,91.13
900,120,2500,60,92.16
900,120,2500,70,92.9
900,120,2500,80,93.36
900,120,2500,90,93.53
900,120,2500,100,93.42
900,120,2500,110,93.02
900,120,2500,120,92.34
900,120,2500,130,91.37
900,120,2500,140,90.12
900,120,2500,150,88.58
900,120,2500,160,86.76
900,120,2500,170,84.61
900,120,2500,180,82.13
900,120,2600,0,81.33
900,120,2600,10,83.87
900,120,2600,20,86.11
900,120,2600,30,88.05
900,120,2600,40,89.7
900,120,2600,50,91.06
900,120,2600,60,92.13
900,120,2600,70,92.92
900,120,2600,80,93.43
900,120,2600,90,93.65
900,120,2600,100,93.59
900,120,2600,110,93.24
900,120,2600,120,92.61
900,120,2600,130,91.69
900,120,2600,140,90.49
900,120,2600,150,89.0
900,120,2600,160,87.23
900,120,2600,170,85.14
900,120,2600,180,82.73
900,120,2700,0,81.03
900,120,2700,10,83.61
900,120,2700,20,85.89
900,120,2700,30,87.88
900,120,2700,40,89.57
900,120,2700,50,90.98
900,120,2700,60,92.1
900,120,2700,70,92.94
900,120,2700,80,93.49
900,120,2700,90,93.76
900,120,2700,100,93.74
900,120,2700,110,93.44
900,120,2700,120,92.85
900,120,2700,130,91.98
900,120,2700,140,90.82
900,120,2700,150,89.38
900,120,2700,160,87.65
900,120,2700,170,85.62
900,120,2700,180,83.27
900,120,2800,0,80.74
900,120,2800,10,83.36
900,120,2800,20,85.69
900,120,2800,30,87.72
900,120,2800,40,89.45
900,120,2800,50,90.9
900,120,2800,60,92.06
900,120,2800,70,92.94
900,120,2800,80,93.53
900,120,2800,90,93.84
900,120,2800,100,93.87
900,120,2800,110,93.61
900,120,2800,120,93.06
900,120,2800,130,92.23
900,120,2800,140,91.11
900,120,2800,150,89.71
900,120,2800,160,88.03
900,120,2800,170,86.05
900,120,2800,180,83.74
900,120,2900,0,80.48
900,120,2900,10,83.14
900,120,2900,20,85.5
900,120,2900,30,87.56
900,120,2900,40,89.33
900,120,2900,50,90.82
900,120,2900,60,92.02
900,120,2900,70,92.94
900,120,2900,80,93.57
900,120,2900,90,93.91
900,120,2900,100,93.98
900,120,2900,110,93.75
900,120,2900,120,93.24
900,120,2900,130,92.45
900,120,2900,140,91.37
900,120,2900,150,90.01
900,120,2900,160,88.36
900,120,2900,170,86.42
900,120,2900,180,84.17
900,120,3000,0,80.23
900,120,3000,10,82.93
900,120,3000,20,85.32
900,120,3000,30,87.42
900,120,3000,40,89.23
900,120,3000,50,90.75
900,120,3000,60,91.98
900,120,3000,70,92.93
900,120,3000,80,93.59
900,120,3000,90,93.97
900,120,3000,100,94.07
900,120,3000,110,93.88
900,120,3000,120,93.4
900,120,3000,130,92.64
900,120,3000,140,91.6
900,120,3000,150,90.27
900,120,3000,160,88.65
900,120,3000,170,86.75
900,120,3000,180,84.54
900,120,3100,0,80.02
900,120,3100,10,82.74
900,120,3100,20,85.17
900,120,3100,30,87.3
900,120,3100,40,89.13
900,120,3100,50,90.68
900,120,3100,60,91.94
900,120,3100,70,92.92
900,120,3100,80,93.61
900,120,3100,90,94.02
900,120,3100,100,94.15
900,120,3100,110,93.98
900,120,3100,120,93.54
900,120,3100,130,92.81
900,120,3100,140,91.79
900,120,3100,150,90.49
900,120,3100,160,88.91
900,120,3100,170,87.03
900,120,3100,180,84.86
900,120,3200,0,79.83
900,120,3200,10,82.58
900,120,3200,20,85.03
900,120,3200,30,87.18
900,120,3200,40,89.04
900,120,3200,50,90.62
900,120,3200,60,91.9
900,120,3200,70,92.91
900,120,3200,80,93.63
900,120,3200,90,94.06
900,120,3200,100,94.21
900,120,3200,110,94.07
900,120,3200,120,93.65
900,120,3200,130,92.95
900,120,3200,140,91.96
900,120,3200,150,90.68
900,120,3200,160,89.12
900,120,3200,170,87.27
900,120,3200,180,85.13
900,120,3300,0,79.67
900,120,3300,10,82.44
900,120,3300,20,84.91
900,120,3300,30,87.09
900,120,3300,40,88.97
900,120,3300,50,90.56
900,120,3300,60,91.87
900,120,3300,70,92.89
900,120,3300,80,93.63
900,120,3300,90,94.09
900,120,3300,100,94.26
900,120,3300,110,94.14
900,120,3300,120,93.74
900,120,3300,130,93.06
900,120,3300,140,92.09
900,120,3300,150,90.83
900,120,3300,160,89.29
900,120,3300,170,87.47
900,120,3300,180,85.35
900,120,3400,0,79.54
900,120,3400,10,82.33
900,120,3400,20,84.81
900,120,3400,30,87.01
900,120,3400,40,88.9
900,120,3400,50,90.51
900,120,3400,60,91.84
900,120,3400,70,92.88
900,120,3400,80,93.64
900,120,3400,90,94.11
900,120,3400,100,94.3
900,120,3400,110,94.2
900,120,3400,120,93.81
900,120,3400,130,93.15
900,120,3400,140,92.19
900,120,3400,150,90.96
900,120,3400,160,89.43
900,120,3400,170,87.62
900,120,3400,180,85.52
900,120,3500,0,79.44
900,120,3500,10,82.24
900,120,3500,20,84.74
900,120,3500,30,86.94
900,120,3500,40,88.85
900,120,3500,50,90.48
900,120,3500,60,91.82
900,120,3500,70,92.87
900,120,3500,80,93.64
900,120,3500,90,94.12
900,120,3500,100,94.32
900,120,3500,110,94.24
900,120,3500,120,93.87
900,120,3500,130,93.21
900,120,3500,140,92.27
900,120,3500,150,91.04
900,120,3500,160,89.53
900,120,3500,170,87.74
900,120,3500,180,85.65
900,120,3600,0,79.37
900,120,3600,10,82.18
900,120,3600,20,84.69
900,120,3600,30,86.9
900,120,3600,40,88.82
900,120,3600,50,90.45
900,120,3600,60,91.8
900,120,3600,70,92.86
900,120,3600,80,93.64
900,120,3600,90,94.13
900,120,3600,100,94.34
900,120,3600,110,94.26
900,120,3600,120,93.9
900,120,3600,130,93.25
900,120,3600,140,92.32
900,120,3600,150,91.1
900,120,3600,160,89.6
900,120,3600,170,87.81
900,120,3600,180,85.73
900,120,3700,0,79.34
900,120,3700,10,82.15
900,120,3700,20,84.66
900,120,3700,30,86.88
900,120,3700,40,88.8
900,120,3700,50,90.43
900,120,3700,60,91.79
900,120,3700,70,92.85
900,120,3700,80,93.63
900,120,3700,90,94.13
900,120,3700,100,94.34
900,120,3700,110,94.27
900,120,3700,120,93.91
900,120,3700,130,93.27
900,120,3700,140,92.34
900,120,3700,150,91.13
900,120,3700,160,89.63
900,120,3700,170,87.85
900,120,3700,180,85.77
900,120,3800,0,79.33
900,120,3800,10,82.14
900,120,3800,20,84.65
900,120,3800,30,86.87
900,120,3800,40,88.79
900,120,3800,50,90.43
900,120,3800,60,91.78
900,120,3800,70,92.85
900,120,3800,80,93.63
900,120,3800,90,94.12
900,120,3800,100,94.34
900,120,3800,110,94.26
900,120,3800,120,93.9
900,120,3800,130,93.26
900,120,3800,140,92.33
900,120,3800,150,91.12
900,120,3800,160,89.62
900,120,3800,170,87.84
900,120,3800,180,85.77
900,120,3900,0,79.36
900,120,3900,10,82.16
900,120,3900,20,84.67
900,120,3900,30,86.88
900,120,3900,40,88.8
900,120,3900,50,90.43
900,120,3900,60,91.78
900,120,3900,70,92.84
900,120,3900,80,93.62
900,120,3900,90,94.11
900,120,3900,100,94.32
900,120,3900,110,94.24
900,120,3900,120,93.88
900,120,3900,130,93.23
900,120,3900,140,92.3
900,120,3900,150,91.08
900,120,3900,160,89.58
900,120,3900,170,87.8
900,120,3900,180,85.72
900,120,4000,0,79.41
900,120,4000,10,82.21
900,120,4000,20,84.71
900,120,4000,30,86.92
900,120,4000,40,88.83
900,120,4000,50,90.45
900,120,4000,60,91.79
900,120,4000,70,92.84
900,120,4000,80,93.61
900,120,4000,90,94.09
900,120,4000,100,94.29
900,120,4000,110,94.21
900,120,4000,120,93.84
900,120,4000,130,93.18
900,120,4000,140,92.24
900,120,4000,150,91.02
900,120,4000,160,89.51
900,120,4000,170,87.71
900,120,4000,180,85.62
900,120,4100,0,79.5
900,120,4100,10,82.29
900,120,4100,20,84.77
900,120,4100,30,86.97
900,120,4100,40,88.86
900,120,4100,50,90.47
900,120,4100,60,91.8
900,120,4100,70,92.84
900,120,4100,80,93.6
900,120,4100,90,94.07
900,120,4100,100,94.26
900,120,4100,110,94.16
900,120,4100,120,93.77
900,120,4100,130,93.11
900,120,4100,140,92.15
900,120,4100,150,90.92
900,120,4100,160,89.39
900,120,4100,170,87.59
900,120,4100,180,85.48
900,120,4200,0,79.62
900,120,4200,10,82.39
900,120,4200,20,84.86
900,120,4200,30,87.03
900,120,4200,40,88.92
900,120,4200,50,90.51
900,120,4200,60,91.82
900,120,4200,70,92.84
900,120,4200,80,93.58
900,120,4200,90,94.04
900,120,4200,100,94.21
900,120,4200,110,94.09
900,120,4200,120,93.69
900,120,4200,130,93.01
900,120,4200,140,92.04
900,120,4200,150,90.78
900,120,4200,160,89.24
900,120,4200,170,87.42
900,120,4200,180,85.3
900,120,4300,0,79.77
900,120,4300,10,82.52
900,120,4300,20,84.97
900,120,4300,30,87.12
900,120,4300,40,88.98
900,120,4300,50,90.55
900,120,4300,60,91.84
900,120,4300,70,92.84
900,120,4300,80,93.56
900,120,4300,90,94.0
900,120,4300,100,94.15
900,120,4300,110,94.01
900,120,4300,120,93.59
900,120,4300,130,92.88
900,120,4300,140,91.89
900,120,4300,150,90.62
900,120,4300,160,89.06
900,120,4300,170,87.21
900,120,4300,180,85.06
900,120,4400,0,79.95
900,120,4400,10,82.67
900,120,4400,20,85.09
900,120,4400,30,87.22
900,120,4400,40,89.06
900,120,4400,50,90.6
900,120,4400,60,91.87
900,120,4400,70,92.85
900,120,4400,80,93.54
900,120,4400,90,93.95
900,120,4400,100,94.07
900,120,4400,110,93.91
900,120,4400,120,93.46
900,120,4400,130,92.73
900,120,4400,140,91.72
900,120,4400,150,90.42
900,120,4400,160,88.83
900,120,4400,170,86.96
900,120,4400,180,84.78
900,120,4500,0,80.15
900,120,4500,10,82.84
900,120,4500,20,85.24
900,120,4500,30,87.34
900,120,4500,40,89.14
900,120,4500,50,90.66
900,120,4500,60,91.9
900,120,4500,70,92.85
900,120,4500,80,93.51
900,120,4500,90,93.89
900,120,4500,100,93.98
900,120,4500,110,93.79
900,120,4500,120,93.32
900,120,4500,130,92.56
900,120,4500,140,91.51
900,120,4500,150,90.18
900,120,4500,160,88.57
900,120,4500,170,86.67
900,120,4500,180,84.45
900,120,4600,0,80.38
900,120,4600,10,83.04
900,120,4600,20,85.4
900,120,4600,30,87.47
900,120,4600,40,89.24
900,120,4600,50,90.72
900,120,4600,60,91.93
900,120,4600,70,92.84
900,120,4600,80,93.47
900,120,4600,90,93.82
900,120,4600,100,93.88
900,120,4600,110,93.66
900,120,4600,120,93.15
900,120,4600,130,92.35
900,120,4600,140,91.28
900,120,4600,150,89.91
900,120,4600,160,88.26
900,120,4600,170,86.33
900,120,4600,180,84.07
900,120,4700,0,80.63
900,120,4700,10,83.26
900,120,4700,20,85.58
900,120,4700,30,87.61
900,120,4700,40,89.34
900,120,4700,50,90.79
900,120,4700,60,91.95
900,120,4700,70,92.83
900,120,4700,80,93.43
900,120,4700,90,93.74
900,120,4700,100,93.76
900,120,4700,110,93.5
900,120,4700,120,92.95
900,120,4700,130,92.12
900,120,4700,140,91.01
900,120,4700,150,89.61
900,120,4700,160,87.92
900,120,4700,170,85.94
900,120,4700,180,83.64
900,120,4800,0,80.91
900,120,4800,10,83.49
900,120,4800,20,85.77
900,120,4800,30,87.76
900,120,4800,40,89.45
900,120,4800,50,90.86
900,120,4800,60,91.98
900,120,4800,70,92.82
900,120,4800,80,93.37
900,120,4800,90,93.64
900,120,4800,100,93.62
900,120,4800,110,93.32
900,120,4800,120,92.73
900,120,4800,130,91.86
900,120,4800,140,90.7
900,120,4800,150,89.26
900,120,4800,160,87.53
900,120,4800,170,85.5
900,120,4800,180,83.15
900,120,4900,0,81.2
900,120,4900,10,83.74
900,120,4900,20,85.98
900,120,4900,30,87.92
900,120,4900,40,89.57
900,120,4900,50,90.93
900,120,4900,60,92.0
900,120,4900,70,92.79
900,120,4900,80,93.3
900,120,4900,90,93.52
900,120,4900,100,93.46
900,120,4900,110,93.11
900,120,4900,120,92.48
900,120,4900,130,91.56
900,120,4900,140,90.36
900,120,4900,150,88.87
900,120,4900,160,87.1
900,120,4900,170,85.01
900,120,4900,180,82.6
900,120,5000,0,81.52
900,120,5000,10,84.0
900,120,5000,20,86.19
900,120,5000,30,88.08
900,120,5000,40,89.68
900,120,5000,50,90.99
900,120,5000,60,92.02
900,120,5000,70,92.76
900,120,5000,80,93.22
900,120,5000,90,93.39
900,120,5000,100,93.28
900,120,5000,110,92.88
900,120,5000,120,92.2
900,120,5000,130,91.23
900,120,5000,140,89.98
900,120,5000,150,88.44
900,120,5000,160,86.61
900,120,5000,170,84.46
900,120,5000,180,81.99
900,120,5100,0,81.84
900,120,5100,10,84.28
900,120,5100,20,86.42
900,120,5100,30,88.25
900,120,5100,40,89.8
900,120,5100,50,91.05
900,120,5100,60,92.03
900,120,5100,70,92.72
900,120,5100,80,93.12
900,120,5100,90,93.24
900,120,5100,100,93.07
900,120,5100,110,92.62
900,120,5100,120,91.89
900,120,5100,130,90.87
900,120,5100,140,89.56
900,120,5100,150,87.97
900,120,5100,160,86.08
900,120,5100,170,83.86
900,120,5100,180,81.32
900,120,5200,0,82.19
900,120,5200,10,84.56
900,120,5200,20,86.64
900,120,5200,30,88.42
900,120,5200,40,89.91
900,120,5200,50,91.11
900,120,5200,60,92.02
900,120,5200,70,92.66
900,120,5200,80,93.0
900,120,5200,90,93.06
900,120,5200,100,92.84
900,120,5200,110,92.33
900,120,5200,120,91.54
900,120,5200,130,90.46
900,120,5200,140,89.1
900,120,5200,150,87.45
900,120,5200,160,85.48
900,120,5200,170,83.19
900,120,5200,180,80.57
900,120,5300,0,82.54
900,120,5300,10,84.85
900,120,5300,20,86.87
900,120,5300,30,88.59
900,120,5300,40,90.01
900,120,5300,50,91.15
900,120,5300,60,92.01
900,120,5300,70,92.58
900,120,5300,80,92.86
900,120,5300,90,92.86
900,120,5300,100,92.58
900,120,5300,110,92.01
900,120,5300,120,91.16
900,120,5300,130,90.02
900,120,5300,140,88.59
900,120,5300,150,86.88
900,120,5300,160,84.83
900,120,5300,170,82.46
900,120,5300,180,79.75
900,120,5400,0,82.9
900,120,5400,10,85.15
900,120,5400,20,87.1
900,120,5400,30,88.75
900,120,5400,40,90.11
900,120,5400,50,91.19
900,120,5400,60,91.98
900,120,5400,70,92.48
900,120,5400,80,92.7
900,120,5400,90,92.64
900,120,5400,100,92.29
900,120,5400,110,91.65
900,120,5400,120,90.73
900,120,5400,130,89.53
900,120,5400,140,88.04
900,120,5400,150,86.24
900,120,5400,160,84.11
900,120,5400,170,81.65
900,120,5400,180,79.0
900,120,5500,0,83.26
900,120,5500,10,85.44
900,120,5500,20,87.33
900,120,5500,30,88.91
900,120,5500,40,90.2
900,120,5500,50,91.21
900,120,5500,60,91.93
900,120,5500,70,92.36
900,120,5500,80,92.51
900,120,5500,90,92.38
900,120,5500,100,91.96
900,120,5500,110,91.26
900,120,5500,120,90.27
900,120,5500,130,89.0
900,120,5500,140,87.44
900,120,5500,150,85.55
900,120,5500,160,83.32
900,120,5500,170,80.76
900,120,5500,180,79.0
900,120,5600,0,83.62
900,120,5600,10,85.74
900,120,5600,20,87.55
900,120,5600,30,89.06
900,120,5600,40,90.27
900,120,5600,50,91.21
900,120,5600,60,91.86
900,120,5600,70,92.22
900,120,5600,80,92.3
900,120,5600,90,92.09
900,120,5600,100,91.6
900,120,5600,110,90.83
900,120,5600,120,89.76
900,120,5600,130,88.42
900,120,5600,140,86.77
900,120,5600,150,84.78
900,120,5600,160,82.45
900,120,5600,170,79.79
900,120,5600,180,79.0
900,120,5700,0,83.99
900,120,5700,10,86.03
900,120,5700,20,87.76
900,120,5700,30,89.19
900,120,5700,40,90.33
900,120,5700,50,91.19
900,120,5700,60,91.76
900,120,5700,70,92.05
900,120,5700,80,92.05
900,120,5700,90,91.77
900,120,5700,100,91.2
900,120,5700,110,90.35
900,120,5700,120,89.21
900,120,5700,130,87.79
900,120,5700,140,86.03
900,120,5700,150,83.94
900,120,5700,160,81.5
900,120,5700,170,79.0
900,120,5700,180,79.0
900,120,5800,0,84.34
900,120,5800,10,86.3
900,120,5800,20,87.96
900,120,5800,30,89.31
900,120,5800,40,90.37
900,120,5800,50,91.15
900,120,5800,60,91.64
900,120,5800,70,91.84
900,120,5800,80,91.77
900,120,5800,90,91.4
900,120,5800,100,90.76
900,120,5800,110,89.82
900,120,5800,120,88.61
900,120,5800,130,87.09
900,120,5800,140,85.22
900,120,5800,150,83.01
900,120,5800,160,80.45
900,120,5800,170,79.0
900,120,5800,180,79.0
900,120,5900,0,84.69
900,120,5900,10,86.57
900,120,5900,20,88.14
900,120,5900,30,89.4
900,120,5900,40,90.38
900,120,5900,50,91.08
900,120,5900,60,91.48
900,120,5900,70,91.61
900,120,5900,80,91.45
900,120,5900,90,91.0
900,120,5900,100,90.27
900,120,5900,110,89.25
900,120,5900,120,87.95
900,120,5900,130,86.31
900,120,5900,140,84.32
900,120,5900,150,81.98
900,120,5900,160,79.28
900,120,5900,170,79.0
900,120,5900,180,79.0
900,120,6000,0,85.03
900,120,6000,10,86.82
900,120,6000,20,88.3
900,120,6000,30,89.48
900,120,6000,40,90.37
900,120,6000,50,90.98
900,120,6000,60,91.3
900,120,6000,70,91.33
900,120,6000,80,91.08
900,120,6000,90,90.55
900,120,6000,100,89.73
900,120,6000,110,88.63
900,120,6000,120,87.22
900,120,6000,130,85.45
900,120,6000,140,83.32
900,120,6000,150,80.83
900,120,6000,160,79.0
900,120,6000,170,79.0
900,120,6000,180,79.0
900,120,6100,0,85.35
900,120,6100,10,87.06
900,120,6100,20,88.45
900,120,6100,30,89.53
900,120,6100,40,90.33
900,120,6100,50,90.84
900,120,6100,60,91.07
900,120,6100,70,91.02
900,120,6100,80,90.68
900,120,6100,90,90.05
900,120,6100,100,89.14
900,120,6100,110,87.95
900,120,6100,120,86.4
900,120,6100,130,84.48
900,120,6100,140,82.2
900,120,6100,150,79.56
900,120,6100,160,79.0
900,120,6100,170,79.0
900,120,6100,180,79.0
900,120,6200,0,85.66
900,120,6200,10,87.27
900,120,6200,20,88.56
900,120,6200,30,89.55
900,120,6200,40,90.25
900,120,6200,50,90.67
900,120,6200,60,90.81
900,120,6200,70,90.66
900,120,6200,80,90.23
900,120,6200,90,89.51
900,120,6200,100,88.5
900,120,6200,110,87.18
900,120,6200,120,85.47
900,120,6200,130,83.4
900,120,6200,140,80.95
900,120,6200,150,79.0
900,120,6200,160,79.0
900,120,6200,170,79.0
900,120,6200,180,79.0
900,120,6300,0,85.94
900,120,6300,10,87.45
900,120,6300,20,88.65
900,120,6300,30,89.54
900,120,6300,40,90.14
900,120,6300,50,90.46
900,120,6300,60,90.5
900,120,6300,70,90.25
900,120,6300,80,89.72
900,120,6300,90,88.9
900,120,6300,100,87.79
900,120,6300,110,86.3
900,120,6300,120,84.42
900,120,6300,130,82.16
900,120,6300,140,79.51
900,120,6300,150,79.0
900,120,6300,160,79.0
900,120,6300,170,79.0
900,120,6300,180,79.0
900,120,6400,0,86.2
900,120,6400,10,87.61
900,120,6400,20,88.7
900,120,6400,30,89.49
900,120,6400,40,89.99
900,120,6400,50,90.21
900,120,6400,60,90.15
900,120,6400,70,89.8
900,120,6400,80,89.16
900,120,6400,90,88.24
900,120,6400,100,86.97
900,120,6400,110,85.29
900,120,6400,120,83.21
900,120,6400,130,80.74
900,120,6400,140,79.0
900,120,6400,150,79.0
900,120,6400,160,79.0
900,120,6400,170,79.0
900,120,6400,180,79.0
900,120,6500,0,86.42
900,120,6500,10,87.73
900,120,6500,20,88.71
900,120,6500,30,89.4
900,120,6500,40,89.79
900,120,6500,50,89.91
900,120,6500,60,89.74
900,120,6500,70,89.28
900,120,6500,80,88.54
900,120,6500,90,87.48
900,120,6500,100,86.0
900,120,6500,110,84.11
900,120,6500,120,81.8
900,120,6500,130,79.06
900,120,6500,140,79.0
900,120,6500,150,79.0
900,120,6500,160,79.0
900,120,6500,170,79.0
900,120,6500,180,79.0
900,120,6600,0,86.62
900,120,6600,10,87.82
900,120,6600,20,88.69
900,120,6600,30,89.26
900,120,6600,40,89.55
900,120,6600,50,89.55
900,120,6600,60,89.27
900,120,6600,70,88.71
900,120,6600,80,87.85
900,120,6600,90,86.57
900,120,6600,100,84.86
900,120,6600,110,82.7
900,120,6600,120,80.09
900,120,6600,130,79.0
900,120,6600,140,79.0
900,120,6600,150,79.0
900,120,6600,160,79.0
900,120,6600,170,79.0
900,120,6600,180,79.0
900,120,6700,0,86.77
900,120,6700,10,87.86
900,120,6700,20,88.61
900,120,6700,30,89.07
900,120,6700,40,89.25
900,120,6700,50,89.14
900,120,6700,60,88.75
900,120,6700,70,88.07
900,120,6700,80,87.0
900,120,6700,90,85.46
900,120,6700,100,83.44
900,120,6700,110,80.94
900,120,6700,120,79.0
900,120,6700,130,79.0
900,120,6700,140,79.0
900,120,6700,150,79.0
900,120,6700,160,79.0
900,120,6700,170,79.0
900,120,6700,180,79.0
900,120,6800,0,86.89
900,120,6800,10,87.86
900,120,6800,20,88.49
900,120,6800,30,88.84
900,120,6800,40,88.89
900,120,6800,50,88.67
900,120,6800,60,88.15
900,120,6800,70,87.29
900,120,6800,80,85.92
900,120,6800,90,84.02
900,120,6800,100,81.61
900,120,6800,110,79.0
900,120,6800,120,79.0
900,120,6800,130,79.0
900,120,6800,140,79.0
900,120,6800,150,79.0
900,120,6800,160,79.0
900,120,6800,170,79.0
900,120,6800,180,79.0
900,120,6900,0,86.96
900,120,6900,10,87.81
900,120,6900,20,88.32
900,120,6900,30,88.54
900,120,6900,40,88.47
900,120,6900,50,88.13
900,120,6900,60,87.46
900,120,6900,70,86.25
900,120,6900,80,84.45
900,120,6900,90,82.06
900,120,6900,100,79.09
900,120,6900,110,79.0
900,120,6900,120,79.0
900,120,6900,130,79.0
900,120,6900,140,79.0
900,120,6900,150,79.0
900,120,6900,160,79.0
900,120,6900,170,79.0
900,120,6900,180,79.0
900,120,7000,0,86.98
900,120,7000,10,87.71
900,120,7000,20,88.08
900,120,7000,30,88.18
900,120,7000,40,87.99
900,120,7000,50,87.5
900,120,7000,60,86.44
900,120,7000,70,84.7
900,120,7000,80,82.27
900,120,7000,90,79.14
900,120,7000,100,79.0
900,120,7000,110,79.0
900,120,7000,120,79.0
900,120,7000,130,79.0
900,120,7000,140,79.0
900,120,7000,150,79.0
900,120,7000,160,79.0
900,120,7000,170,79.0
900,120,7000,180,79.0
900,120,7100,0,86.94
900,120,7100,10,87.54
900,120,7100,20,87.78
900,120,7100,30,87.74
900,120,7100,40,87.42
900,120,7100,50,86.51
900,120,7100,60,84.74
900,120,7100,70,82.1
900,120,7100,80,79.0
900,120,7100,90,79.0
900,120,7100,100,79.0
900,120,7100,110,79.0
900,120,7100,120,79.0
900,120,7100,130,79.0
900,120,7100,140,79.0
900,120,7100,150,79.0
900,120,7100,160,79.0
900,120,7100,170,79.0
900,120,7100,180,79.0
900,120,7200,0,86.85
900,120,7200,10,87.3
900,120,7200,20,87.41
900,120,7200,30,87.23
900,120,7200,40,86.43
900,120,7200,50,84.43
900,120,7200,60,81.22
900,120,7200,70,79.0
900,120,7200,80,79.0
900,120,7200,90,79.0
900,120,7200,100,79.0
900,120,7200,110,79.0
900,120,7200,120,79.0
900,120,7200,130,79.0
900,120,7200,140,79.0
900,120,7200,150,79.0
900,120,7200,160,79.0
900,120,7200,170,79.0
900,120,7200,180,79.0
900,120,7300,0,86.69
900,120,7300,10,86.99
900,120,7300,20,86.95
900,120,7300,30,86.13
900,120,7300,40,83.29
900,120,7300,50,79.0
900,120,7300,60,79.0
900,120,7300,70,79.0
900,120,7300,80,79.0
900,120,7300,90,79.0
900,120,7300,100,79.0
900,120,7300,110,79.0
900,120,7300,120,79.0
900,120,7300,130,79.0
900,120,7300,140,79.0
900,120,7300,150,79.0
900,120,7300,160,79.0
900,120,7300,170,79.0
900,120,7300,180,79.0
900,120,7400,0,86.45
900,120,7400,10,86.59
900,120,7400,20,84.94
900,120,7400,30,79.0
900,120,7400,40,79.0
900,120,7400,50,79.0
900,120,7400,60,79.0
900,120,7400,70,79.0
900,120,7400,80,79.0
900,120,7400,90,79.0
900,120,7400,100,79.0
900,120,7400,110,79.0
900,120,7400,120,79.0
900,120,7400,130,79.0
900,120,7400,140,79.0
900,120,7400,150,79.0
900,120,7400,160,79.0
900,120,7400,170,79.0
900,120,7400,180,79.0
900,120,7500,0,86.1
900,120,7500,10,79.0
900,120,7500,20,79.0
900,120,7500,30,79.0
900,120,7500,40,79.0
900,120,7500,50,79.0
900,120,7500,60,79.0
900,120,7500,70,79.0
900,120,7500,80,79.0
900,120,7500,90,79.0
900,120,7500,100,79.0
900,120,7500,110,79.0
900,120,7500,120,79.0
900,120,7500,130,79.0
900,120,7500,140,79.0
900,120,7500,150,79.0
900,120,7500,160,79.0
900,120,7500,170,79.0
900,120,7500,180,79.0
990,20,0,0,86.84
990,20,0,10,79.0
990,20,0,20,79.0
990,20,0,30,79.0
990,20,0,40,79.0
990,20,0,50,79.0
990,20,0,60,79.0
990,20,0,70,79.0
990,20,0,80,79.0
990,20,0,90,79.0
990,20,0,100,79.0
990,20,0,110,79.0
990,20,0,120,79.0
990,20,0,130,79.0
990,20,0,140,79.0
990,20,0,150,79.0
990,20,0,160,79.0
990,20,0,170,79.0
990,20,0,180,79.0
990,20,100,0,87.17
990,20,100,10,87.34
990,20,100,20,86.47
990,20,100,30,81.33
990,20,100,40,79.0
990,20,100,50,79.0
990,20,100,60,79.0
990,20,100,70,79.0
990,20,100,80,79.0
990,20,100,90,79.0
990,20,100,100,79.0
990,20,100,110,79.0
990,20,100,120,79.0
990,20,100,130,79.0
990,20,100,140,79.0
990,20,100,150,79.0
990,20,100,160,79.0
990,20,100,170,79.0
990,20,100,180,79.0
990,20,200,0,87.37
990,20,200,10,87.73
990,20,200,20,87.73
990,20,200,30,87.3
990,20,200,40,85.38
990,20,200,50,81.75
990,20,200,60,79.0
990,20,200,70,79.0
990,20,200,80,79.0
990,20,200,90,79.0
990,20,200,100,79.0
990,20,200,110,79.0
990,20,200,120,79.0
990,20,200,130,79.0
990,20,200,140,79.0
990,20,200,150,79.0
990,20,200,160,79.0
990,20,200,170,79.0
990,20,200,180,79.0
990,20,300,0,87.48
990,20,300,10,88.01
990,20,300,20,88.18
990,20,300,30,88.06
990,20,300,40,87.59
990,20,300,50,86.21
990,20,300,60,83.81
990,20,300,70,80.39
990,20,300,80,79.0
990,20,300,90,79.0
990,20,300,100,79.0
990,20,300,110,79.0
990,20,300,120,79.0
990,20,300,130,79.0
990,20,300,140,79.0
990,20,300,150,79.0
990,20,300,160,79.0
990,20,300,170,79.0
990,20,300,180,79.0
990,20,400,0,87.51
990,20,400,10,88.19
990,20,400,20,88.52
990,20,400,30,88.56
990,20,400,40,88.32
990,20,400,50,87.74
990,20,400,60,86.46
990,20,400,70,84.44
990,20,400,80,81.67
990,20,400,90,79.0
990,20,400,100,79.0
990,20,400,110,79.0
990,20,400,120,79.0
990,20,400,130,79.0
990,20,400,140,79.0
990,20,400,150,79.0
990,20,400,160,79.0
990,20,400,170,79.0
990,20,400,180,79.0
990,20,500,0,87.46
990,20,500,10,88.3
990,20,500,20,88.77
990,20,500,30,88.97
990,20,500,40,88.88
990,20,500,50,88.5
990,20,500,60,87.78
990,20,500,70,86.47
990,20,500,80,84.56
990,20,500,90,82.04
990,20,500,100,79.0
990,20,500,110,79.0
990,20,500,120,79.0
990,20,500,130,79.0
990,20,500,140,79.0
990,20,500,150,79.0
990,20,500,160,79.0
990,20,500,170,79.0
990,20,500,180,79.0
990,20,600,0,87.35
990,20,600,10,88.32
990,20,600,20,88.95
990,20,600,30,89.29
990,20,600,40,89.34
990,20,600,50,89.1
990,20,600,60,88.59
990,20,600,70,87.71
990,20,600,80,86.32
990,20,600,90,84.4
990,20,600,100,81.97
990,20,600,110,79.01
990,20,600,120,79.0
990,20,600,130,79.0
990,20,600,140,79.0
990,20,600,150,79.0
990,20,600,160,79.0
990,20,600,170,79.0
990,20,600,180,79.0
990,20,700,0,87.18
990,20,700,10,88.29
990,20,700,20,89.05
990,20,700,30,89.53
990,20,700,40,89.72
990,20,700,50,89.62
990,20,700,60,89.24
990,20,700,70,88.58
990,20,700,80,87.54
990,20,700,90,86.03
990,20,700,100,84.05
990,20,700,110,81.61
990,20,700,120,79.0
990,20,700,130,79.0
990,20,700,140,79.0
990,20,700,150,79.0
990,20,700,160,79.0
990,20,700,170,79.0
990,20,700,180,79.0
990,20,800,0,86.95
990,20,800,10,88.19
990,20,800,20,89.09
990,20,800,30,89.7
990,20,800,40,90.02
990,20,800,50,90.06
990,20,800,60,89.81
990,20,800,70,89.28
990,20,800,80,88.46
990,20,800,90,87.25
990,20,800,100,85.61
990,20,800,110,83.54
990,20,800,120,81.03
990,20,800,130,79.0
990,20,800,140,79.0
990,20,800,150,79.0
990,20,800,160,79.0
990,20,800,170,79.0
990,20,800,180,79.0
990,20,900,0,86.68
990,20,900,10,88.04
990,20,900,20,89.07
990,20,900,30,89.81
990,20,900,40,90.26
990,20,900,50,90.42
990,20,900,60,90.3
990,20,900,70,89.9
990,20,900,80,89.21
990,20,900,90,88.22
990,20,900,100,86.85
990,20,900,110,85.06
990,20,900,120,82.87
990,20,900,130,80.26
990,20,900,140,79.0
990,20,900,150,79.0
990,20,900,160,79.0
990,20,900,170,79.0
990,20,900,180,79.0
990,20,1000,0,86.36
990,20,1000,10,87.84
990,20,1000,20,89.0
990,20,1000,30,89.86
990,20,1000,40,90.43
990,20,1000,50,90.72
990,20,1000,60,90.72
990,20,1000,70,90.44
990,20,1000,80,89.87
990,20,1000,90,89.02
990,20,1000,100,87.86
990,20,1000,110,86.32
990,20,1000,120,84.38
990,20,1000,130,82.05
990,20,1000,140,79.33
990,20,1000,150,79.0
990,20,1000,160,79.0
990,20,1000,170,79.0
990,20,1000,180,79.0
990,20,1100,0,86.0
990,20,1100,10,87.6
990,20,1100,20,88.88
990,20,1100,30,89.86
990,20,1100,40,90.55
990,20,1100,50,90.96
990,20,1100,60,91.08
990,20,1100,70,90.92
990,20,1100,80,90.47
990,20,1100,90,89.74
990,20,1100,100,88.72
990,20,1100,110,87.37
990,20,1100,120,85.65
990,20,1100,130,83.55
990,20,1100,140,81.07
990,20,1100,150,79.0
990,20,1100,160,79.0
990,20,1100,170,79.0
990,20,1100,180,79.0
990,20,1200,0,85.61
990,20,1200,10,87.32
990,20,1200,20,88.72
990,20,1200,30,89.81
990,20,1200,40,90.62
990,20,1200,50,91.14
990,20,1200,60,91.38
990,20,1200,70,91.33
990,20,1200,80,90.99
990,20,1200,90,90.38
990,20,1200,100,89.48
990,20,1200,110,88.28
990,20,1200,120,86.75
990,20,1200,130,84.85
990,20,1200,140,82.58
990,20,1200,150,79.95
990,20,1200,160,79.0
990,20,1200,170,79.0
990,20,1200,180,79.0
990,20,1300,0,85.19
990,20,1300,10,87.01
990,20,1300,20,88.52
990,20,1300,30,89.72
990,20,1300,40,90.64
990,20,1300,50,91.27
990,20,1300,60,91.62
990,20,1300,70,91.68
990,20,1300,80,91.46
990,20,1300,90,90.95
990,20,1300,100,90.16
990,20,1300,110,89.08
990,20,1300,120,87.71
990,20,1300,130,85.98
990,20,1300,140,83.89
990,20,1300,150,81.45
990,20,1300,160,79.0
990,20,1300,170,79.0
990,20,1300,180,79.0
990,20,1400,0,84.74
990,20,1400,10,86.66
990,20,1400,20,88.28
990,20,1400,30,89.59
990,20,1400,40,90.62
990,20,1400,50,91.35
990,20,1400,60,91.81
990,20,1400,70,91.98
990,20,1400,80,91.86
990,20,1400,90,91.46
990,20,1400,100,90.78
990,20,1400,110,89.81
990,20,1400,120,88.55
990,20,1400,130,86.98
990,20,1400,140,85.06
990,20,1400,150,82.79
990,20,1400,160,80.17
990,20,1400,170,79.0
990,20,1400,180,79.0
990,20,1500,0,84.27
990,20,1500,10,86.3
990,20,1500,20,88.02
990,20,1500,30,89.43
990,20,1500,40,90.56
990,20,1500,50,91.4
990,20,1500,60,91.96
990,20,1500,70,92.23
990,20,1500,80,92.22
990,20,1500,90,91.92
990,20,1500,100,91.33
990,20,1500,110,90.47
990,20,1500,120,89.31
990,20,1500,130,87.87
990,20,1500,140,86.1
990,20,1500,150,83.98
990,20,1500,160,81.52
990,20,1500,170,79.0
990,20,1500,180,79.0
990,20,1600,0,83.79
990,20,1600,10,85.91
990,20,1600,20,87.73
990,20,1600,30,89.24
990,20,1600,40,90.47
990,20,1600,50,91.41
990,20,1600,60,92.06
990,20,1600,70,92.43
990,20,1600,80,92.52
990,20,1600,90,92.32
990,20,1600,100,91.83
990,20,1600,110,91.07
990,20,1600,120,90.01
990,20,1600,130,88.67
990,20,1600,140,87.03
990,20,1600,150,85.05
990,20,1600,160,82.73
990,20,1600,170,80.08
990,20,1600,180,79.0
990,20,1700,0,83.29
990,20,1700,10,85.51
990,20,1700,20,87.42
990,20,1700,30,89.03
990,20,1700,40,90.35
990,20,1700,50,91.38
990,20,1700,60,92.13
990,20,1700,70,92.6
990,20,1700,80,92.78
990,20,1700,90,92.67
990,20,1700,100,92.28
990,20,1700,110,91.61
990,20,1700,120,90.65
990,20,1700,130,89.4
990,20,1700,140,87.87
990,20,1700,150,86.02
990,20,1700,160,83.83
990,20,1700,170,81.31
990,20,1700,180,79.0
990,20,1800,0,82.79
990,20,1800,10,85.09
990,20,1800,20,87.1
990,20,1800,30,88.8
990,20,1800,40,90.21
990,20,1800,50,91.33
990,20,1800,60,92.17
990,20,1800,70,92.72
990,20,1800,80,92.99
990,20,1800,90,92.98
990,20,1800,100,92.68
990,20,1800,110,92.09
990,20,1800,120,91.22
990,20,1800,130,90.07
990,20,1800,140,88.63
990,20,1800,150,86.89
990,20,1800,160,84.83
990,20,1800,170,82.43
990,20,1800,180,79.71
990,20,1900,0,82.28
990,20,1900,10,84.67
990,20,1900,20,86.76
990,20,1900,30,88.55
990,20,1900,40,90.04
990,20,1900,50,91.25
990,20,1900,60,92.18
990,20,1900,70,92.82
990,20,1900,80,93.17
990,20,1900,90,93.25
990,20,1900,100,93.03
990,20,1900,110,92.53
990,20,1900,120,91.75
990,20,1900,130,90.68
990,20,1900,140,89.33
990,20,1900,150,87.69
990,20,1900,160,85.73
990,20,1900,170,83.45
990,20,1900,180,80.84
990,20,2000,0,81.78
990,20,2000,10,84.25
990,20,2000,20,86.42
990,20,2000,30,88.29
990,20,2000,40,89.86
990,20,2000,50,91.16
990,20,2000,60,92.16
990,20,2000,70,92.89
990,20,2000,80,93.32
990,20,2000,90,93.48
990,20,2000,100,93.34
990,20,2000,110,92.93
990,20,2000,120,92.22
990,20,2000,130,91.24
990,20,2000,140,89.96
990,20,2000,150,88.41
990,20,2000,160,86.56
990,20,2000,170,84.38
990,20,2000,180,81.88
990,20,2100,0,81.28
990,20,2100,10,83.82
990,20,2100,20,86.07
990,20,2100,30,88.02
990,20,2100,40,89.67
990,20,2100,50,91.04
990,20,2100,60,92.13
990,20,2100,70,92.93
990,20,2100,80,93.44
990,20,2100,90,93.67
990,20,2100,100,93.62
990,20,2100,110,93.28
990,20,2100,120,92.65
990,20,2100,130,91.74
990,20,2100,140,90.55
990,20,2100,150,89.07
990,20,2100,160,87.3
990,20,2100,170,85.23
990,20,2100,180,82.83
990,20,2200,0,80.79
990,20,2200,10,83.4
990,20,2200,20,85.72
990,20,2200,30,87.74
990,20,2200,40,89.47
990,20,2200,50,90.92
990,20,2200,60,92.07
990,20,2200,70,92.95
990,20,2200,80,93.53
990,20,2200,90,93.84
990,20,2200,100,93.86
990,20,2200,110,93.59
990,20,2200,120,93.04
990,20,2200,130,92.2
990,20,2200,140,91.08
990,20,2200,150,89.67
990,20,2200,160,87.98
990,20,2200,170,86.0
990,20,2200,180,83.69
990,20,2300,0,80.31
990,20,2300,10,82.99
990,20,2300,20,85.38
990,20,2300,30,87.47
990,20,2300,40,89.27
990,20,2300,50,90.78
990,20,2300,60,92.01
990,20,2300,70,92.95
990,20,2300,80,93.61
990,20,2300,90,93.98
990,20,2300,100,94.06
990,20,2300,110,93.87
990,20,2300,120,93.38
990,20,2300,130,92.62
990,20,2300,140,91.56
990,20,2300,150,90.23
990,20,2300,160,88.61
990,20,2300,170,86.7
990,20,2300,180,84.47
990,20,2400,0,79.84
990,20,2400,10,82.59
990,20,2400,20,85.04
990,20,2400,30,87.2
990,20,2400,40,89.06
990,20,2400,50,90.64
990,20,2400,60,91.93
990,20,2400,70,92.94
990,20,2400,80,93.66
990,20,2400,90,94.09
990,20,2400,100,94.25
990,20,2400,110,94.11
990,20,2400,120,93.69
990,20,2400,130,92.99
990,20,2400,140,92.0
990,20,2400,150,90.73
990,20,2400,160,89.17
990,20,2400,170,87.33
990,20,2400,180,85.19
990,20,2500,0,79.4
990,20,2500,10,82.2
990,20,2500,20,84.72
990,20,2500,30,86.93
990,20,2500,40,88.86
990,20,2500,50,90.49
990,20,2500,60,91.84
990,20,2500,70,92.91
990,20,2500,80,93.69
990,20,2500,90,94.19
990,20,2500,100,94.4
990,20,2500,110,94.33
990,20,2500,120,93.97
990,20,2500,130,93.33
990,20,2500,140,92.4
990,20,2500,150,91.19
990,20,2500,160,89.69
990,20,2500,170,87.91
990,20,2500,180,85.83
990,20,2600,0,79.0
990,20,2600,10,81.84
990,20,2600,20,84.41
990,20,2600,30,86.68
990,20,2600,40,88.66
990,20,2600,50,90.35
990,20,2600,60,91.76
990,20,2600,70,92.88
990,20,2600,80,93.72
990,20,2600,90,94.27
990,20,2600,100,94.54
990,20,2600,110,94.52
990,20,2600,120,94.22
990,20,2600,130,93.63
990,20,2600,140,92.76
990,20,2600,150,91.6
990,20,2600,160,90.16
990,20,2600,170,88.43
990,20,2600,180,86.42
990,20,2700,0,79.0
990,20,2700,10,81.49
990,20,2700,20,84.11
990,20,2700,30,86.44
990,20,2700,40,88.47
990,20,2700,50,90.21
990,20,2700,60,91.67
990,20,2700,70,92.84
990,20,2700,80,93.73
990,20,2700,90,94.33
990,20,2700,100,94.65
990,20,2700,110,94.68
990,20,2700,120,94.43
990,20,2700,130,93.9
990,20,2700,140,93.08
990,20,2700,150,91.97
990,20,2700,160,90.58
990,20,2700,170,88.9
990,20,2700,180,86.94
990,20,2800,0,79.0
990,20,2800,10,81.17
990,20,2800,20,83.83
990,20,2800,30,86.21
990,20,2800,40,88.28
990,20,2800,50,90.07
990,20,2800,60,91.58
990,20,2800,70,92.8
990,20,2800,80,93.73
990,20,2800,90,94.38
990,20,2800,100,94.75
990,20,2800,110,94.83
990,20,2800,120,94.62
990,20,2800,130,94.13
990,20,2800,140,93.36
990,20,2800,150,92.3
990,20,2800,160,90.96
990,20,2800,170,89.33
990,20,2800,180,87.41
990,20,2900,0,79.0
990,20,2900,10,80.87
990,20,2900,20,83.58
990,20,2900,30,85.99
990,20,2900,40,88.11
990,20,2900,50,89.95
990,20,2900,60,91.49
990,20,2900,70,92.75
990,20,2900,80,93.73
990,20,2900,90,94.42
990,20,2900,100,94.83
990,20,2900,110,94.95
990,20,2900,120,94.79
990,20,2900,130,94.34
990,20,2900,140,93.61
990,20,2900,150,92.59
990,20,2900,160,91.29
990,20,2900,170,89.7
990,20,2900,180,87.83
990,20,3000,0,79.0
990,20,3000,10,80.61
990,20,3000,20,83.35
990,20,3000,30,85.8
990,20,3000,40,87.96
990,20,3000,50,89.83
990,20,3000,60,91.41
990,20,3000,70,92.71
990,20,3000,80,93.73
990,20,3000,90,94.46
990,20,3000,100,94.9
990,20,3000,110,95.06
990,20,3000,120,94.94
990,20,3000,130,94.53
990,20,3000,140,93.83
990,20,3000,150,92.85
990,20,3000,160,91.59
990,20,3000,170,90.04
990,20,3000,180,88.2
990,20,3100,0,79.0
990,20,3100,10,80.37
990,20,3100,20,83.15
990,20,3100,30,85.63
990,20,3100,40,87.82
990,20,3100,50,89.72
990,20,3100,60,91.34
990,20,3100,70,92.67
990,20,3100,80,93.72
990,20,3100,90,94.48
990,20,3100,100,94.96
990,20,3100,110,95.15
990,20,3100,120,95.06
990,20,3100,130,94.68
990,20,3100,140,94.02
990,20,3100,150,93.08
990,20,3100,160,91.84
990,20,3100,170,90.33
990,20,3100,180,88.53
990,20,3200,0,79.0
990,20,3200,10,80.17
990,20,3200,20,82.97
990,20,3200,30,85.48
990,20,3200,40,87.7
990,20,3200,50,89.63
990,20,3200,60,91.28
990,20,3200,70,92.64
990,20,3200,80,93.71
990,20,3200,90,94.5
990,20,3200,100,95.01
990,20,3200,110,95.23
990,20,3200,120,95.17
990,20,3200,130,94.82
990,20,3200,140,94.19
990,20,3200,150,93.27
990,20,3200,160,92.06
990,20,3200,170,90.57
990,20,3200,180,88.8
990,20,3300,0,79.0
990,20,3300,10,80.0
990,20,3300,20,82.83
990,20,3300,30,85.36
990,20,3300,40,87.6
990,20,3300,50,89.56
990,20,3300,60,91.23
990,20,3300,70,92.61
990,20,3300,80,93.71
990,20,3300,90,94.52
990,20,3300,100,95.05
990,20,3300,110,95.3
990,20,3300,120,95.26
990,20,3300,130,94.93
990,20,3300,140,94.32
990,20,3300,150,93.43
990,20,3300,160,92.25
990,20,3300,170,90.78
990,20,3300,180,89.03
990,20,3400,0,79.0
990,20,3400,10,79.86
990,20,3400,20,82.71
990,20,3400,30,85.27
990,20,3400,40,87.53
990,20,3400,50,89.5
990,20,3400,60,91.19
990,20,3400,70,92.59
990,20,3400,80,93.71
990,20,3400,90,94.54
990,20,3400,100,95.09
990,20,3400,110,95.35
990,20,3400,120,95.33
990,20,3400,130,95.02
990,20,3400,140,94.43
990,20,3400,150,93.56
990,20,3400,160,92.4
990,20,3400,170,90.95
990,20,3400,180,89.22
990,20,3500,0,79.0
990,20,3500,10,79.77
990,20,3500,20,82.63
990,20,3500,30,85.2
990,20,3500,40,87.47
990,20,3500,50,89.46
990,20,3500,60,91.16
990,20,3500,70,92.58
990,20,3500,80,93.71
990,20,3500,90,94.56
990,20,3500,100,95.12
990,20,3500,110,95.4
990,20,3500,120,95.39
990,20,3500,130,95.1
990,20,3500,140,94.52
990,20,3500,150,93.66
990,20,3500,160,92.51
990,20,3500,170,91.08
990,20,3500,180,89.36
990,20,3600,0,79.0
990,20,3600,10,79.71
990,20,3600,20,82.58
990,20,3600,30,85.16
990,20,3600,40,87.44
990,20,3600,50,89.44
990,20,3600,60,91.15
990,20,3600,70,92.58
990,20,3600,80,93.72
990,20,3600,90,94.57
990,20,3600,100,95.15
990,20,3600,110,95.43
990,20,3600,120,95.43
990,20,3600,130,95.15
990,20,3600,140,94.58
990,20,3600,150,93.73
990,20,3600,160,92.59
990,20,3600,170,91.17
990,20,3600,180,89.46
990,20,3700,0,79.0
990,20,3700,10,79.68
990,20,3700,20,82.56
990,20,3700,30,85.14
990,20,3700,40,87.43
990,20,3700,50,89.44
990,20,3700,60,91.15
990,20,3700,70,92.58
990,20,3700,80,93.73
990,20,3700,90,94.59
990,20,3700,100,95.17
990,20,3700,110,95.46
990,20,3700,120,95.47
990,20,3700,130,95.19
990,20,3700,140,94.62
990,20,3700,150,93.78
990,20,3700,160,92.64
990,20,3700,170,91.23
990,20,3700,180,89.52
990,20,3800,0,79.0
990,20,3800,10,79.7
990,20,3800,20,82.58
990,20,3800,30,85.16
990,20,3800,40,87.45
990,20,3800,50,89.45
990,20,3800,60,91.17
990,20,3800,70,92.6
990,20,3800,80,93.75
990,20,3800,90,94.61
990,20,3800,100,95.18
990,20,3800,110,95.48
990,20,3800,120,95.48
990,20,3800,130,95.2
990,20,3800,140,94.64
990,20,3800,150,93.79
990,20,3800,160,92.66
990,20,3800,170,91.24
990,20,3800,180,89.54
990,20,3900,0,79.0
990,20,3900,10,79.76
990,20,3900,20,82.63
990,20,3900,30,85.21
990,20,3900,40,87.49
990,20,3900,50,89.49
990,20,3900,60,91.2
990,20,3900,70,92.63
990,20,3900,80,93.77
990,20,3900,90,94.62
990,20,3900,100,95.2
990,20,3900,110,95.48
990,20,3900,120,95.49
990,20,3900,130,95.2
990,20,3900,140,94.63
990,20,3900,150,93.78
990,20,3900,160,92.64
990,20,3900,170,91.22
990,20,3900,180,89.52
990,20,4000,0,79.0
990,20,4000,10,79.85
990,20,4000,20,82.71
990,20,4000,30,85.28
990,20,4000,40,87.56
990,20,4000,50,89.54
990,20,4000,60,91.25
990,20,4000,70,92.66
990,20,4000,80,93.8
990,20,4000,90,94.64
990,20,4000,100,95.2
990,20,4000,110,95.48
990,20,4000,120,95.47
990,20,4000,130,95.18
990,20,4000,140,94.61
990,20,4000,150,93.74
990,20,4000,160,92.6
990,20,4000,170,91.16
990,20,4000,180,89.45
990,20,4100,0,79.0
990,20,4100,10,79.98
990,20,4100,20,82.83
990,20,4100,30,85.38
990,20,4100,40,87.65
990,20,4100,50,89.62
990,20,4100,60,91.31
990,20,4100,70,92.71
990,20,4100,80,93.83
990,20,4100,90,94.66
990,20,4100,100,95.21
990,20,4100,110,95.47
990,20,4100,120,95.45
990,20,4100,130,95.14
990,20,4100,140,94.55
990,20,4100,150,93.68
990,20,4100,160,92.52
990,20,4100,170,91.07
990,20,4100,180,89.34
990,20,4200,0,79.0
990,20,4200,10,80.15
990,20,4200,20,82.98
990,20,4200,30,85.51
990,20,4200,40,87.76
990,20,4200,50,89.71
990,20,4200,60,91.38
990,20,4200,70,92.76
990,20,4200,80,93.86
990,20,4200,90,94.68
990,20,4200,100,95.21
990,20,4200,110,95.45
990,20,4200,120,95.41
990,20,4200,130,95.09
990,20,4200,140,94.47
990,20,4200,150,93.58
990,20,4200,160,92.4
990,20,4200,170,90.93
990,20,4200,180,89.19
990,20,4300,0,79.0
990,20,4300,10,80.35
990,20,4300,20,83.16
990,20,4300,30,85.67
990,20,4300,40,87.89
990,20,4300,50,89.82
990,20,4300,60,91.47
990,20,4300,70,92.83
990,20,4300,80,93.9
990,20,4300,90,94.69
990,20,4300,100,95.2
990,20,4300,110,95.42
990,20,4300,120,95.35
990,20,4300,130,95.01
990,20,4300,140,94.37
990,20,4300,150,93.45
990,20,4300,160,92.25
990,20,4300,170,90.76
990,20,4300,180,88.99
990,20,4400,0,79.0
990,20,4400,10,80.59
990,20,4400,20,83.37
990,20,4400,30,85.85
990,20,4400,40,88.04
990,20,4400,50,89.94
990,20,4400,60,91.56
990,20,4400,70,92.89
990,20,4400,80,93.94
990,20,4400,90,94.7
990,20,4400,100,95.18
990,20,4400,110,95.37
990,20,4400,120,95.28
990,20,4400,130,94.9
990,20,4400,140,94.24
990,20,4400,150,93.3
990,20,4400,160,92.06
990,20,4400,170,90.55
990,20,4400,180,88.75
990,20,4500,0,79.0
990,20,4500,10,80.86
990,20,4500,20,83.61
990,20,4500,30,86.06
990,20,4500,40,88.21
990,20,4500,50,90.08
990,20,4500,60,91.67
990,20,4500,70,92.97
990,20,4500,80,93.98
990,20,4500,90,94.71
990,20,4500,100,95.16
990,20,4500,110,95.32
990,20,4500,120,95.19
990,20,4500,130,94.78
990,20,4500,140,94.09
990,20,4500,150,93.11
990,20,4500,160,91.84
990,20,4500,170,90.29
990,20,4500,180,88.46
990,20,4600,0,79.0
990,20,4600,10,81.16
990,20,4600,20,83.87
990,20,4600,30,86.28
990,20,4600,40,88.4
990,20,4600,50,90.23
990,20,4600,60,91.78
990,20,4600,70,93.04
990,20,4600,80,94.02
990,20,4600,90,94.71
990,20,4600,100,95.12
990,20,4600,110,95.24
990,20,4600,120,95.08
990,20,4600,130,94.63
990,20,4600,140,93.9
990,20,4600,150,92.88
990,20,4600,160,91.58
990,20,4600,170,89.99
990,20,4600,180,88.12
990,20,4700,0,79.0
990,20,4700,10,81.49
990,20,4700,20,84.16
990,20,4700,30,86.53
990,20,4700,40,88.61
990,20,4700,50,90.4
990,20,4700,60,91.9
990,20,4700,70,93.12
990,20,4700,80,94.06
990,20,4700,90,94.71
990,20,4700,100,95.07
990,20,4700,110,95.15
990,20,4700,120,94.95
990,20,4700,130,94.46
990,20,4700,140,93.68
990,20,4700,150,92.62
990,20,4700,160,91.28
990,20,4700,170,89.65
990,20,4700,180,87.74
990,20,4800,0,79.0
990,20,4800,10,81.85
990,20,4800,20,84.47
990,20,4800,30,86.79
990,20,4800,40,88.82
990,20,4800,50,90.57
990,20,4800,60,92.02
990,20,4800,70,93.2
990,20,4800,80,94.08
990,20,4800,90,94.69
990,20,4800,100,95.01
990,20,4800,110,95.04
990,20,4800,120,94.79
990,20,4800,130,94.25
990,20,4800,140,93.43
990,20,4800,150,92.33
990,20,4800,160,90.94
990,20,4800,170,89.26
990,20,4800,180,87.3
990,20,4900,0,79.36
990,20,4900,10,82.23
990,20,4900,20,84.8
990,20,4900,30,87.07
990,20,4900,40,89.05
990,20,4900,50,90.74
990,20,4900,60,92.15
990,20,4900,70,93.27
990,20,4900,80,94.11
990,20,4900,90,94.66
990,20,4900,100,94.93
990,20,4900,110,94.91
990,20,4900,120,94.61
990,20,4900,130,94.02
990,20,4900,140,93.15
990,20,4900,150,91.99
990,20,4900,160,90.55
990,20,4900,170,88.82
990,20,4900,180,86.81
990,20,5000,0,79.82
990,20,5000,10,82.63
990,20,5000,20,85.14
990,20,5000,30,87.36
990,20,5000,40,89.28
990,20,5000,50,90.92
990,20,5000,60,92.27
990,20,5000,70,93.34
990,20,5000,80,94.12
990,20,5000,90,94.61
990,20,5000,100,94.83
990,20,5000,110,94.75
990,20,5000,120,94.4
990,20,5000,130,93.75
990,20,5000,140,92.82
990,20,5000,150,91.61
990,20,5000,160,90.11
990,20,5000,170,88.33
990,20,5000,180,86.26
990,20,5100,0,80.3
990,20,5100,10,83.05
990,20,5100,20,85.5
990,20,5100,30,87.66
990,20,5100,40,89.52
990,20,5100,50,91.1
990,20,5100,60,92.39
990,20,5100,70,93.39
990,20,5100,80,94.12
990,20,5100,90,94.55
990,20,5100,100,94.7
990,20,5100,110,94.57
990,20,5100,120,94.15
990,20,5100,130,93.45
990,20,5100,140,92.46
990,20,5100,150,91.19
990,20,5100,160,89.63
990,20,5100,170,87.79
990,20,5100,180,85.64
990,20,5200,0,80.8
990,20,5200,10,83.48
990,20,5200,20,85.87
990,20,5200,30,87.96
990,20,5200,40,89.76
990,20,5200,50,91.27
990,20,5200,60,92.5
990,20,5200,70,93.44
990,20,5200,80,94.1
990,20,5200,90,94.47
990,20,5200,100,94.56
990,20,5200,110,94.36
990,20,5200,120,93.88
990,20,5200,130,93.11
990,20,5200,140,92.06
990,20,5200,150,90.72
990,20,5200,160,89.1
990,20,5200,170,87.19
990,20,5200,180,84.96
990,20,5300,0,81.31
990,20,5300,10,83.93
990,20,5300,20,86.25
990,20,5300,30,88.27
990,20,5300,40,90.0
990,20,5300,50,91.44
990,20,5300,60,92.6
990,20,5300,70,93.47
990,20,5300,80,94.06
990,20,5300,90,94.36
990,20,5300,100,94.38
990,20,5300,110,94.12
990,20,5300,120,93.56
990,20,5300,130,92.73
990,20,5300,140,91.61
990,20,5300,150,90.2
990,20,5300,160,88.51
990,20,5300,170,86.52
990,20,5300,180,84.21
990,20,5400,0,81.84
990,20,5400,10,84.38
990,20,5400,20,86.63
990,20,5400,30,88.58
990,20,5400,40,90.23
990,20,5400,50,91.6
990,20,5400,60,92.69
990,20,5400,70,93.49
990,20,5400,80,94.0
990,20,5400,90,94.23
990,20,5400,100,94.18
990,20,5400,110,93.84
990,20,5400,120,93.21
990,20,5400,130,92.3
990,20,5400,140,91.11
990,20,5400,150,89.63
990,20,5400,160,87.86
990,20,5400,170,85.79
990,20,5400,180,83.39
990,20,5500,0,82.37
990,20,5500,10,84.84
990,20,5500,20,87.01
990,20,5500,30,88.88
990,20,5500,40,90.46
990,20,5500,50,91.75
990,20,5500,60,92.76
990,20,5500,70,93.48
990,20,5500,80,93.92
990,20,5500,90,94.07
990,20,5500,100,93.94
990,20,5500,110,93.52
990,20,5500,120,92.82
990,20,5500,130,91.83
990,20,5500,140,90.56
990,20,5500,150,89.0
990,20,5500,160,87.15
990,20,5500,170,84.98
990,20,5500,180,82.48
990,20,5600,0,82.91
990,20,5600,10,85.3
990,20,5600,20,87.39
990,20,5600,30,89.18
990,20,5600,40,90.67
990,20,5600,50,91.88
990,20,5600,60,92.81
990,20,5600,70,93.45
990,20,5600,80,93.8
990,20,5600,90,93.87
990,20,5600,100,93.66
990,20,5600,110,93.16
990,20,5600,120,92.38
990,20,5600,130,91.31
990,20,5600,140,89.95
990,20,5600,150,88.32
990,20,5600,160,86.36
990,20,5600,170,84.08
990,20,5600,180,81.47
990,20,5700,0,83.45
990,20,5700,10,85.76
990,20,5700,20,87.76
990,20,5700,30,89.46
990,20,5700,40,90.87
990,20,5700,50,91.99
990,20,5700,60,92.83
990,20,5700,70,93.39
990,20,5700,80,93.66
990,20,5700,90,93.64
990,20,5700,100,93.34
990,20,5700,110,92.76
990,20,5700,120,91.89
990,20,5700,130,90.73
990,20,5700,140,89.29
990,20,5700,150,87.56
990,20,5700,160,85.49
990,20,5700,170,83.1
990,20,5700,180,80.37
990,20,5800,0,83.99
990,20,5800,10,86.2
990,20,5800,20,88.12
990,20,5800,30,89.73
990,20,5800,40,91.04
990,20,5800,50,92.08
990,20,5800,60,92.83
990,20,5800,70,93.29
990,20,5800,80,93.47
990,20,5800,90,93.37
990,20,5800,100,92.98
990,20,5800,110,92.3
990,20,5800,120,91.34
990,20,5800,130,90.1
990,20,5800,140,88.57
990,20,5800,150,86.72
990,20,5800,160,84.53
990,20,5800,170,82.01
990,20,5800,180,79.16
990,20,5900,0,84.52
990,20,5900,10,86.64
990,20,5900,20,88.46
990,20,5900,30,89.97
990,20,5900,40,91.2
990,20,5900,50,92.14
990,20,5900,60,92.79
990,20,5900,70,93.16
990,20,5900,80,93.25
990,20,5900,90,93.05
990,20,5900,100,92.56
990,20,5900,110,91.8
990,20,5900,120,90.74
990,20,5900,130,89.4
990,20,5900,140,87.76
990,20,5900,150,85.78
990,20,5900,160,83.47
990,20,5900,170,80.81
990,20,5900,180,79.0
990,20,6000,0,85.04
990,20,6000,10,87.06
990,20,6000,20,88.78
990,20,6000,30,90.2
990,20,6000,40,91.32
990,20,6000,50,92.16
990,20,6000,60,92.72
990,20,6000,70,92.99
990,20,6000,80,92.98
990,20,6000,90,92.68
990,20,6000,100,92.1
990,20,6000,110,91.23
990,20,6000,120,90.08
990,20,6000,130,88.64
990,20,6000,140,86.86
990,20,6000,150,84.74
990,20,6000,160,82.28
990,20,6000,170,79.48
990,20,6000,180,79.0
990,20,6100,0,85.54
990,20,6100,10,87.46
990,20,6100,20,89.08
990,20,6100,30,90.39
990,20,6100,40,91.41
990,20,6100,50,92.15
990,20,6100,60,92.61
990,20,6100,70,92.78
990,20,6100,80,92.66
990,20,6100,90,92.26
990,20,6100,100,91.58
990,20,6100,110,90.61
990,20,6100,120,89.35
990,20,6100,130,87.78
990,20,6100,140,85.86
990,20,6100,150,83.59
990,20,6100,160,80.97
990,20,6100,170,79.0
990,20,6100,180,79.0
990,20,6200,0,86.02
990,20,6200,10,87.84
990,20,6200,20,89.35
990,20,6200,30,90.55
990,20,6200,40,91.47
990,20,6200,50,92.1
990,20,6200,60,92.45
990,20,6200,70,92.51
990,20,6200,80,92.29
990,20,6200,90,91.78
990,20,6200,100,90.99
990,20,6200,110,89.92
990,20,6200,120,88.54
990,20,6200,130,86.81
990,20,6200,140,84.73
990,20,6200,150,82.29
990,20,6200,160,79.49
990,20,6200,170,79.0
990,20,6200,180,79.0
990,20,6300,0,86.48
990,20,6300,10,88.19
990,20,6300,20,89.58
990,20,6300,30,90.68
990,20,6300,40,91.48
990,20,6300,50,92.0
990,20,6300,60,92.24
990,20,6300,70,92.19
990,20,6300,80,91.86
990,20,6300,90,91.24
990,20,6300,100,90.34
990,20,6300,110,89.15
990,20,6300,120,87.61
990,20,6300,130,85.71
990,20,6300,140,83.45
990,20,6300,150,80.81
990,20,6300,160,79.0
990,20,6300,170,79.0
990,20,6300,180,79.0
990,20,6400,0,86.9
990,20,6400,10,88.5
990,20,6400,20,89.78
990,20,6400,30,90.76
990,20,6400,40,91.45
990,20,6400,50,91.86
990,20,6400,60,91.98
990,20,6400,70,91.82
990,20,6400,80,91.37
990,20,6400,90,90.64
990,20,6400,100,89.62
990,20,6400,110,88.27
990,20,6400,120,86.55
990,20,6400,130,84.45
990,20,6400,140,81.98
990,20,6400,150,79.12
990,20,6400,160,79.0
990,20,6400,170,79.0
990,20,6400,180,79.0
990,20,6500,0,87.3
990,20,6500,10,88.78
990,20,6500,20,89.93
990,20,6500,30,90.79
990,20,6500,40,91.37
990,20,6500,50,91.65
990,20,6500,60,91.66
990,20,6500,70,91.38
990,20,6500,80,90.81
990,20,6500,90,89.96
990,20,6500,100,88.8
990,20,6500,110,87.25
990,20,6500,120,85.31
990,20,6500,130,82.98
990,20,6500,140,80.26
990,20,6500,150,79.0
990,20,6500,160,79.0
990,20,6500,170,79.0
990,20,6500,180,79.0
990,20,6600,0,87.65
990,20,6600,10,89.01
990,20,6600,20,90.04
990,20,6600,30,90.78
990,20,6600,40,91.23
990,20,6600,50,91.39
990,20,6600,60,91.27
990,20,6600,70,90.87
990,20,6600,80,90.18
990,20,6600,90,89.19
990,20,6600,100,87.82
990,20,6600,110,86.03
990,20,6600,120,83.84
990,20,6600,130,81.23
990,20,6600,140,79.0
990,20,6600,150,79.0
990,20,6600,160,79.0
990,20,6600,170,79.0
990,20,6600,180,79.0
990,20,6700,0,87.96
990,20,6700,10,89.19
990,20,6700,20,90.09
990,20,6700,30,90.7
990,20,6700,40,91.02
990,20,6700,50,91.06
990,20,6700,60,90.81
990,20,6700,70,90.28
990,20,6700,80,89.46
990,20,6700,90,88.26
990,20,6700,100,86.62
990,20,6700,110,84.54
990,20,6700,120,82.03
990,20,6700,130,79.08
990,20,6700,140,79.0
990,20,6700,150,79.0
990,20,6700,160,79.0
990,20,6700,170,79.0
990,20,6700,180,79.0
990,20,6800,0,88.22
990,20,6800,10,89.32
990,20,6800,20,90.09
990,20,6800,30,90.56
990,20,6800,40,90.75
990,20,6800,50,90.66
990,20,6800,60,90.28
990,20,6800,70,89.61
990,20,6800,80,88.58
990,20,6800,90,87.07
990,20,6800,100,85.09
990,20,6800,110,82.64
990,20,6800,120,79.72
990,20,6800,130,79.0
990,20,6800,140,79.0
990,20,6800,150,79.0
990,20,6800,160,79.0
990,20,6800,170,79.0
990,20,6800,180,79.0
990,20,6900,0,88.42
990,20,6900,10,89.39
990,20,6900,20,90.02
990,20,6900,30,90.36
990,20,6900,40,90.41
990,20,6900,50,90.17
990,20,6900,60,89.66
990,20,6900,70,88.78
990,20,6900,80,87.39
990,20,6900,90,85.48
990,20,6900,100,83.04
990,20,6900,110,80.08
990,20,6900,120,79.0
990,20,6900,130,79.0
990,20,6900,140,79.0
990,20,6900,150,79.0
990,20,6900,160,79.0
990,20,6900,170,79.0
990,20,6900,180,79.0
990,20,7000,0,88.57
990,20,7000,10,89.4
990,20,7000,20,89.88
990,20,7000,30,90.07
990,20,7000,40,89.98
990,20,7000,50,89.6
990,20,7000,60,88.88
990,20,7000,70,87.57
990,20,7000,80,85.66
990,20,7000,90,83.15
990,20,7000,100,80.03
990,20,7000,110,79.0
990,20,7000,120,79.0
990,20,7000,130,79.0
990,20,7000,140,79.0
990,20,7000,150,79.0
990,20,7000,160,79.0
990,20,7000,170,79.0
990,20,7000,180,79.0
990,20,7100,0,88.65
990,20,7100,10,89.33
990,20,7100,20,89.66
990,20,7100,30,89.7
990,20,7100,40,89.46
990,20,7100,50,88.87
990,20,7100,60,87.6
990,20,7100,70,85.58
990,20,7100,80,82.81
990,20,7100,90,79.3
990,20,7100,100,79.0
990,20,7100,110,79.0
990,20,7100,120,79.0
990,20,7100,130,79.0
990,20,7100,140,79.0
990,20,7100,150,79.0
990,20,7100,160,79.0
990,20,7100,170,79.0
990,20,7100,180,79.0
990,20,7200,0,88.66
990,20,7200,10,89.18
990,20,7200,20,89.35
990,20,7200,30,89.24
990,20,7200,40,88.76
990,20,7200,50,87.38
990,20,7200,60,84.98
990,20,7200,70,81.56
990,20,7200,80,79.0
990,20,7200,90,79.0
990,20,7200,100,79.0
990,20,7200,110,79.0
990,20,7200,120,79.0
990,20,7200,130,79.0
990,20,7200,140,79.0
990,20,7200,150,79.0
990,20,7200,160,79.0
990,20,7200,170,79.0
990,20,7200,180,79.0
990,20,7300,0,88.58
990,20,7300,10,88.94
990,20,7300,20,88.94
990,20,7300,30,88.51
990,20,7300,40,86.59
990,20,7300,50,82.96
990,20,7300,60,79.0
990,20,7300,70,79.0
990,20,7300,80,79.0
990,20,7300,90,79.0
990,20,7300,100,79.0
990,20,7300,110,79.0
990,20,7300,120,79.0
990,20,7300,130,79.0
990,20,7300,140,79.0
990,20,7300,150,79.0
990,20,7300,160,79.0
990,20,7300,170,79.0
990,20,7300,180,79.0
990,20,7400,0,88.41
990,20,7400,10,88.58
990,20,7400,20,87.71
990,20,7400,30,82.57
990,20,7400,40,79.0
990,20,7400,50,79.0
990,20,7400,60,79.0
990,20,7400,70,79.0
990,20,7400,80,79.0
990,20,7400,90,79.0
990,20,7400,100,79.0
990,20,7400,110,79.0
990,20,7400,120,79.0
990,20,7400,130,79.0
990,20,7400,140,79.0
990,20,7400,150,79.0
990,20,7400,160,79.0
990,20,7400,170,79.0
990,20,7400,180,79.0
990,20,7500,0,88.11
990,20,7500,10,79.0
990,20,7500,20,79.0
990,20,7500,30,79.0
990,20,7500,40,79.0
990,20,7500,50,79.0
990,20,7500,60,79.0
990,20,7500,70,79.0
990,20,7500,80,79.0
990,20,7500,90,79.0
990,20,7500,100,79.0
990,20,7500,110,79.0
990,20,7500,120,79.0
990,20,7500,130,79.0
990,20,7500,140,79.0
990,20,7500,150,79.0
990,20,7500,160,79.0
990,20,7500,170,79.0
990,20,7500,180,79.0
990,80,0,0,86.81
990,80,0,10,79.0
990,80,0,20,79.0
990,80,0,30,79.0
990,80,0,40,79.0
990,80,0,50,79.0
990,80,0,60,79.0
990,80,0,70,79.0
990,80,0,80,79.0
990,80,0,90,79.0
990,80,0,100,79.0
990,80,0,110,79.0
990,80,0,120,79.0
990,80,0,130,79.0
990,80,0,140,79.0
990,80,0,150,79.0
990,80,0,160,79.0
990,80,0,170,79.0
990,80,0,180,79.0
990,80,100,0,87.14
990,80,100,10,87.3
990,80,100,20,86.35
990,80,100,30,80.97
990,80,100,40,79.0
990,80,100,50,79.0
990,80,100,60,79.0
990,80,100,70,79.0
990,80,100,80,79.0
990,80,100,90,79.0
990,80,100,100,79.0
990,80,100,110,79.0
990,80,100,120,79.0
990,80,100,130,79.0
990,80,100,140,79.0
990,80,100,150,79.0
990,80,100,160,79.0
990,80,100,170,79.0
990,80,100,180,79.0
990,80,200,0,87.34
990,80,200,10,87.69
990,80,200,20,87.68
990,80,200,30,87.22
990,80,200,40,85.19
990,80,200,50,81.41
990,80,200,60,79.0
990,80,200,70,79.0
990,80,200,80,79.0
990,80,200,90,79.0
990,80,200,100,79.0
990,80,200,110,79.0
990,80,200,120,79.0
990,80,200,130,79.0
990,80,200,140,79.0
990,80,200,150,79.0
990,80,200,160,79.0
990,80,200,170,79.0
990,80,200,180,79.0
990,80,300,0,87.44
990,80,300,10,87.96
990,80,300,20,88.12
990,80,300,30,88.0
990,80,300,40,87.49
990,80,300,50,86.04
990,80,300,60,83.55
990,80,300,70,80.01
990,80,300,80,79.0
990,80,300,90,79.0
990,80,300,100,79.0
990,80,300,110,79.0
990,80,300,120,79.0
990,80,300,130,79.0
990,80,300,140,79.0
990,80,300,150,79.0
990,80,300,160,79.0
990,80,300,170,79.0
990,80,300,180,79.0
990,80,400,0,87.47
990,80,400,10,88.14
990,80,400,20,88.46
990,80,400,30,88.49
990,80,400,40,88.24
990,80,400,50,87.62
990,80,400,60,86.29
990,80,400,70,84.19
990,80,400,80,81.34
990,80,400,90,79.0
990,80,400,100,79.0
990,80,400,110,79.0
990,80,400,120,79.0
990,80,400,130,79.0
990,80,400,140,79.0
990,80,400,150,79.0
990,80,400,160,79.0
990,80,400,170,79.0
990,80,400,180,79.0
990,80,500,0,87.43
990,80,500,10,88.24
990,80,500,20,88.71
990,80,500,30,88.89
990,80,500,40,88.78
990,80,500,50,88.39
990,80,500,60,87.64
990,80,500,70,86.28
990,80,500,80,84.31
990,80,500,90,81.72
990,80,500,100,79.0
990,80,500,110,79.0
990,80,500,120,79.0
990,80,500,130,79.0
990,80,500,140,79.0
990,80,500,150,79.0
990,80,500,160,79.0
990,80,500,170,79.0
990,80,500,180,79.0
990,80,600,0,87.32
990,80,600,10,88.27
990,80,600,20,88.88
990,80,600,30,89.2
990,80,600,40,89.24
990,80,600,50,88.99
990,80,600,60,88.46
990,80,600,70,87.55
990,80,600,80,86.11
990,80,600,90,84.14
990,80,600,100,81.63
990,80,600,110,79.0
990,80,600,120,79.0
990,80,600,130,79.0
990,80,600,140,79.0
990,80,600,150,79.0
990,80,600,160,79.0
990,80,600,170,79.0
990,80,600,180,79.0
990,80,700,0,87.15
990,80,700,10,88.24
990,80,700,20,88.99
990,80,700,30,89.44
990,80,700,40,89.62
990,80,700,50,89.5
990,80,700,60,89.1
990,80,700,70,88.42
990,80,700,80,87.34
990,80,700,90,85.79
990,80,700,100,83.76
990,80,700,110,81.25
990,80,700,120,79.0
990,80,700,130,79.0
990,80,700,140,79.0
990,80,700,150,79.0
990,80,700,160,79.0
990,80,700,170,79.0
990,80,700,180,79.0
990,80,800,0,86.93
990,80,800,10,88.15
990,80,800,20,89.03
990,80,800,30,89.62
990,80,800,40,89.92
990,80,800,50,89.93
990,80,800,60,89.67
990,80,800,70,89.12
990,80,800,80,88.27
990,80,800,90,87.03
990,80,800,100,85.34
990,80,800,110,83.21
990,80,800,120,80.65
990,80,800,130,79.0
990,80,800,140,79.0
990,80,800,150,79.0
990,80,800,160,79.0
990,80,800,170,79.0
990,80,800,180,79.0
990,80,900,0,86.66
990,80,900,10,88.0
990,80,900,20,89.01
990,80,900,30,89.73
990,80,900,40,90.15
990,80,900,50,90.3
990,80,900,60,90.15
990,80,900,70,89.73
990,80,900,80,89.02
990,80,900,90,88.0
990,80,900,100,86.59
990,80,900,110,84.76
990,80,900,120,82.51
990,80,900,130,79.85
990,80,900,140,79.0
990,80,900,150,79.0
990,80,900,160,79.0
990,80,900,170,79.0
990,80,900,180,79.0
990,80,1000,0,86.35
990,80,1000,10,87.81
990,80,1000,20,88.94
990,80,1000,30,89.78
990,80,1000,40,90.33
990,80,1000,50,90.59
990,80,1000,60,90.57
990,80,1000,70,90.27
990,80,1000,80,89.68
990,80,1000,90,88.8
990,80,1000,100,87.61
990,80,1000,110,86.02
990,80,1000,120,84.03
990,80,1000,130,81.65
990,80,1000,140,79.0
990,80,1000,150,79.0
990,80,1000,160,79.0
990,80,1000,170,79.0
990,80,1000,180,79.0
990,80,1100,0,86.0
990,80,1100,10,87.58
990,80,1100,20,88.83
990,80,1100,30,89.78
990,80,1100,40,90.45
990,80,1100,50,90.83
990,80,1100,60,90.93
990,80,1100,70,90.74
990,80,1100,80,90.27
990,80,1100,90,89.51
990,80,1100,100,88.47
990,80,1100,110,87.08
990,80,1100,120,85.31
990,80,1100,130,83.17
990,80,1100,140,80.64
990,80,1100,150,79.0
990,80,1100,160,79.0
990,80,1100,170,79.0
990,80,1100,180,79.0
990,80,1200,0,85.62
990,80,1200,10,87.3
990,80,1200,20,88.67
990,80,1200,30,89.74
990,80,1200,40,90.52
990,80,1200,50,91.01
990,80,1200,60,91.22
990,80,1200,70,91.15
990,80,1200,80,90.79
990,80,1200,90,90.14
990,80,1200,100,89.21
990,80,1200,110,87.99
990,80,1200,120,86.41
990,80,1200,130,84.47
990,80,1200,140,82.15
990,80,1200,150,79.47
990,80,1200,160,79.0
990,80,1200,170,79.0
990,80,1200,180,79.0
990,80,1300,0,85.21
990,80,1300,10,87.0
990,80,1300,20,88.48
990,80,1300,30,89.65
990,80,1300,40,90.54
990,80,1300,50,91.15
990,80,1300,60,91.47
990,80,1300,70,91.5
990,80,1300,80,91.25
990,80,1300,90,90.71
990,80,1300,100,89.89
990,80,1300,110,88.79
990,80,1300,120,87.37
990,80,1300,130,85.6
990,80,1300,140,83.47
990,80,1300,150,80.98
990,80,1300,160,79.0
990,80,1300,170,79.0
990,80,1300,180,79.0
990,80,1400,0,84.77
990,80,1400,10,86.67
990,80,1400,20,88.25
990,80,1400,30,89.53
990,80,1400,40,90.53
990,80,1400,50,91.23
990,80,1400,60,91.66
990,80,1400,70,91.8
990,80,1400,80,91.65
990,80,1400,90,91.22
990,80,1400,100,90.51
990,80,1400,110,89.51
990,80,1400,120,88.22
990,80,1400,130,86.6
990,80,1400,140,84.64
990,80,1400,150,82.32
990,80,1400,160,79.65
990,80,1400,170,79.0
990,80,1400,180,79.0
990,80,1500,0,84.32
990,80,1500,10,86.31
990,80,1500,20,87.99
990,80,1500,30,89.38
990,80,1500,40,90.47
990,80,1500,50,91.28
990,80,1500,60,91.81
990,80,1500,70,92.05
990,80,1500,80,92.0
990,80,1500,90,91.67
990,80,1500,100,91.06
990,80,1500,110,90.16
990,80,1500,120,88.97
990,80,1500,130,87.49
990,80,1500,140,85.68
990,80,1500,150,83.51
990,80,1500,160,81.0
990,80,1500,170,79.0
990,80,1500,180,79.0
990,80,1600,0,83.84
990,80,1600,10,85.93
990,80,1600,20,87.71
990,80,1600,30,89.19
990,80,1600,40,90.39
990,80,1600,50,91.29
990,80,1600,60,91.92
990,80,1600,70,92.25
990,80,1600,80,92.3
990,80,1600,90,92.07
990,80,1600,100,91.55
990,80,1600,110,90.75
990,80,1600,120,89.66
990,80,1600,130,88.29
990,80,1600,140,86.61
990,80,1600,150,84.58
990,80,1600,160,82.22
990,80,1600,170,79.51
990,80,1600,180,79.0
990,80,1700,0,83.36
990,80,1700,10,85.54
990,80,1700,20,87.41
990,80,1700,30,88.99
990,80,1700,40,90.27
990,80,1700,50,91.27
990,80,1700,60,91.99
990,80,1700,70,92.42
990,80,1700,80,92.56
990,80,1700,90,92.42
990,80,1700,100,92.0
990,80,1700,110,91.29
990,80,1700,120,90.29
990,80,1700,130,89.01
990,80,1700,140,87.44
990,80,1700,150,85.55
990,80,1700,160,83.31
990,80,1700,170,80.74
990,80,1700,180,79.0
990,80,1800,0,82.87
990,80,1800,10,85.13
990,80,1800,20,87.1
990,80,1800,30,88.76
990,80,1800,40,90.14
990,80,1800,50,91.22
990,80,1800,60,92.03
990,80,1800,70,92.55
990,80,1800,80,92.78
990,80,1800,90,92.73
990,80,1800,100,92.39
990,80,1800,110,91.77
990,80,1800,120,90.87
990,80,1800,130,89.67
990,80,1800,140,88.2
990,80,1800,150,86.42
990,80,1800,160,84.31
990,80,1800,170,81.86
990,80,1800,180,79.09
990,80,1900,0,82.37
990,80,1900,10,84.72
990,80,1900,20,86.77
990,80,1900,30,88.52
990,80,1900,40,89.98
990,80,1900,50,91.15
990,80,1900,60,92.04
990,80,1900,70,92.64
990,80,1900,80,92.96
990,80,1900,90,92.99
990,80,1900,100,92.74
990,80,1900,110,92.21
990,80,1900,120,91.39
990,80,1900,130,90.28
990,80,1900,140,88.89
990,80,1900,150,87.21
990,80,1900,160,85.21
990,80,1900,170,82.88
990,80,1900,180,80.22
990,80,2000,0,81.87
990,80,2000,10,84.3
990,80,2000,20,86.44
990,80,2000,30,88.27
990,80,2000,40,89.8
990,80,2000,50,91.06
990,80,2000,60,92.03
990,80,2000,70,92.71
990,80,2000,80,93.11
990,80,2000,90,93.22
990,80,2000,100,93.05
990,80,2000,110,92.6
990,80,2000,120,91.86
990,80,2000,130,90.83
990,80,2000,140,89.52
990,80,2000,150,87.92
990,80,2000,160,86.03
990,80,2000,170,83.8
990,80,2000,180,81.25
990,80,2100,0,81.38
990,80,2100,10,83.89
990,80,2100,20,86.1
990,80,2100,30,88.0
990,80,2100,40,89.62
990,80,2100,50,90.95
990,80,2100,60,91.99
990,80,2100,70,92.75
990,80,2100,80,93.23
990,80,2100,90,93.42
990,80,2100,100,93.32
990,80,2100,110,92.94
990,80,2100,120,92.28
990,80,2100,130,91.33
990,80,2100,140,90.1
990,80,2100,150,88.58
990,80,2100,160,86.77
990,80,2100,170,84.64
990,80,2100,180,82.19
990,80,2200,0,80.9
990,80,2200,10,83.48
990,80,2200,20,85.76
990,80,2200,30,87.74
990,80,2200,40,89.42
990,80,2200,50,90.83
990,80,2200,60,91.94
990,80,2200,70,92.78
990,80,2200,80,93.32
990,80,2200,90,93.58
990,80,2200,100,93.56
990,80,2200,110,93.25
990,80,2200,120,92.66
990,80,2200,130,91.79
990,80,2200,140,90.62
990,80,2200,150,89.18
990,80,2200,160,87.44
990,80,2200,170,85.41
990,80,2200,180,83.05
990,80,2300,0,80.43
990,80,2300,10,83.07
990,80,2300,20,85.42
990,80,2300,30,87.47
990,80,2300,40,89.22
990,80,2300,50,90.69
990,80,2300,60,91.88
990,80,2300,70,92.78
990,80,2300,80,93.39
990,80,2300,90,93.72
990,80,2300,100,93.77
990,80,2300,110,93.53
990,80,2300,120,93.0
990,80,2300,130,92.2
990,80,2300,140,91.1
990,80,2300,150,89.72
990,80,2300,160,88.06
990,80,2300,170,86.1
990,80,2300,180,83.83
990,80,2400,0,79.97
990,80,2400,10,82.68
990,80,2400,20,85.09
990,80,2400,30,87.2
990,80,2400,40,89.02
990,80,2400,50,90.55
990,80,2400,60,91.8
990,80,2400,70,92.77
990,80,2400,80,93.45
990,80,2400,90,93.84
990,80,2400,100,93.95
990,80,2400,110,93.77
990,80,2400,120,93.31
990,80,2400,130,92.57
990,80,2400,140,91.53
990,80,2400,150,90.22
990,80,2400,160,88.62
990,80,2400,170,86.73
990,80,2400,180,84.53
990,80,2500,0,79.53
990,80,2500,10,82.3
990,80,2500,20,84.77
990,80,2500,30,86.94
990,80,2500,40,88.82
990,80,2500,50,90.41
990,80,2500,60,91.72
990,80,2500,70,92.74
990,80,2500,80,93.48
990,80,2500,90,93.93
990,80,2500,100,94.1
990,80,2500,110,93.98
990,80,2500,120,93.58
990,80,2500,130,92.9
990,80,2500,140,91.92
990,80,2500,150,90.67
990,80,2500,160,89.13
990,80,2500,170,87.3
990,80,2500,180,85.18
990,80,2600,0,79.12
990,80,2600,10,81.94
990,80,2600,20,84.46
990,80,2600,30,86.69
990,80,2600,40,88.62
990,80,2600,50,90.27
990,80,2600,60,91.63
990,80,2600,70,92.71
990,80,2600,80,93.5
990,80,2600,90,94.01
990,80,2600,100,94.23
990,80,2600,110,94.17
990,80,2600,120,93.82
990,80,2600,130,93.19
990,80,2600,140,92.28
990,80,2600,150,91.07
990,80,2600,160,89.59
990,80,2600,170,87.82
990,80,2600,180,85.75
990,80,2700,0,79.0
990,80,2700,10,81.59
990,80,2700,20,84.17
990,80,2700,30,86.45
990,80,2700,40,88.43
990,80,2700,50,90.13
990,80,2700,60,91.54
990,80,2700,70,92.67
990,80,2700,80,93.51
990,80,2700,90,94.07
990,80,2700,100,94.34
990,80,2700,110,94.33
990,80,2700,120,94.04
990,80,2700,130,93.45
990,80,2700,140,92.59
990,80,2700,150,91.44
990,80,2700,160,90.0
990,80,2700,170,88.28
990,80,2700,180,86.27
990,80,2800,0,79.0
990,80,2800,10,81.28
990,80,2800,20,83.9
990,80,2800,30,86.22
990,80,2800,40,88.25
990,80,2800,50,89.99
990,80,2800,60,91.45
990,80,2800,70,92.63
990,80,2800,80,93.52
990,80,2800,90,94.12
990,80,2800,100,94.44
990,80,2800,110,94.47
990,80,2800,120,94.22
990,80,2800,130,93.69
990,80,2800,140,92.87
990,80,2800,150,91.76
990,80,2800,160,90.37
990,80,2800,170,88.7
990,80,2800,180,86.74
990,80,2900,0,79.0
990,80,2900,10,80.98
990,80,2900,20,83.64
990,80,2900,30,86.01
990,80,2900,40,88.08
990,80,2900,50,89.87
990,80,2900,60,91.37
990,80,2900,70,92.58
990,80,2900,80,93.51
990,80,2900,90,94.16
990,80,2900,100,94.52
990,80,2900,110,94.59
990,80,2900,120,94.38
990,80,2900,130,93.89
990,80,2900,140,93.11
990,80,2900,150,92.05
990,80,2900,160,90.7
990,80,2900,170,89.06
990,80,2900,180,87.15
990,80,3000,0,79.0
990,80,3000,10,80.71
990,80,3000,20,83.41
990,80,3000,30,85.82
990,80,3000,40,87.93
990,80,3000,50,89.75
990,80,3000,60,91.28
990,80,3000,70,92.54
990,80,3000,80,93.5
990,80,3000,90,94.19
990,80,3000,100,94.58
990,80,3000,110,94.7
990,80,3000,120,94.52
990,80,3000,130,94.07
990,80,3000,140,93.32
990,80,3000,150,92.3
990,80,3000,160,90.99
990,80,3000,170,89.39
990,80,3000,180,87.51
990,80,3100,0,79.0
990,80,3100,10,80.48
990,80,3100,20,83.21
990,80,3100,30,85.64
990,80,3100,40,87.79
990,80,3100,50,89.64
990,80,3100,60,91.21
990,80,3100,70,92.49
990,80,3100,80,93.49
990,80,3100,90,94.21
990,80,3100,100,94.64
990,80,3100,110,94.78
990,80,3100,120,94.64
990,80,3100,130,94.22
990,80,3100,140,93.51
990,80,3100,150,92.51
990,80,3100,160,91.23
990,80,3100,170,89.67
990,80,3100,180,87.82
990,80,3200,0,79.0
990,80,3200,10,80.27
990,80,3200,20,83.03
990,80,3200,30,85.49
990,80,3200,40,87.66
990,80,3200,50,89.54
990,80,3200,60,91.14
990,80,3200,70,92.45
990,80,3200,80,93.48
990,80,3200,90,94.22
990,80,3200,100,94.68
990,80,3200,110,94.85
990,80,3200,120,94.74
990,80,3200,130,94.35
990,80,3200,140,93.66
990,80,3200,150,92.7
990,80,3200,160,91.44
990,80,3200,170,89.91
990,80,3200,180,88.09
990,80,3300,0,79.0
990,80,3300,10,80.1
990,80,3300,20,82.88
990,80,3300,30,85.37
990,80,3300,40,87.56
990,80,3300,50,89.46
990,80,3300,60,91.09
990,80,3300,70,92.42
990,80,3300,80,93.47
990,80,3300,90,94.24
990,80,3300,100,94.72
990,80,3300,110,94.91
990,80,3300,120,94.82
990,80,3300,130,94.45
990,80,3300,140,93.79
990,80,3300,150,92.85
990,80,3300,160,91.62
990,80,3300,170,90.11
990,80,3300,180,88.31
990,80,3400,0,79.0
990,80,3400,10,79.96
990,80,3400,20,82.76
990,80,3400,30,85.26
990,80,3400,40,87.48
990,80,3400,50,89.4
990,80,3400,60,91.04
990,80,3400,70,92.39
990,80,3400,80,93.46
990,80,3400,90,94.25
990,80,3400,100,94.75
990,80,3400,110,94.96
990,80,3400,120,94.89
990,80,3400,130,94.53
990,80,3400,140,93.89
990,80,3400,150,92.97
990,80,3400,160,91.76
990,80,3400,170,90.26
990,80,3400,180,88.49
990,80,3500,0,79.0
990,80,3500,10,79.85
990,80,3500,20,82.67
990,80,3500,30,85.19
990,80,3500,40,87.41
990,80,3500,50,89.35
990,80,3500,60,91.01
990,80,3500,70,92.37
990,80,3500,80,93.46
990,80,3500,90,94.25
990,80,3500,100,94.77
990,80,3500,110,95.0
990,80,3500,120,94.94
990,80,3500,130,94.6
990,80,3500,140,93.97
990,80,3500,150,93.06
990,80,3500,160,91.87
990,80,3500,170,90.38
990,80,3500,180,88.62
990,80,3600,0,79.0
990,80,3600,10,79.79
990,80,3600,20,82.61
990,80,3600,30,85.14
990,80,3600,40,87.37
990,80,3600,50,89.32
990,80,3600,60,90.98
990,80,3600,70,92.36
990,80,3600,80,93.45
990,80,3600,90,94.26
990,80,3600,100,94.78
990,80,3600,110,95.02
990,80,3600,120,94.97
990,80,3600,130,94.64
990,80,3600,140,94.03
990,80,3600,150,93.12
990,80,3600,160,91.94
990,80,3600,170,90.47
990,80,3600,180,88.71
990,80,3700,0,79.0
990,80,3700,10,79.76
990,80,3700,20,82.58
990,80,3700,30,85.12
990,80,3700,40,87.36
990,80,3700,50,89.31
990,80,3700,60,90.98
990,80,3700,70,92.36
990,80,3700,80,93.46
990,80,3700,90,94.27
990,80,3700,100,94.79
990,80,3700,110,95.04
990,80,3700,120,94.99
990,80,3700,130,94.67
990,80,3700,140,94.05
990,80,3700,150,93.16
990,80,3700,160,91.98
990,80,3700,170,90.51
990,80,3700,180,88.76
990,80,3800,0,79.0
990,80,3800,10,79.76
990,80,3800,20,82.59
990,80,3800,30,85.12
990,80,3800,40,87.36
990,80,3800,50,89.31
990,80,3800,60,90.98
990,80,3800,70,92.36
990,80,3800,80,93.46
990,80,3800,90,94.27
990,80,3800,100,94.8
990,80,3800,110,95.04
990,80,3800,120,95.0
990,80,3800,130,94.67
990,80,3800,140,94.06
990,80,3800,150,93.16
990,80,3800,160,91.98
990,80,3800,170,90.51
990,80,3800,180,88.76
990,80,3900,0,79.0
990,80,3900,10,79.8
990,80,3900,20,82.63
990,80,3900,30,85.16
990,80,3900,40,87.39
990,80,3900,50,89.34
990,80,3900,60,91.0
990,80,3900,70,92.38
990,80,3900,80,93.47
990,80,3900,90,94.28
990,80,3900,100,94.8
990,80,3900,110,95.04
990,80,3900,120,94.99
990,80,3900,130,94.66
990,80,3900,140,94.04
990,80,3900,150,93.14
990,80,3900,160,91.95
990,80,3900,170,90.48
990,80,3900,180,88.73
990,80,4000,0,79.0
990,80,4000,10,79.88
990,80,4000,20,82.7
990,80,4000,30,85.22
990,80,4000,40,87.44
990,80,4000,50,89.38
990,80,4000,60,91.03
990,80,4000,70,92.4
990,80,4000,80,93.48
990,80,4000,90,94.28
990,80,4000,100,94.8
990,80,4000,110,95.02
990,80,4000,120,94.97
990,80,4000,130,94.63
990,80,4000,140,94.0
990,80,4000,150,93.09
990,80,4000,160,91.89
990,80,4000,170,90.41
990,80,4000,180,88.65
990,80,4100,0,79.0
990,80,4100,10,80.0
990,80,4100,20,82.8
990,80,4100,30,85.3
990,80,4100,40,87.52
990,80,4100,50,89.44
990,80,4100,60,91.08
990,80,4100,70,92.43
990,80,4100,80,93.5
990,80,4100,90,94.29
990,80,4100,100,94.79
990,80,4100,110,95.0
990,80,4100,120,94.93
990,80,4100,130,94.57
990,80,4100,140,93.93
990,80,4100,150,93.01
990,80,4100,160,91.8
990,80,4100,170,90.3
990,80,4100,180,88.52
990,80,4200,0,79.0
990,80,4200,10,80.15
990,80,4200,20,82.93
990,80,4200,30,85.42
990,80,4200,40,87.61
990,80,4200,50,89.52
990,80,4200,60,91.14
990,80,4200,70,92.47
990,80,4200,80,93.52
990,80,4200,90,94.29
990,80,4200,100,94.77
990,80,4200,110,94.96
990,80,4200,120,94.88
990,80,4200,130,94.5
990,80,4200,140,93.84
990,80,4200,150,92.9
990,80,4200,160,91.67
990,80,4200,170,90.16
990,80,4200,180,88.36
990,80,4300,0,79.0
990,80,4300,10,80.33
990,80,4300,20,83.09
990,80,4300,30,85.56
990,80,4300,40,87.73
990,80,4300,50,89.61
990,80,4300,60,91.2
990,80,4300,70,92.52
990,80,4300,80,93.54
990,80,4300,90,94.29
990,80,4300,100,94.74
990,80,4300,110,94.92
990,80,4300,120,94.8
990,80,4300,130,94.41
990,80,4300,140,93.73
990,80,4300,150,92.76
990,80,4300,160,91.51
990,80,4300,170,89.97
990,80,4300,180,88.15
990,80,4400,0,79.0
990,80,4400,10,80.55
990,80,4400,20,83.28
990,80,4400,30,85.72
990,80,4400,40,87.86
990,80,4400,50,89.71
990,80,4400,60,91.28
990,80,4400,70,92.57
990,80,4400,80,93.57
990,80,4400,90,94.28
990,80,4400,100,94.71
990,80,4400,110,94.86
990,80,4400,120,94.72
990,80,4400,130,94.29
990,80,4400,140,93.58
990,80,4400,150,92.59
990,80,4400,160,91.31
990,80,4400,170,89.74
990,80,4400,180,87.89
990,80,4500,0,79.0
990,80,4500,10,80.8
990,80,4500,20,83.5
990,80,4500,30,85.9
990,80,4500,40,88.01
990,80,4500,50,89.83
990,80,4500,60,91.37
990,80,4500,70,92.62
990,80,4500,80,93.59
990,80,4500,90,94.27
990,80,4500,100,94.67
990,80,4500,110,94.78
990,80,4500,120,94.61
990,80,4500,130,94.15
990,80,4500,140,93.41
990,80,4500,150,92.38
990,80,4500,160,91.07
990,80,4500,170,89.47
990,80,4500,180,87.59
990,80,4600,0,79.0
990,80,4600,10,81.08
990,80,4600,20,83.74
990,80,4600,30,86.11
990,80,4600,40,88.18
990,80,4600,50,89.96
990,80,4600,60,91.46
990,80,4600,70,92.68
990,80,4600,80,93.61
990,80,4600,90,94.25
990,80,4600,100,94.61
990,80,4600,110,94.69
990,80,4600,120,94.48
990,80,4600,130,93.99
990,80,4600,140,93.21
990,80,4600,150,92.14
990,80,4600,160,90.79
990,80,4600,170,89.16
990,80,4600,180,87.24
990,80,4700,0,79.0
990,80,4700,10,81.38
990,80,4700,20,84.0
990,80,4700,30,86.33
990,80,4700,40,88.36
990,80,4700,50,90.1
990,80,4700,60,91.56
990,80,4700,70,92.73
990,80,4700,80,93.62
990,80,4700,90,94.23
990,80,4700,100,94.55
990,80,4700,110,94.58
990,80,4700,120,94.33
990,80,4700,130,93.79
990,80,4700,140,92.97
990,80,4700,150,91.87
990,80,4700,160,90.48
990,80,4700,170,88.8
990,80,4700,180,86.84
990,80,4800,0,79.0
990,80,4800,10,81.71
990,80,4800,20,84.29
990,80,4800,30,86.57
990,80,4800,40,88.55
990,80,4800,50,90.25
990,80,4800,60,91.66
990,80,4800,70,92.79
990,80,4800,80,93.63
990,80,4800,90,94.19
990,80,4800,100,94.46
990,80,4800,110,94.45
990,80,4800,120,94.16
990,80,4800,130,93.57
990,80,4800,140,92.71
990,80,4800,150,91.56
990,80,4800,160,90.12
990,80,4800,170,88.4
990,80,4800,180,86.39
990,80,4900,0,79.25
990,80,4900,10,82.07
990,80,4900,20,84.59
990,80,4900,30,86.82
990,80,4900,40,88.75
990,80,4900,50,90.4
990,80,4900,60,91.76
990,80,4900,70,92.84
990,80,4900,80,93.63
990,80,4900,90,94.14
990,80,4900,100,94.36
990,80,4900,110,94.3
990,80,4900,120,93.95
990,80,4900,130,93.32
990,80,4900,140,92.41
990,80,4900,150,91.2
990,80,4900,160,89.72
990,80,4900,170,87.95
990,80,4900,180,85.88
990,80,5000,0,79.68
990,80,5000,10,82.44
990,80,5000,20,84.91
990,80,5000,30,87.08
990,80,5000,40,88.96
990,80,5000,50,90.55
990,80,5000,60,91.86
990,80,5000,70,92.88
990,80,5000,80,93.62
990,80,5000,90,94.08
990,80,5000,100,94.24
990,80,5000,110,94.13
990,80,5000,120,93.72
990,80,5000,130,93.04
990,80,5000,140,92.07
990,80,5000,150,90.81
990,80,5000,160,89.27
990,80,5000,170,87.44
990,80,5000,180,85.32
990,80,5100,0,80.12
990,80,5100,10,82.83
990,80,5100,20,85.24
990,80,5100,30,87.36
990,80,5100,40,89.17
990,80,5100,50,90.71
990,80,5100,60,91.96
990,80,5100,70,92.92
990,80,5100,80,93.6
990,80,5100,90,93.99
990,80,5100,100,94.1
990,80,5100,110,93.92
990,80,5100,120,93.46
990,80,5100,130,92.72
990,80,5100,140,91.69
990,80,5100,150,90.37
990,80,5100,160,88.77
990,80,5100,170,86.88
990,80,5100,180,84.69
990,80,5200,0,80.59
990,80,5200,10,83.24
990,80,5200,20,85.58
990,80,5200,30,87.63
990,80,5200,40,89.39
990,80,5200,50,90.86
990,80,5200,60,92.04
990,80,5200,70,92.94
990,80,5200,80,93.56
990,80,5200,90,93.89
990,80,5200,100,93.93
990,80,5200,110,93.69
990,80,5200,120,93.17
990,80,5200,130,92.36
990,80,5200,140,91.27
990,80,5200,150,89.89
990,80,5200,160,88.22
990,80,5200,170,86.27
990,80,5200,180,83.99
990,80,5300,0,81.08
990,80,5300,10,83.65
990,80,5300,20,85.93
990,80,5300,30,87.91
990,80,5300,40,89.6
990,80,5300,50,91.0
990,80,5300,60,92.12
990,80,5300,70,92.95
990,80,5300,80,93.5
990,80,5300,90,93.76
990,80,5300,100,93.74
990,80,5300,110,93.43
990,80,5300,120,92.84
990,80,5300,130,91.96
990,80,5300,140,90.8
990,80,5300,150,89.35
990,80,5300,160,87.62
990,80,5300,170,85.58
990,80,5300,180,83.22
990,80,5400,0,81.57
990,80,5400,10,84.08
990,80,5400,20,86.28
990,80,5400,30,88.19
990,80,5400,40,89.81
990,80,5400,50,91.14
990,80,5400,60,92.18
990,80,5400,70,92.94
990,80,5400,80,93.42
990,80,5400,90,93.61
990,80,5400,100,93.51
990,80,5400,110,93.13
990,80,5400,120,92.47
990,80,5400,130,91.52
990,80,5400,140,90.28
990,80,5400,150,88.76
990,80,5400,160,86.96
990,80,5400,170,84.83
990,80,5400,180,82.38
990,80,5500,0,82.07
990,80,5500,10,84.5
990,80,5500,20,86.63
990,80,5500,30,88.46
990,80,5500,40,90.0
990,80,5500,50,91.26
990,80,5500,60,92.23
990,80,5500,70,92.91
990,80,5500,80,93.31
990,80,5500,90,93.42
990,80,5500,100,93.25
990,80,5500,110,92.79
990,80,5500,120,92.05
990,80,5500,130,91.03
990,80,5500,140,89.72
990,80,5500,150,88.12
990,80,5500,160,86.22
990,80,5500,170,84.0
990,80,5500,180,81.45
990,80,5600,0,82.58
990,80,5600,10,84.93
990,80,5600,20,86.98
990,80,5600,30,88.73
990,80,5600,40,90.19
990,80,5600,50,91.36
990,80,5600,60,92.25
990,80,5600,70,92.85
990,80,5600,80,93.17
990,80,5600,90,93.2
990,80,5600,100,92.95
990,80,5600,110,92.42
990,80,5600,120,91.6
990,80,5600,130,90.49
990,80,5600,140,89.1
990,80,5600,150,87.42
990,80,5600,160,85.42
990,80,5600,170,83.09
990,80,5600,180,80.43
990,80,5700,0,83.09
990,80,5700,10,85.35
990,80,5700,20,87.32
990,80,5700,30,88.98
990,80,5700,40,90.36
990,80,5700,50,91.45
990,80,5700,60,92.25
990,80,5700,70,92.77
990,80,5700,80,93.0
990,80,5700,90,92.95
990,80,5700,100,92.61
990,80,5700,110,91.99
990,80,5700,120,91.09
990,80,5700,130,89.9
990,80,5700,140,88.42
990,80,5700,150,86.64
990,80,5700,160,84.53
990,80,5700,170,82.08
990,80,5700,180,79.31
990,80,5800,0,83.59
990,80,5800,10,85.77
990,80,5800,20,87.65
990,80,5800,30,89.22
990,80,5800,40,90.51
990,80,5800,50,91.5
990,80,5800,60,92.22
990,80,5800,70,92.65
990,80,5800,80,92.79
990,80,5800,90,92.65
990,80,5800,100,92.23
990,80,5800,110,91.52
990,80,5800,120,90.53
990,80,5800,130,89.25
990,80,5800,140,87.68
990,80,5800,150,85.78
990,80,5800,160,83.54
990,80,5800,170,80.98
990,80,5800,180,79.0
990,80,5900,0,84.09
990,80,5900,10,86.17
990,80,5900,20,87.96
990,80,5900,30,89.44
990,80,5900,40,90.63
990,80,5900,50,91.54
990,80,5900,60,92.16
990,80,5900,70,92.5
990,80,5900,80,92.55
990,80,5900,90,92.32
990,80,5900,100,91.8
990,80,5900,110,90.99
990,80,5900,120,89.91
990,80,5900,130,88.54
990,80,5900,140,86.85
990,80,5900,150,84.82
990,80,5900,160,82.46
990,80,5900,170,79.76
990,80,5900,180,79.0
990,80,6000,0,84.57
990,80,6000,10,86.56
990,80,6000,20,88.25
990,80,6000,30,89.63
990,80,6000,40,90.73
990,80,6000,50,91.54
990,80,6000,60,92.06
990,80,6000,70,92.3
990,80,6000,80,92.26
990,80,6000,90,91.93
990,80,6000,100,91.31
990,80,6000,110,90.41
990,80,6000,120,89.23
990,80,6000,130,87.75
990,80,6000,140,85.93
990,80,6000,150,83.77
990,80,6000,160,81.26
990,80,6000,170,79.0
990,80,6000,180,79.0
990,80,6100,0,85.04
990,80,6100,10,86.93
990,80,6100,20,88.52
990,80,6100,30,89.8
990,80,6100,40,90.79
990,80,6100,50,91.5
990,80,6100,60,91.92
990,80,6100,70,92.06
990,80,6100,80,91.92
990,80,6100,90,91.49
990,80,6100,100,90.77
990,80,6100,110,89.77
990,80,6100,120,88.49
990,80,6100,130,86.87
990,80,6100,140,84.9
990,80,6100,150,82.58
990,80,6100,160,79.92
990,80,6100,170,79.0
990,80,6100,180,79.0
990,80,6200,0,85.49
990,80,6200,10,87.28
990,80,6200,20,88.76
990,80,6200,30,89.93
990,80,6200,40,90.82
990,80,6200,50,91.42
990,80,6200,60,91.74
990,80,6200,70,91.78
990,80,6200,80,91.53
990,80,6200,90,90.99
990,80,6200,100,90.17
990,80,6200,110,89.07
990,80,6200,120,87.65
990,80,6200,130,85.88
990,80,6200,140,83.75
990,80,6200,150,81.26
990,80,6200,160,79.0
990,80,6200,170,79.0
990,80,6200,180,79.0
990,80,6300,0,85.91
990,80,6300,10,87.59
990,80,6300,20,88.96
990,80,6300,30,90.03
990,80,6300,40,90.81
990,80,6300,50,91.3
990,80,6300,60,91.51
990,80,6300,70,91.44
990,80,6300,80,91.08
990,80,6300,90,90.43
990,80,6300,100,89.5
990,80,6300,110,88.28
990,80,6300,120,86.7
990,80,6300,130,84.76
990,80,6300,140,82.44
990,80,6300,150,79.76
990,80,6300,160,79.0
990,80,6300,170,79.0
990,80,6300,180,79.0
990,80,6400,0,86.3
990,80,6400,10,87.88
990,80,6400,20,89.13
990,80,6400,30,90.08
990,80,6400,40,90.75
990,80,6400,50,91.13
990,80,6400,60,91.23
990,80,6400,70,91.04
990,80,6400,80,90.57
990,80,6400,90,89.81
990,80,6400,100,88.77
990,80,6400,110,87.38
990,80,6400,120,85.61
990,80,6400,130,83.47
990,80,6400,140,80.94
990,80,6400,150,79.0
990,80,6400,160,79.0
990,80,6400,170,79.0
990,80,6400,180,79.0
990,80,6500,0,86.66
990,80,6500,10,88.12
990,80,6500,20,89.26
990,80,6500,30,90.09
990,80,6500,40,90.64
990,80,6500,50,90.9
990,80,6500,60,90.88
990,80,6500,70,90.58
990,80,6500,80,89.99
990,80,6500,90,89.11
990,80,6500,100,87.92
990,80,6500,110,86.33
990,80,6500,120,84.34
990,80,6500,130,81.96
990,80,6500,140,79.19
990,80,6500,150,79.0
990,80,6500,160,79.0
990,80,6500,170,79.0
990,80,6500,180,79.0
990,80,6600,0,86.99
990,80,6600,10,88.33
990,80,6600,20,89.33
990,80,6600,30,90.05
990,80,6600,40,90.48
990,80,6600,50,90.62
990,80,6600,60,90.48
990,80,6600,70,90.05
990,80,6600,80,89.34
990,80,6600,90,88.32
990,80,6600,100,86.91
990,80,6600,110,85.08
990,80,6600,120,82.83
990,80,6600,130,80.18
990,80,6600,140,79.0
990,80,6600,150,79.0
990,80,6600,160,79.0
990,80,6600,170,79.0
990,80,6600,180,79.0
990,80,6700,0,87.27
990,80,6700,10,88.48
990,80,6700,20,89.36
990,80,6700,30,89.95
990,80,6700,40,90.25
990,80,6700,50,90.27
990,80,6700,60,90.0
990,80,6700,70,89.45
990,80,6700,80,88.61
990,80,6700,90,87.36
990,80,6700,100,85.67
990,80,6700,110,83.55
990,80,6700,120,80.98
990,80,6700,130,79.0
990,80,6700,140,79.0
990,80,6700,150,79.0
990,80,6700,160,79.0
990,80,6700,170,79.0
990,80,6700,180,79.0
990,80,6800,0,87.5
990,80,6800,10,88.59
990,80,6800,20,89.33
990,80,6800,30,89.79
990,80,6800,40,89.96
990,80,6800,50,89.85
990,80,6800,60,89.45
990,80,6800,70,88.77
990,80,6800,80,87.69
990,80,6800,90,86.14
990,80,6800,100,84.11
990,80,6800,110,81.6
990,80,6800,120,79.0
990,80,6800,130,79.0
990,80,6800,140,79.0
990,80,6800,150,79.0
990,80,6800,160,79.0
990,80,6800,170,79.0
990,80,6800,180,79.0
990,80,6900,0,87.68
990,80,6900,10,88.63
990,80,6900,20,89.24
990,80,6900,30,89.56
990,80,6900,40,89.6
990,80,6900,50,89.35
990,80,6900,60,88.81
990,80,6900,70,87.9
990,80,6900,80,86.46
990,80,6900,90,84.49
990,80,6900,100,81.99
990,80,6900,110,79.0
990,80,6900,120,79.0
990,80,6900,130,79.0
990,80,6900,140,79.0
990,80,6900,150,79.0
990,80,6900,160,79.0
990,80,6900,170,79.0
990,80,6900,180,79.0
990,80,7000,0,87.8
990,80,7000,10,88.61
990,80,7000,20,89.08
990,80,7000,30,89.26
990,80,7000,40,89.15
990,80,7000,50,88.76
990,80,7000,60,88.01
990,80,7000,70,86.65
990,80,7000,80,84.68
990,80,7000,90,82.09
990,80,7000,100,79.0
990,80,7000,110,79.0
990,80,7000,120,79.0
990,80,7000,130,79.0
990,80,7000,140,79.0
990,80,7000,150,79.0
990,80,7000,160,79.0
990,80,7000,170,79.0
990,80,7000,180,79.0
990,80,7100,0,87.85
990,80,7100,10,88.52
990,80,7100,20,88.84
990,80,7100,30,88.87
990,80,7100,40,88.62
990,80,7100,50,88.0
990,80,7100,60,86.67
990,80,7100,70,84.57
990,80,7100,80,81.72
990,80,7100,90,79.0
990,80,7100,100,79.0
990,80,7100,110,79.0
990,80,7100,120,79.0
990,80,7100,130,79.0
990,80,7100,140,79.0
990,80,7100,150,79.0
990,80,7100,160,79.0
990,80,7100,170,79.0
990,80,7100,180,79.0
990,80,7200,0,87.84
990,80,7200,10,88.35
990,80,7200,20,88.51
990,80,7200,30,88.39
990,80,7200,40,87.88
990,80,7200,50,86.43
990,80,7200,60,83.94
990,80,7200,70,80.41
990,80,7200,80,79.0
990,80,7200,90,79.0
990,80,7200,100,79.0
990,80,7200,110,79.0
990,80,7200,120,79.0
990,80,7200,130,79.0
990,80,7200,140,79.0
990,80,7200,150,79.0
990,80,7200,160,79.0
990,80,7200,170,79.0
990,80,7200,180,79.0
990,80,7300,0,87.74
990,80,7300,10,88.09
990,80,7300,20,88.08
990,80,7300,30,87.62
990,80,7300,40,85.59
990,80,7300,50,81.81
990,80,7300,60,79.0
990,80,7300,70,79.0
990,80,7300,80,79.0
990,80,7300,90,79.0
990,80,7300,100,79.0
990,80,7300,110,79.0
990,80,7300,120,79.0
990,80,7300,130,79.0
990,80,7300,140,79.0
990,80,7300,150,79.0
990,80,7300,160,79.0
990,80,7300,170,79.0
990,80,7300,180,79.0
990,80,7400,0,87.55
990,80,7400,10,87.72
990,80,7400,20,86.77
990,80,7400,30,81.38
990,80,7400,40,79.0
990,80,7400,50,79.0
990,80,7400,60,79.0
990,80,7400,70,79.0
990,80,7400,80,79.0
990,80,7400,90,79.0
990,80,7400,100,79.0
990,80,7400,110,79.0
990,80,7400,120,79.0
990,80,7400,130,79.0
990,80,7400,140,79.0
990,80,7400,150,79.0
990,80,7400,160,79.0
990,80,7400,170,79.0
990,80,7400,180,79.0
990,80,7500,0,87.24
990,80,7500,10,79.0
990,80,7500,20,79.0
990,80,7500,30,79.0
990,80,7500,40,79.0
990,80,7500,50,79.0
990,80,7500,60,79.0
990,80,7500,70,79.0
990,80,7500,80,79.0
990,80,7500,90,79.0
990,80,7500,100,79.0
990,80,7500,110,79.0
990,80,7500,120,79.0
990,80,7500,130,79.0
990,80,7500,140,79.0
990,80,7500,150,79.0
990,80,7500,160,79.0
990,80,7500,170,79.0
990,80,7500,180,79.0
990,120,0,0,86.18
990,120,0,10,79.0
990,120,0,20,79.0
990,120,0,30,79.0
990,120,0,40,79.0
990,120,0,50,79.0
990,120,0,60,79.0
990,120,0,70,79.0
990,120,0,80,79.0
990,120,0,90,79.0
990,120,0,100,79.0
990,120,0,110,79.0
990,120,0,120,79.0
990,120,0,130,79.0
990,120,0,140,79.0
990,120,0,150,79.0
990,120,0,160,79.0
990,120,0,170,79.0
990,120,0,180,79.0
990,120,100,0,86.5
990,120,100,10,86.65
990,120,100,20,85.49
990,120,100,30,79.48
990,120,100,40,79.0
990,120,100,50,79.0
990,120,100,60,79.0
990,120,100,70,79.0
990,120,100,80,79.0
990,120,100,90,79.0
990,120,100,100,79.0
990,120,100,110,79.0
990,120,100,120,79.0
990,120,100,130,79.0
990,120,100,140,79.0
990,120,100,150,79.0
990,120,100,160,79.0
990,120,100,170,79.0
990,120,100,180,79.0
990,120,200,0,86.7
990,120,200,10,87.03
990,120,200,20,87.02
990,120,200,30,86.45
990,120,200,40,84.16
990,120,200,50,80.0
990,120,200,60,79.0
990,120,200,70,79.0
990,120,200,80,79.0
990,120,200,90,79.0
990,120,200,100,79.0
990,120,200,110,79.0
990,120,200,120,79.0
990,120,200,130,79.0
990,120,200,140,79.0
990,120,200,150,79.0
990,120,200,160,79.0
990,120,200,170,79.0
990,120,200,180,79.0
990,120,300,0,86.82
990,120,300,10,87.31
990,120,300,20,87.45
990,120,300,30,87.31
990,120,300,40,86.72
990,120,300,50,85.09
990,120,300,60,82.36
990,120,300,70,79.0
990,120,300,80,79.0
990,120,300,90,79.0
990,120,300,100,79.0
990,120,300,110,79.0
990,120,300,120,79.0
990,120,300,130,79.0
990,120,300,140,79.0
990,120,300,150,79.0
990,120,300,160,79.0
990,120,300,170,79.0
990,120,300,180,79.0
990,120,400,0,86.86
990,120,400,10,87.5
990,120,400,20,87.79
990,120,400,30,87.8
990,120,400,40,87.52
990,120,400,50,86.82
990,120,400,60,85.34
990,120,400,70,83.06
990,120,400,80,80.0
990,120,400,90,79.0
990,120,400,100,79.0
990,120,400,110,79.0
990,120,400,120,79.0
990,120,400,130,79.0
990,120,400,140,79.0
990,120,400,150,79.0
990,120,400,160,79.0
990,120,400,170,79.0
990,120,400,180,79.0
990,120,500,0,86.83
990,120,500,10,87.62
990,120,500,20,88.05
990,120,500,30,88.2
990,120,500,40,88.06
990,120,500,50,87.64
990,120,500,60,86.79
990,120,500,70,85.31
990,120,500,80,83.18
990,120,500,90,80.42
990,120,500,100,79.0
990,120,500,110,79.0
990,120,500,120,79.0
990,120,500,130,79.0
990,120,500,140,79.0
990,120,500,150,79.0
990,120,500,160,79.0
990,120,500,170,79.0
990,120,500,180,79.0
990,120,600,0,86.75
990,120,600,10,87.67
990,120,600,20,88.24
990,120,600,30,88.52
990,120,600,40,88.52
990,120,600,50,88.24
990,120,600,60,87.66
990,120,600,70,86.65
990,120,600,80,85.09
990,120,600,90,82.99
990,120,600,100,80.33
990,120,600,110,79.0
990,120,600,120,79.0
990,120,600,130,79.0
990,120,600,140,79.0
990,120,600,150,79.0
990,120,600,160,79.0
990,120,600,170,79.0
990,120,600,180,79.0
990,120,700,0,86.6
990,120,700,10,87.65
990,120,700,20,88.36
990,120,700,30,88.77
990,120,700,40,88.9
990,120,700,50,88.75
990,120,700,60,88.31
990,120,700,70,87.57
990,120,700,80,86.4
990,120,700,90,84.73
990,120,700,100,82.57
990,120,700,110,79.92
990,120,700,120,79.0
990,120,700,130,79.0
990,120,700,140,79.0
990,120,700,150,79.0
990,120,700,160,79.0
990,120,700,170,79.0
990,120,700,180,79.0
990,120,800,0,86.41
990,120,800,10,87.58
990,120,800,20,88.42
990,120,800,30,88.96
990,120,800,40,89.21
990,120,800,50,89.19
990,120,800,60,88.87
990,120,800,70,88.27
990,120,800,80,87.36
990,120,800,90,86.02
990,120,800,100,84.22
990,120,800,110,81.97
990,120,800,120,79.27
990,120,800,130,79.0
990,120,800,140,79.0
990,120,800,150,79.0
990,120,800,160,79.0
990,120,800,170,79.0
990,120,800,180,79.0
990,120,900,0,86.18
990,120,900,10,87.46
990,120,900,20,88.42
990,120,900,30,89.08
990,120,900,40,89.46
990,120,900,50,89.56
990,120,900,60,89.36
990,120,900,70,88.89
990,120,900,80,88.12
990,120,900,90,87.03
990,120,900,100,85.51
990,120,900,110,83.57
990,120,900,120,81.2
990,120,900,130,79.0
990,120,900,140,79.0
990,120,900,150,79.0
990,120,900,160,79.0
990,120,900,170,79.0
990,120,900,180,79.0
990,120,1000,0,85.9
990,120,1000,10,87.3
990,120,1000,20,88.38
990,120,1000,30,89.16
990,120,1000,40,89.65
990,120,1000,50,89.86
990,120,1000,60,89.79
990,120,1000,70,89.43
990,120,1000,80,88.78
990,120,1000,90,87.85
990,120,1000,100,86.56
990,120,1000,110,84.87
990,120,1000,120,82.77
990,120,1000,130,80.27
990,120,1000,140,79.0
990,120,1000,150,79.0
990,120,1000,160,79.0
990,120,1000,170,79.0
990,120,1000,180,79.0
990,120,1100,0,85.58
990,120,1100,10,87.1
990,120,1100,20,88.29
990,120,1100,30,89.18
990,120,1100,40,89.79
990,120,1100,50,90.11
990,120,1100,60,90.15
990,120,1100,70,89.91
990,120,1100,80,89.37
990,120,1100,90,88.56
990,120,1100,100,87.44
990,120,1100,110,85.96
990,120,1100,120,84.08
990,120,1100,130,81.82
990,120,1100,140,79.18
990,120,1100,150,79.0
990,120,1100,160,79.0
990,120,1100,170,79.0
990,120,1100,180,79.0
990,120,1200,0,85.24
990,120,1200,10,86.86
990,120,1200,20,88.16
990,120,1200,30,89.16
990,120,1200,40,89.88
990,120,1200,50,90.31
990,120,1200,60,90.46
990,120,1200,70,90.32
990,120,1200,80,89.9
990,120,1200,90,89.19
990,120,1200,100,88.2
990,120,1200,110,86.89
990,120,1200,120,85.21
990,120,1200,130,83.15
990,120,1200,140,80.72
990,120,1200,150,79.0
990,120,1200,160,79.0
990,120,1200,170,79.0
990,120,1200,180,79.0
990,120,1300,0,84.86
990,120,1300,10,86.59
990,120,1300,20,88.0
990,120,1300,30,89.11
990,120,1300,40,89.93
990,120,1300,50,90.46
990,120,1300,60,90.72
990,120,1300,70,90.68
990,120,1300,80,90.37
990,120,1300,90,89.76
990,120,1300,100,88.88
990,120,1300,110,87.7
990,120,1300,120,86.19
990,120,1300,130,84.31
990,120,1300,140,82.07
990,120,1300,150,79.46
990,120,1300,160,79.0
990,120,1300,170,79.0
990,120,1300,180,79.0
990,120,1400,0,84.46
990,120,1400,10,86.29
990,120,1400,20,87.8
990,120,1400,30,89.01
990,120,1400,40,89.93
990,120,1400,50,90.57
990,120,1400,60,90.93
990,120,1400,70,90.99
990,120,1400,80,90.78
990,120,1400,90,90.28
990,120,1400,100,89.49
990,120,1400,110,88.42
990,120,1400,120,87.05
990,120,1400,130,85.33
990,120,1400,140,83.25
990,120,1400,150,80.82
990,120,1400,160,79.0
990,120,1400,170,79.0
990,120,1400,180,79.0
990,120,1500,0,84.05
990,120,1500,10,85.97
990,120,1500,20,87.58
990,120,1500,30,88.89
990,120,1500,40,89.91
990,120,1500,50,90.64
990,120,1500,60,91.09
990,120,1500,70,91.26
990,120,1500,80,91.14
990,120,1500,90,90.73
990,120,1500,100,90.05
990,120,1500,110,89.07
990,120,1500,120,87.81
990,120,1500,130,86.24
990,120,1500,140,84.31
990,120,1500,150,82.03
990,120,1500,160,79.41
990,120,1500,170,79.0
990,120,1500,180,79.0
990,120,1600,0,83.61
990,120,1600,10,85.62
990,120,1600,20,87.33
990,120,1600,30,88.73
990,120,1600,40,89.85
990,120,1600,50,90.67
990,120,1600,60,91.22
990,120,1600,70,91.48
990,120,1600,80,91.45
990,120,1600,90,91.14
990,120,1600,100,90.55
990,120,1600,110,89.67
990,120,1600,120,88.5
990,120,1600,130,87.04
990,120,1600,140,85.25
990,120,1600,150,83.12
990,120,1600,160,80.64
990,120,1600,170,79.0
990,120,1600,180,79.0
990,120,1700,0,83.17
990,120,1700,10,85.27
990,120,1700,20,87.06
990,120,1700,30,88.56
990,120,1700,40,89.76
990,120,1700,50,90.68
990,120,1700,60,91.31
990,120,1700,70,91.66
990,120,1700,80,91.72
990,120,1700,90,91.5
990,120,1700,100,91.0
990,120,1700,110,90.21
990,120,1700,120,89.13
990,120,1700,130,87.77
990,120,1700,140,86.1
990,120,1700,150,84.09
990,120,1700,160,81.74
990,120,1700,170,79.06
990,120,1700,180,79.0
990,120,1800,0,82.71
990,120,1800,10,84.9
990,120,1800,20,86.78
990,120,1800,30,88.36
990,120,1800,40,89.65
990,120,1800,50,90.65
990,120,1800,60,91.37
990,120,1800,70,91.81
990,120,1800,80,91.96
990,120,1800,90,91.82
990,120,1800,100,91.4
990,120,1800,110,90.69
990,120,1800,120,89.7
990,120,1800,130,88.43
990,120,1800,140,86.86
990,120,1800,150,84.97
990,120,1800,160,82.75
990,120,1800,170,80.18
990,120,1800,180,79.0
990,120,1900,0,82.26
990,120,1900,10,84.52
990,120,1900,20,86.49
990,120,1900,30,88.15
990,120,1900,40,89.52
990,120,1900,50,90.6
990,120,1900,60,91.4
990,120,1900,70,91.92
990,120,1900,80,92.15
990,120,1900,90,92.1
990,120,1900,100,91.76
990,120,1900,110,91.14
990,120,1900,120,90.23
990,120,1900,130,89.03
990,120,1900,140,87.56
990,120,1900,150,85.77
990,120,1900,160,83.65
990,120,1900,170,81.21
990,120,1900,180,79.0
990,120,2000,0,81.8
990,120,2000,10,84.14
990,120,2000,20,86.18
990,120,2000,30,87.92
990,120,2000,40,89.37
990,120,2000,50,90.53
990,120,2000,60,91.41
990,120,2000,70,92.01
990,120,2000,80,92.31
990,120,2000,90,92.34
990,120,2000,100,92.08
990,120,2000,110,91.53
990,120,2000,120,90.7
990,120,2000,130,89.58
990,120,2000,140,88.18
990,120,2000,150,86.49
990,120,2000,160,84.48
990,120,2000,170,82.14
990,120,2000,180,79.47
990,120,2100,0,81.35
990,120,2100,10,83.76
990,120,2100,20,85.87
990,120,2100,30,87.69
990,120,2100,40,89.21
990,120,2100,50,90.45
990,120,2100,60,91.4
990,120,2100,70,92.07
990,120,2100,80,92.45
990,120,2100,90,92.55
990,120,2100,100,92.36
990,120,2100,110,91.89
990,120,2100,120,91.13
990,120,2100,130,90.09
990,120,2100,140,88.76
990,120,2100,150,87.15
990,120,2100,160,85.23
990,120,2100,170,82.98
990,120,2100,180,80.41
990,120,2200,0,80.9
990,120,2200,10,83.38
990,120,2200,20,85.56
990,120,2200,30,87.45
990,120,2200,40,89.04
990,120,2200,50,90.35
990,120,2200,60,91.37
990,120,2200,70,92.11
990,120,2200,80,92.56
990,120,2200,90,92.72
990,120,2200,100,92.61
990,120,2200,110,92.2
990,120,2200,120,91.52
990,120,2200,130,90.54
990,120,2200,140,89.29
990,120,2200,150,87.74
990,120,2200,160,85.91
990,120,2200,170,83.75
990,120,2200,180,81.27
990,120,2300,0,80.46
990,120,2300,10,83.01
990,120,2300,20,85.26
990,120,2300,30,87.21
990,120,2300,40,88.86
990,120,2300,50,90.24
990,120,2300,60,91.32
990,120,2300,70,92.13
990,120,2300,80,92.64
990,120,2300,90,92.88
990,120,2300,100,92.82
990,120,2300,110,92.49
990,120,2300,120,91.86
990,120,2300,130,90.96
990,120,2300,140,89.76
990,120,2300,150,88.29
990,120,2300,160,86.52
990,120,2300,170,84.45
990,120,2300,180,82.05
990,120,2400,0,80.04
990,120,2400,10,82.64
990,120,2400,20,84.95
990,120,2400,30,86.97
990,120,2400,40,88.69
990,120,2400,50,90.12
990,120,2400,60,91.27
990,120,2400,70,92.13
990,120,2400,80,92.71
990,120,2400,90,93.0
990,120,2400,100,93.01
990,120,2400,110,92.74
990,120,2400,120,92.17
990,120,2400,130,91.33
990,120,2400,140,90.2
990,120,2400,150,88.78
990,120,2400,160,87.08
990,120,2400,170,85.08
990,120,2400,180,82.76
990,120,2500,0,79.63
990,120,2500,10,82.29
990,120,2500,20,84.66
990,120,2500,30,86.73
990,120,2500,40,88.51
990,120,2500,50,90.0
990,120,2500,60,91.2
990,120,2500,70,92.12
990,120,2500,80,92.76
990,120,2500,90,93.11
990,120,2500,100,93.17
990,120,2500,110,92.96
990,120,2500,120,92.45
990,120,2500,130,91.66
990,120,2500,140,90.59
990,120,2500,150,89.23
990,120,2500,160,87.59
990,120,2500,170,85.65
990,120,2500,180,83.4
990,120,2600,0,79.24
990,120,2600,10,81.96
990,120,2600,20,84.38
990,120,2600,30,86.5
990,120,2600,40,88.33
990,120,2600,50,89.87
990,120,2600,60,91.13
990,120,2600,70,92.1
990,120,2600,80,92.79
990,120,2600,90,93.19
990,120,2600,100,93.31
990,120,2600,110,93.15
990,120,2600,120,92.7
990,120,2600,130,91.96
990,120,2600,140,90.94
990,120,2600,150,89.63
990,120,2600,160,88.04
990,120,2600,170,86.17
990,120,2600,180,83.98
990,120,2700,0,79.0
990,120,2700,10,81.64
990,120,2700,20,84.11
990,120,2700,30,86.28
990,120,2700,40,88.16
990,120,2700,50,89.75
990,120,2700,60,91.05
990,120,2700,70,92.08
990,120,2700,80,92.81
990,120,2700,90,93.27
990,120,2700,100,93.43
990,120,2700,110,93.31
990,120,2700,120,92.91
990,120,2700,130,92.23
990,120,2700,140,91.25
990,120,2700,150,90.0
990,120,2700,160,88.45
990,120,2700,170,86.63
990,120,2700,180,84.5
990,120,2800,0,79.0
990,120,2800,10,81.34
990,120,2800,20,83.85
990,120,2800,30,86.07
990,120,2800,40,87.99
990,120,2800,50,89.63
990,120,2800,60,90.98
990,120,2800,70,92.04
990,120,2800,80,92.82
990,120,2800,90,93.32
990,120,2800,100,93.53
990,120,2800,110,93.46
990,120,2800,120,93.1
990,120,2800,130,92.46
990,120,2800,140,91.53
990,120,2800,150,90.32
990,120,2800,160,88.82
990,120,2800,170,87.04
990,120,2800,180,84.96
990,120,2900,0,79.0
990,120,2900,10,81.06
990,120,2900,20,83.61
990,120,2900,30,85.87
990,120,2900,40,87.83
990,120,2900,50,89.51
990,120,2900,60,90.9
990,120,2900,70,92.01
990,120,2900,80,92.83
990,120,2900,90,93.37
990,120,2900,100,93.62
990,120,2900,110,93.58
990,120,2900,120,93.27
990,120,2900,130,92.66
990,120,2900,140,91.77
990,120,2900,150,90.6
990,120,2900,160,89.14
990,120,2900,170,87.4
990,120,2900,180,85.37
990,120,3000,0,79.0
990,120,3000,10,80.81
990,120,3000,20,83.4
990,120,3000,30,85.69
990,120,3000,40,87.69
990,120,3000,50,89.4
990,120,3000,60,90.83
990,120,3000,70,91.97
990,120,3000,80,92.83
990,120,3000,90,93.4
990,120,3000,100,93.69
990,120,3000,110,93.69
990,120,3000,120,93.41
990,120,3000,130,92.84
990,120,3000,140,91.99
990,120,3000,150,90.85
990,120,3000,160,89.43
990,120,3000,170,87.72
990,120,3000,180,85.73
990,120,3100,0,79.0
990,120,3100,10,80.58
990,120,3100,20,83.2
990,120,3100,30,85.53
990,120,3100,40,87.56
990,120,3100,50,89.3
990,120,3100,60,90.76
990,120,3100,70,91.93
990,120,3100,80,92.82
990,120,3100,90,93.42
990,120,3100,100,93.74
990,120,3100,110,93.78
990,120,3100,120,93.52
990,120,3100,130,92.99
990,120,3100,140,92.17
990,120,3100,150,91.06
990,120,3100,160,89.67
990,120,3100,170,87.99
990,120,3100,180,86.03
990,120,3200,0,79.0
990,120,3200,10,80.39
990,120,3200,20,83.03
990,120,3200,30,85.39
990,120,3200,40,87.44
990,120,3200,50,89.21
990,120,3200,60,90.7
990,120,3200,70,91.9
990,120,3200,80,92.81
990,120,3200,90,93.44
990,120,3200,100,93.79
990,120,3200,110,93.85
990,120,3200,120,93.62
990,120,3200,130,93.11
990,120,3200,140,92.32
990,120,3200,150,91.24
990,120,3200,160,89.87
990,120,3200,170,88.23
990,120,3200,180,86.29
990,120,3300,0,79.0
990,120,3300,10,80.22
990,120,3300,20,82.89
990,120,3300,30,85.26
990,120,3300,40,87.34
990,120,3300,50,89.13
990,120,3300,60,90.64
990,120,3300,70,91.86
990,120,3300,80,92.8
990,120,3300,90,93.45
990,120,3300,100,93.82
990,120,3300,110,93.9
990,120,3300,120,93.7
990,120,3300,130,93.21
990,120,3300,140,92.44
990,120,3300,150,91.38
990,120,3300,160,90.04
990,120,3300,170,88.42
990,120,3300,180,86.51
990,120,3400,0,79.0
990,120,3400,10,80.08
990,120,3400,20,82.77
990,120,3400,30,85.16
990,120,3400,40,87.26
990,120,3400,50,89.07
990,120,3400,60,90.59
990,120,3400,70,91.83
990,120,3400,80,92.79
990,120,3400,90,93.46
990,120,3400,100,93.85
990,120,3400,110,93.95
990,120,3400,120,93.76
990,120,3400,130,93.29
990,120,3400,140,92.54
990,120,3400,150,91.5
990,120,3400,160,90.18
990,120,3400,170,88.57
990,120,3400,180,86.67
990,120,3500,0,79.0
990,120,3500,10,79.98
990,120,3500,20,82.68
990,120,3500,30,85.08
990,120,3500,40,87.2
990,120,3500,50,89.02
990,120,3500,60,90.56
990,120,3500,70,91.81
990,120,3500,80,92.78
990,120,3500,90,93.46
990,120,3500,100,93.86
990,120,3500,110,93.98
990,120,3500,120,93.81
990,120,3500,130,93.35
990,120,3500,140,92.61
990,120,3500,150,91.58
990,120,3500,160,90.27
990,120,3500,170,88.68
990,120,3500,180,86.8
990,120,3600,0,79.0
990,120,3600,10,79.91
990,120,3600,20,82.62
990,120,3600,30,85.03
990,120,3600,40,87.15
990,120,3600,50,88.98
990,120,3600,60,90.53
990,120,3600,70,91.79
990,120,3600,80,92.77
990,120,3600,90,93.46
990,120,3600,100,93.87
990,120,3600,110,93.99
990,120,3600,120,93.83
990,120,3600,130,93.39
990,120,3600,140,92.65
990,120,3600,150,91.64
990,120,3600,160,90.34
990,120,3600,170,88.75
990,120,3600,180,86.88
990,120,3700,0,79.0
990,120,3700,10,79.87
990,120,3700,20,82.58
990,120,3700,30,85.0
990,120,3700,40,87.12
990,120,3700,50,88.96
990,120,3700,60,90.51
990,120,3700,70,91.78
990,120,3700,80,92.76
990,120,3700,90,93.46
990,120,3700,100,93.87
990,120,3700,110,94.0
990,120,3700,120,93.84
990,120,3700,130,93.4
990,120,3700,140,92.67
990,120,3700,150,91.66
990,120,3700,160,90.36
990,120,3700,170,88.78
990,120,3700,180,86.92
990,120,3800,0,79.0
990,120,3800,10,79.86
990,120,3800,20,82.58
990,120,3800,30,84.99
990,120,3800,40,87.12
990,120,3800,50,88.96
990,120,3800,60,90.51
990,120,3800,70,91.77
990,120,3800,80,92.76
990,120,3800,90,93.45
990,120,3800,100,93.87
990,120,3800,110,93.99
990,120,3800,120,93.84
990,120,3800,130,93.39
990,120,3800,140,92.67
990,120,3800,150,91.66
990,120,3800,160,90.36
990,120,3800,170,88.78
990,120,3800,180,86.91
990,120,3900,0,79.0
990,120,3900,10,79.89
990,120,3900,20,82.6
990,120,3900,30,85.01
990,120,3900,40,87.13
990,120,3900,50,88.97
990,120,3900,60,90.51
990,120,3900,70,91.78
990,120,3900,80,92.75
990,120,3900,90,93.45
990,120,3900,100,93.85
990,120,3900,110,93.98
990,120,3900,120,93.81
990,120,3900,130,93.37
990,120,3900,140,92.64
990,120,3900,150,91.62
990,120,3900,160,90.32
990,120,3900,170,88.73
990,120,3900,180,86.86
990,120,4000,0,79.0
990,120,4000,10,79.95
990,120,4000,20,82.65
990,120,4000,30,85.06
990,120,4000,40,87.17
990,120,4000,50,88.99
990,120,4000,60,90.53
990,120,4000,70,91.78
990,120,4000,80,92.75
990,120,4000,90,93.43
990,120,4000,100,93.83
990,120,4000,110,93.95
990,120,4000,120,93.78
990,120,4000,130,93.32
990,120,4000,140,92.58
990,120,4000,150,91.55
990,120,4000,160,90.24
990,120,4000,170,88.65
990,120,4000,180,86.77
990,120,4100,0,79.0
990,120,4100,10,80.04
990,120,4100,20,82.73
990,120,4100,30,85.12
990,120,4100,40,87.22
990,120,4100,50,89.03
990,120,4100,60,90.55
990,120,4100,70,91.79
990,120,4100,80,92.75
990,120,4100,90,93.42
990,120,4100,100,93.81
990,120,4100,110,93.91
990,120,4100,120,93.72
990,120,4100,130,93.25
990,120,4100,140,92.5
990,120,4100,150,91.46
990,120,4100,160,90.14
990,120,4100,170,88.53
990,120,4100,180,86.63
990,120,4200,0,79.0
990,120,4200,10,80.17
990,120,4200,20,82.84
990,120,4200,30,85.21
990,120,4200,40,87.29
990,120,4200,50,89.08
990,120,4200,60,90.59
990,120,4200,70,91.81
990,120,4200,80,92.75
990,120,4200,90,93.4
990,120,4200,100,93.77
990,120,4200,110,93.85
990,120,4200,120,93.65
990,120,4200,130,93.16
990,120,4200,140,92.39
990,120,4200,150,91.33
990,120,4200,160,89.99
990,120,4200,170,88.37
990,120,4200,180,86.45
990,120,4300,0,79.0
990,120,4300,10,80.33
990,120,4300,20,82.97
990,120,4300,30,85.32
990,120,4300,40,87.38
990,120,4300,50,89.15
990,120,4300,60,90.63
990,120,4300,70,91.83
990,120,4300,80,92.75
990,120,4300,90,93.38
990,120,4300,100,93.72
990,120,4300,110,93.78
990,120,4300,120,93.56
990,120,4300,130,93.05
990,120,4300,140,92.26
990,120,4300,150,91.18
990,120,4300,160,89.81
990,120,4300,170,88.16
990,120,4300,180,86.23
990,120,4400,0,79.0
990,120,4400,10,80.51
990,120,4400,20,83.13
990,120,4400,30,85.45
990,120,4400,40,87.48
990,120,4400,50,89.23
990,120,4400,60,90.69
990,120,4400,70,91.86
990,120,4400,80,92.75
990,120,4400,90,93.35
990,120,4400,100,93.67
990,120,4400,110,93.7
990,120,4400,120,93.45
990,120,4400,130,92.91
990,120,4400,140,92.09
990,120,4400,150,90.99
990,120,4400,160,89.6
990,120,4400,170,87.92
990,120,4400,180,85.96
990,120,4500,0,79.0
990,120,4500,10,80.72
990,120,4500,20,83.31
990,120,4500,30,85.61
990,120,4500,40,87.6
990,120,4500,50,89.32
990,120,4500,60,90.74
990,120,4500,70,91.88
990,120,4500,80,92.74
990,120,4500,90,93.31
990,120,4500,100,93.6
990,120,4500,110,93.6
990,120,4500,120,93.32
990,120,4500,130,92.75
990,120,4500,140,91.9
990,120,4500,150,90.76
990,120,4500,160,89.34
990,120,4500,170,87.63
990,120,4500,180,85.64
990,120,4600,0,79.0
990,120,4600,10,80.97
990,120,4600,20,83.52
990,120,4600,30,85.78
990,120,4600,40,87.74
990,120,4600,50,89.41
990,120,4600,60,90.8
990,120,4600,70,91.91
990,120,4600,80,92.73
990,120,4600,90,93.27
990,120,4600,100,93.52
990,120,4600,110,93.49
990,120,4600,120,93.17
990,120,4600,130,92.57
990,120,4600,140,91.68
990,120,4600,150,90.5
990,120,4600,160,89.05
990,120,4600,170,87.3
990,120,4600,180,85.27
990,120,4700,0,79.0
990,120,4700,10,81.23
990,120,4700,20,83.74
990,120,4700,30,85.96
990,120,4700,40,87.88
990,120,4700,50,89.52
990,120,4700,60,90.87
990,120,4700,70,91.94
990,120,4700,80,92.72
990,120,4700,90,93.21
990,120,4700,100,93.43
990,120,4700,110,93.35
990,120,4700,120,92.99
990,120,4700,130,92.35
990,120,4700,140,91.42
990,120,4700,150,90.21
990,120,4700,160,88.71
990,120,4700,170,86.93
990,120,4700,180,84.86
990,120,4800,0,79.0
990,120,4800,10,81.52
990,120,4800,20,83.99
990,120,4800,30,86.16
990,120,4800,40,88.04
990,120,4800,50,89.63
990,120,4800,60,90.93
990,120,4800,70,91.96
990,120,4800,80,92.69
990,120,4800,90,93.15
990,120,4800,100,93.31
990,120,4800,110,93.2
990,120,4800,120,92.79
990,120,4800,130,92.11
990,120,4800,140,91.13
990,120,4800,150,89.88
990,120,4800,160,88.34
990,120,4800,170,86.51
990,120,4800,180,84.38
990,120,4900,0,79.11
990,120,4900,10,81.83
990,120,4900,20,84.25
990,120,4900,30,86.37
990,120,4900,40,88.2
990,120,4900,50,89.74
990,120,4900,60,91.0
990,120,4900,70,91.97
990,120,4900,80,92.66
990,120,4900,90,93.06
990,120,4900,100,93.18
990,120,4900,110,93.02
990,120,4900,120,92.57
990,120,4900,130,91.83
990,120,4900,140,90.81
990,120,4900,150,89.5
990,120,4900,160,87.91
990,120,4900,170,86.04
990,120,4900,180,83.85
990,120,5000,0,79.49
990,120,5000,10,82.15
990,120,5000,20,84.52
990,120,5000,30,86.59
990,120,5000,40,88.36
990,120,5000,50,89.85
990,120,5000,60,91.06
990,120,5000,70,91.98
990,120,5000,80,92.62
990,120,5000,90,92.97
990,120,5000,100,93.03
990,120,5000,110,92.81
990,120,5000,120,92.31
990,120,5000,130,91.52
990,120,5000,140,90.45
990,120,5000,150,89.09
990,120,5000,160,87.45
990,120,5000,170,85.51
990,120,5000,180,83.26
990,120,5100,0,79.88
990,120,5100,10,82.49
990,120,5100,20,84.8
990,120,5100,30,86.81
990,120,5100,40,88.53
990,120,5100,50,89.97
990,120,5100,60,91.11
990,120,5100,70,91.98
990,120,5100,80,92.56
990,120,5100,90,92.85
990,120,5100,100,92.86
990,120,5100,110,92.58
990,120,5100,120,92.02
990,120,5100,130,91.18
990,120,5100,140,90.04
990,120,5100,150,88.63
990,120,5100,160,86.93
990,120,5100,170,84.93
990,120,5100,180,82.61
990,120,5200,0,80.3
990,120,5200,10,82.84
990,120,5200,20,85.09
990,120,5200,30,87.04
990,120,5200,40,88.7
990,120,5200,50,90.07
990,120,5200,60,91.16
990,120,5200,70,91.96
990,120,5200,80,92.48
990,120,5200,90,92.71
990,120,5200,100,92.66
990,120,5200,110,92.32
990,120,5200,120,91.7
990,120,5200,130,90.79
990,120,5200,140,89.6
990,120,5200,150,88.12
990,120,5200,160,86.36
990,120,5200,170,84.29
990,120,5200,180,81.89
990,120,5300,0,80.72
990,120,5300,10,83.2
990,120,5300,20,85.39
990,120,5300,30,87.27
990,120,5300,40,88.87
990,120,5300,50,90.17
990,120,5300,60,91.19
990,120,5300,70,91.93
990,120,5300,80,92.38
990,120,5300,90,92.55
990,120,5300,100,92.43
990,120,5300,110,92.03
990,120,5300,120,91.34
990,120,5300,130,90.37
990,120,5300,140,89.11
990,120,5300,150,87.57
990,120,5300,160,85.73
990,120,5300,170,83.58
990,120,5300,180,81.1
990,120,5400,0,81.16
990,120,5400,10,83.57
990,120,5400,20,85.69
990,120,5400,30,87.5
990,120,5400,40,89.02
990,120,5400,50,90.26
990,120,5400,60,91.21
990,120,5400,70,91.88
990,120,5400,80,92.26
990,120,5400,90,92.36
990,120,5400,100,92.17
990,120,5400,110,91.7
990,120,5400,120,90.94
990,120,5400,130,89.9
990,120,5400,140,88.57
990,120,5400,150,86.96
990,120,5400,160,85.04
990,120,5400,170,82.8
990,120,5400,180,80.22
990,120,5500,0,81.6
990,120,5500,10,83.94
990,120,5500,20,85.98
990,120,5500,30,87.72
990,120,5500,40,89.17
990,120,5500,50,90.34
990,120,5500,60,91.21
990,120,5500,70,91.81
990,120,5500,80,92.12
990,120,5500,90,92.14
990,120,5500,100,91.88
990,120,5500,110,91.33
990,120,5500,120,90.5
990,120,5500,130,89.39
990,120,5500,140,87.99
990,120,5500,150,86.3
990,120,5500,160,84.28
990,120,5500,170,81.94
990,120,5500,180,79.27
990,120,5600,0,82.05
990,120,5600,10,84.31
990,120,5600,20,86.28
990,120,5600,30,87.94
990,120,5600,40,89.31
990,120,5600,50,90.39
990,120,5600,60,91.19
990,120,5600,70,91.71
990,120,5600,80,91.94
990,120,5600,90,91.89
990,120,5600,100,91.55
990,120,5600,110,90.93
990,120,5600,120,90.02
990,120,5600,130,88.82
990,120,5600,140,87.35
990,120,5600,150,85.56
990,120,5600,160,83.44
990,120,5600,170,81.0
990,120,5600,180,79.0
990,120,5700,0,82.49
990,120,5700,10,84.68
990,120,5700,20,86.56
990,120,5700,30,88.14
990,120,5700,40,89.43
990,120,5700,50,90.43
990,120,5700,60,91.15
990,120,5700,70,91.58
990,120,5700,80,91.73
990,120,5700,90,91.6
990,120,5700,100,91.18
990,120,5700,110,90.47
990,120,5700,120,89.48
990,120,5700,130,88.21
990,120,5700,140,86.64
990,120,5700,150,84.75
990,120,5700,160,82.52
990,120,5700,170,79.96
990,120,5700,180,79.0
990,120,5800,0,82.94
990,120,5800,10,85.04
990,120,5800,20,86.83
990,120,5800,30,88.32
990,120,5800,40,89.53
990,120,5800,50,90.45
990,120,5800,60,91.08
990,120,5800,70,91.43
990,120,5800,80,91.49
990,120,5800,90,91.27
990,120,5800,100,90.76
990,120,5800,110,89.97
990,120,5800,120,88.9
990,120,5800,130,87.54
990,120,5800,140,85.87
990,120,5800,150,83.86
990,120,5800,160,81.51
990,120,5800,170,79.0
990,120,5800,180,79.0
990,120,5900,0,83.37
990,120,5900,10,85.38
990,120,5900,20,87.09
990,120,5900,30,88.49
990,120,5900,40,89.6
990,120,5900,50,90.43
990,120,5900,60,90.98
990,120,5900,70,91.23
990,120,5900,80,91.21
990,120,5900,90,90.9
990,120,5900,100,90.3
990,120,5900,110,89.42
990,120,5900,120,88.26
990,120,5900,130,86.8
990,120,5900,140,85.01
990,120,5900,150,82.87
990,120,5900,160,80.39
990,120,5900,170,79.0
990,120,5900,180,79.0
990,120,6000,0,83.79
990,120,6000,10,85.71
990,120,6000,20,87.32
990,120,6000,30,88.63
990,120,6000,40,89.65
990,120,6000,50,90.39
990,120,6000,60,90.84
990,120,6000,70,91.0
990,120,6000,80,90.88
990,120,6000,90,90.48
990,120,6000,100,89.79
990,120,6000,110,88.82
990,120,6000,120,87.56
990,120,6000,130,85.98
990,120,6000,140,84.05
990,120,6000,150,81.78
990,120,6000,160,79.15
990,120,6000,170,79.0
990,120,6000,180,79.0
990,120,6100,0,84.2
990,120,6100,10,86.02
990,120,6100,20,87.54
990,120,6100,30,88.74
990,120,6100,40,89.67
990,120,6100,50,90.31
990,120,6100,60,90.66
990,120,6100,70,90.73
990,120,6100,80,90.51
990,120,6100,90,90.01
990,120,6100,100,89.22
990,120,6100,110,88.15
990,120,6100,120,86.78
990,120,6100,130,85.06
990,120,6100,140,82.99
990,120,6100,150,80.56
990,120,6100,160,79.0
990,120,6100,170,79.0
990,120,6100,180,79.0
990,120,6200,0,84.58
990,120,6200,10,86.31
990,120,6200,20,87.72
990,120,6200,30,88.83
990,120,6200,40,89.65
990,120,6200,50,90.19
990,120,6200,60,90.44
990,120,6200,70,90.41
990,120,6200,80,90.09
990,120,6200,90,89.49
990,120,6200,100,88.6
990,120,6200,110,87.42
990,120,6200,120,85.91
990,120,6200,130,84.03
990,120,6200,140,81.79
990,120,6200,150,79.19
990,120,6200,160,79.0
990,120,6200,170,79.0
990,120,6200,180,79.0
990,120,6300,0,84.95
990,120,6300,10,86.57
990,120,6300,20,87.87
990,120,6300,30,88.88
990,120,6300,40,89.59
990,120,6300,50,90.02
990,120,6300,60,90.17
990,120,6300,70,90.03
990,120,6300,80,89.61
990,120,6300,90,88.9
990,120,6300,100,87.91
990,120,6300,110,86.6
990,120,6300,120,84.92
990,120,6300,130,82.86
990,120,6300,140,80.44
990,120,6300,150,79.0
990,120,6300,160,79.0
990,120,6300,170,79.0
990,120,6300,180,79.0
990,120,6400,0,85.28
990,120,6400,10,86.8
990,120,6400,20,87.99
990,120,6400,30,88.88
990,120,6400,40,89.49
990,120,6400,50,89.81
990,120,6400,60,89.85
990,120,6400,70,89.6
990,120,6400,80,89.07
990,120,6400,90,88.26
990,120,6400,100,87.14
990,120,6400,110,85.66
990,120,6400,120,83.78
990,120,6400,130,81.52
990,120,6400,140,79.0
990,120,6400,150,79.0
990,120,6400,160,79.0
990,120,6400,170,79.0
990,120,6400,180,79.0
990,120,6500,0,85.59
990,120,6500,10,86.99
990,120,6500,20,88.07
990,120,6500,30,88.85
990,120,6500,40,89.34
990,120,6500,50,89.55
990,120,6500,60,89.48
990,120,6500,70,89.12
990,120,6500,80,88.47
990,120,6500,90,87.54
990,120,6500,100,86.25
990,120,6500,110,84.55
990,120,6500,120,82.46
990,120,6500,130,79.96
990,120,6500,140,79.0
990,120,6500,150,79.0
990,120,6500,160,79.0
990,120,6500,170,79.0
990,120,6500,180,79.0
990,120,6600,0,85.85
990,120,6600,10,87.14
990,120,6600,20,88.1
990,120,6600,30,88.76
990,120,6600,40,89.14
990,120,6600,50,89.23
990,120,6600,60,89.04
990,120,6600,70,88.56
990,120,6600,80,87.8
990,120,6600,90,86.7
990,120,6600,100,85.19
990,120,6600,110,83.24
990,120,6600,120,80.88
990,120,6600,130,79.0
990,120,6600,140,79.0
990,120,6600,150,79.0
990,120,6600,160,79.0
990,120,6600,170,79.0
990,120,6600,180,79.0
990,120,6700,0,86.08
990,120,6700,10,87.25
990,120,6700,20,88.08
990,120,6700,30,88.62
990,120,6700,40,88.88
990,120,6700,50,88.85
990,120,6700,60,88.54
990,120,6700,70,87.94
990,120,6700,80,87.03
990,120,6700,90,85.68
990,120,6700,100,83.88
990,120,6700,110,81.63
990,120,6700,120,79.0
990,120,6700,130,79.0
990,120,6700,140,79.0
990,120,6700,150,79.0
990,120,6700,160,79.0
990,120,6700,170,79.0
990,120,6700,180,79.0
990,120,6800,0,86.26
990,120,6800,10,87.31
990,120,6800,20,88.01
990,120,6800,30,88.43
990,120,6800,40,88.56
990,120,6800,50,88.4
990,120,6800,60,87.96
990,120,6800,70,87.23
990,120,6800,80,86.05
990,120,6800,90,84.38
990,120,6800,100,82.22
990,120,6800,110,79.57
990,120,6800,120,79.0
990,120,6800,130,79.0
990,120,6800,140,79.0
990,120,6800,150,79.0
990,120,6800,160,79.0
990,120,6800,170,79.0
990,120,6800,180,79.0
990,120,6900,0,86.39
990,120,6900,10,87.31
990,120,6900,20,87.88
990,120,6900,30,88.16
990,120,6900,40,88.16
990,120,6900,50,87.88
990,120,6900,60,87.31
990,120,6900,70,86.3
990,120,6900,80,84.74
990,120,6900,90,82.63
990,120,6900,100,79.97
990,120,6900,110,79.0
990,120,6900,120,79.0
990,120,6900,130,79.0
990,120,6900,140,79.0
990,120,6900,150,79.0
990,120,6900,160,79.0
990,120,6900,170,79.0
990,120,6900,180,79.0
990,120,7000,0,86.46
990,120,7000,10,87.25
990,120,7000,20,87.68
990,120,7000,30,87.83
990,120,7000,40,87.7
990,120,7000,50,87.27
990,120,7000,60,86.42
990,120,7000,70,84.94
990,120,7000,80,82.81
990,120,7000,90,80.05
990,120,7000,100,79.0
990,120,7000,110,79.0
990,120,7000,120,79.0
990,120,7000,130,79.0
990,120,7000,140,79.0
990,120,7000,150,79.0
990,120,7000,160,79.0
990,120,7000,170,79.0
990,120,7000,180,79.0
990,120,7100,0,86.48
990,120,7100,10,87.12
990,120,7100,20,87.41
990,120,7100,30,87.42
990,120,7100,40,87.14
990,120,7100,50,86.44
990,120,7100,60,84.96
990,120,7100,70,82.69
990,120,7100,80,79.62
990,120,7100,90,79.0
990,120,7100,100,79.0
990,120,7100,110,79.0
990,120,7100,120,79.0
990,120,7100,130,79.0
990,120,7100,140,79.0
990,120,7100,150,79.0
990,120,7100,160,79.0
990,120,7100,170,79.0
990,120,7100,180,79.0
990,120,7200,0,86.43
990,120,7200,10,86.92
990,120,7200,20,87.06
990,120,7200,30,86.92
990,120,7200,40,86.33
990,120,7200,50,84.7
990,120,7200,60,81.97
990,120,7200,70,79.0
990,120,7200,80,79.0
990,120,7200,90,79.0
990,120,7200,100,79.0
990,120,7200,110,79.0
990,120,7200,120,79.0
990,120,7200,130,79.0
990,120,7200,140,79.0
990,120,7200,150,79.0
990,120,7200,160,79.0
990,120,7200,170,79.0
990,120,7200,180,79.0
990,120,7300,0,86.3
990,120,7300,10,86.63
990,120,7300,20,86.61
990,120,7300,30,86.04
990,120,7300,40,83.75
990,120,7300,50,79.6
990,120,7300,60,79.0
990,120,7300,70,79.0
990,120,7300,80,79.0
990,120,7300,90,79.0
990,120,7300,100,79.0
990,120,7300,110,79.0
990,120,7300,120,79.0
990,120,7300,130,79.0
990,120,7300,140,79.0
990,120,7300,150,79.0
990,120,7300,160,79.0
990,120,7300,170,79.0
990,120,7300,180,79.0
990,120,7400,0,86.08
990,120,7400,10,86.24
990,120,7400,20,85.08
990,120,7400,30,79.06
990,120,7400,40,79.0
990,120,7400,50,79.0
990,120,7400,60,79.0
990,120,7400,70,79.0
990,120,7400,80,79.0
990,120,7400,90,79.0
990,120,7400,100,79.0
990,120,7400,110,79.0
990,120,7400,120,79.0
990,120,7400,130,79.0
990,120,7400,140,79.0
990,120,7400,150,79.0
990,120,7400,160,79.0
990,120,7400,170,79.0
990,120,7400,180,79.0
990,120,7500,0,85.75
990,120,7500,10,79.0
990,120,7500,20,79.0
990,120,7500,30,79.0
990,120,7500,40,79.0
990,120,7500,50,79.0
990,120,7500,60,79.0
990,120,7500,70,79.0
990,120,7500,80,79.0
990,120,7500,90,79.0
990,120,7500,100,79.0
990,120,7500,110,79.0
990,120,7500,120,79.0
990,120,7500,130,79.0
990,120,7500,140,79.0
990,120,7500,150,79.0
990,120,7500,160,79.0
990,120,7500,170,79.0
990,120,7500,180,79.0
