{
    "shape-factor": 2.0318994522094727,
    "stiffness-factor": 9.883466720581055,
    "curvature-scaling-factor": 100.16255187988281,
    "horizontal-shift-factor": 1.0,
    "vertical-shift-factor": 0.12448897957801819,
    "zeta_1": 0.034444764256477356,
    "p_px1": -0.34850001335144043,
    "p_px2": 0.37834998965263367,
    "p_dx1": -0.2902204394340515,
    "p_dx2": -0.5365500450134277,
    "p_dx3": 0.0,
    "p_dx4": 0.0,
    "p_ex1": -0.3769986033439636,
    "p_ex2": 0.6854826211929321,
    "p_ex3": -0.503449022769928,
    "p_ex4": 0.042756084352731705,
    "p_kx1": 21.687000274658203,
    "p_kx2": 13.727999687194824,
    "p_kx3": -0.4097999930381775,
    "p_hx1": 0.00021615000150632113,
    "p_hx2": 0.0011597999837249517,
    "p_vx1": -0.03983008489012718,
    "p_vx2": 0.12416154891252518,
    "lambda_loadscalar": 0.9114459753036499,
    "lambda_pressurescalar": 1.0
}