{
    "q_v2": 2.6541382125607143e-36,
    "Omega": 2.6541382125607143e-36,
    "q_Fcx": 0.4149334132671356,
    "q_Fcy": 0.4149334132671356,
    "q_Fz1": 0.10235647112131119,
    "q_Fz2": 0.10000000149011612,
    "P_pFz1": -0.3616844117641449,
    "shape-factor": 0.696268618106842,
    "curvature-scaling-factor": 1.7177082300186157,
    "horizontal-shift-factor": 1.0,
    "vertical-shift-factor": 0.9601083397865295,
    "zeta_1": 0.6045444011688232,
    "p_px1": 0.013196180574595928,
    "p_px2": 0.8705743551254272,
    "p_px3": -0.9542407989501953,
    "p_px4": -0.9245550036430359,
    "p_dx1": 0.642947793006897,
    "p_dx2": 0.9363532066345215,
    "p_dx3": 0.0,
    "p_ex1": 0.5635436177253723,
    "p_ex2": -0.5660403966903687,
    "p_ex3": 0.8500840663909912,
    "p_ex4": -0.005640119314193726,
    "p_kx1": 21.55539894104004,
    "p_kx2": 13.510042190551758,
    "p_kx3": -0.5750095248222351,
    "p_hx1": 0.0021615000441670418,
    "p_hx2": 0.0011597999837249517,
    "p_vx1": 0.41343268752098083,
    "p_vx2": -0.28164142370224,
    "lambda_loadscalarlong": 1.1716148853302002,
    "lambda_pressurescalarlong": 0.4276959002017975,
    "tempXAPure": -0.01220773346722126,
    "tempXBPure": 0.9834595322608948,
    "tempXCPure": 3.0494847297668457,
    "r_bx1": 13.225804328918457,
    "r_bx2": 9.537531852722168,
    "r_bx3": 0.0,
    "r_cx1": 1.148189902305603,
    "r_ex1": -0.23479725420475006,
    "r_ex2": -0.27553272247314453,
    "r_hx1": -0.11146939545869827,
    "lambda_alphastar": 1.14445960521698,
    "lambda_xalpha": 1.1735954284667969,
    "lambda_combinedslipcoeff": 0.8948060870170593,
    "combined_long_offset": 0.8635340929031372,
    "tempXA": -0.001096199150197208,
    "tempXB": -0.004315061029046774,
    "tempXC": 0.9925193786621094,
    "By_pure": 0.12258531153202057,
    "p_cy1": 1.7505735158920288,
    "p_dy1": 0.6830690503120422,
    "p_dy2": -0.4111333191394806,
    "p_dy3": 0.0,
    "p_ey1": -3.2429072856903076,
    "p_ey2": 0.6319087147712708,
    "p_ey3": 0.24122107028961182,
    "p_ey4": -6.697000026702881,
    "p_ey5": 0.0,
    "p_ky1": -15.324000358581543,
    "p_ky2": 1.715000033378601,
    "p_ky3": 0.3695000112056732,
    "p_ky4": -6.697000026702881,
    "p_ky5": 0.0,
    "p_py1": -0.6255000233650208,
    "p_py2": -0.06522999703884125,
    "p_py3": -0.3435402512550354,
    "p_py4": -1.088955044746399,
    "Svy": 39.17298889160156,
    "zeta3": 1.0,
    "epsilon_y": 0.009999999776482582,
    "lambda_alphastarypure": 0.45082953572273254,
    "lambda_ey": -2.330031394958496,
    "lambda_kyalpha": 1.0,
    "lambda_nominalload": 1.0,
    "lambda_coeffscalary": 1.3106389045715332,
    "lambda_loadscalarlat": 0.9999913573265076,
    "lambda_pressurescalarlat": 1.1172782182693481,
    "tempYAPure": -0.02044018730521202,
    "tempYBPure": 2.9646999835968018,
    "tempYCPure": 17.872013092041016,
    "Byk": 0.7075067758560181,
    "Cyk": 1.7348066568374634,
    "Eyk": 0.9768351912498474,
    "Shyk": 0.6505736708641052,
    "Svyk": -6.833913803100586,
    "r_by1": 11.626943588256836,
    "r_by2": 7.820000171661377,
    "r_by3": 0.00203699991106987,
    "r_by4": 0.0,
    "r_cy1": 0.9420238137245178,
    "r_ey1": 0.12471016496419907,
    "r_ey2": 0.4639119505882263,
    "r_hy1": 0.04344658926129341,
    "r_hy2": 0.12151141464710236,
    "r_vy1": 0.534748911857605,
    "r_vy2": 0.48336413502693176,
    "r_vy3": 0.0,
    "r_vy4": 93.80660247802734,
    "r_vy5": 1.9759562015533447,
    "r_vy6": 23.584060668945312,
    "lambda_yk": 1.0,
    "lambda_vyk": 1.7570732831954956,
    "zeta_2": 1.7570732831954956,
    "pressureYA": -3.086921788053587e-05,
    "pressureYB": -9.812999633140862e-05,
    "pressureYC": 0.9998338222503662,
    "gysign": -0.10000000149011612,
    "loadA": -0.03620269522070885,
    "loadB": -0.0775618776679039,
    "loadC": 5.892918586730957
}