{
    "q_v2": 2.661479268335117e-21,
    "Omega": 2.661479268335117e-21,
    "q_Fcx": 0.4153727889060974,
    "q_Fcy": 0.4153727889060974,
    "q_Fz1": 0.09520100802183151,
    "q_Fz2": 0.10000000149011612,
    "P_pFz1": -0.37811699509620667,
    "shape-factor": 0.696268618106842,
    "curvature-scaling-factor": 1.7177082300186157,
    "horizontal-shift-factor": 1.0,
    "vertical-shift-factor": 0.9601083397865295,
    "zeta_1": 0.6045444011688232,
    "p_px1": 0.013196180574595928,
    "p_px2": 0.8705743551254272,
    "p_px3": -0.9542407989501953,
    "p_px4": -0.9245550036430359,
    "p_dx1": 0.642947793006897,
    "p_dx2": 0.9363532066345215,
    "p_dx3": 0.0,
    "p_ex1": 0.5635436177253723,
    "p_ex2": -0.5660403966903687,
    "p_ex3": 0.8500840663909912,
    "p_ex4": -0.005640119314193726,
    "p_kx1": 21.55539894104004,
    "p_kx2": 13.510042190551758,
    "p_kx3": -0.5750095248222351,
    "p_hx1": 0.0021615000441670418,
    "p_hx2": 0.0011597999837249517,
    "p_vx1": 0.41343268752098083,
    "p_vx2": -0.28164142370224,
    "lambda_loadscalarlong": 1.1716148853302002,
    "lambda_pressurescalarlong": 0.43210166692733765,
    "tempXAPure": -0.01220773346722126,
    "tempXBPure": 0.9834595322608948,
    "tempXCPure": 3.0494847297668457,
    "r_bx1": 13.225804328918457,
    "r_bx2": 9.537531852722168,
    "r_bx3": 0.0,
    "r_cx1": 1.148189902305603,
    "r_ex1": -0.23479725420475006,
    "r_ex2": -0.27553272247314453,
    "r_hx1": -0.11146939545869827,
    "lambda_alphastar": 1.14445960521698,
    "lambda_xalpha": 1.1735954284667969,
    "lambda_combinedslipcoeff": 0.8948060870170593,
    "combined_long_offset": 0.8635340929031372,
    "tempXA": -0.001096199150197208,
    "tempXB": -0.004315061029046774,
    "tempXC": 0.9925193786621094,
    "By_pure": 0.4693591296672821,
    "p_cy1": 0.9287505745887756,
    "p_dy1": -0.3915218412876129,
    "p_dy2": -1.159020185470581,
    "p_dy3": 0.0,
    "p_ey1": -1.9041597843170166,
    "p_ey2": -2.1040310859680176,
    "p_ey3": 0.3201994299888611,
    "p_ey4": -6.697000026702881,
    "p_ey5": 0.0,
    "p_ky1": -15.324000358581543,
    "p_ky2": 1.715000033378601,
    "p_ky3": 0.3695000112056732,
    "p_ky4": -6.697000026702881,
    "p_ky5": 0.0,
    "p_py1": -0.6255000233650208,
    "p_py2": -0.06522999703884125,
    "p_py3": 4.866884069087973e-07,
    "p_py4": -0.48629748821258545,
    "Svy": 27.824512481689453,
    "zeta3": 1.0,
    "epsilon_y": 0.009999999776482582,
    "lambda_alphastarypure": 0.785740077495575,
    "lambda_ey": -1.2612059116363525,
    "lambda_kyalpha": 1.0,
    "lambda_nominalload": 1.0,
    "lambda_coeffscalary": 1.0360174179077148,
    "lambda_loadscalarlat": 0.779522716999054,
    "lambda_pressurescalarlat": 0.9999999403953552,
    "tempYAPure": 0.03271893411874771,
    "tempYBPure": -4.234000205993652,
    "tempYCPure": 0.7912582755088806,
    "Byk": 0.7075067758560181,
    "Cyk": 1.7348066568374634,
    "Eyk": 0.9768351912498474,
    "Shyk": 0.6505736708641052,
    "Svyk": -6.833913803100586,
    "r_by1": 13.638416290283203,
    "r_by2": 7.820000171661377,
    "r_by3": 0.00203699991106987,
    "r_by4": 0.0,
    "r_cy1": 1.1116586923599243,
    "r_ey1": 0.6749380826950073,
    "r_ey2": 0.027714336290955544,
    "r_hy1": 0.0646829605102539,
    "r_hy2": -0.17992457747459412,
    "r_vy1": 0.534748911857605,
    "r_vy2": 0.48336413502693176,
    "r_vy3": 0.0,
    "r_vy4": 93.80660247802734,
    "r_vy5": 1.9759562015533447,
    "r_vy6": 23.584060668945312,
    "lambda_yk": 1.0,
    "lambda_vyk": 1.7570732831954956,
    "zeta_2": 1.7570732831954956,
    "pressureYA": -3.086921788053587e-05,
    "pressureYB": -9.812999633140862e-05,
    "pressureYC": 0.9998338222503662,
    "gysign": -0.10000000149011612,
    "loadA": -0.034795522689819336,
    "loadB": 0.3227352797985077,
    "loadC": 4.309440612792969
}