{
    "loadA": 0.0022605881094932556,
    "loadB": 0.03575561195611954,
    "loadC": 1.2375506162643433
}