{
    "r_bx1": 13.11646842956543,
    "r_bx2": 14.15798568725586,
    "r_bx3": 0.0,
    "r_cx1": 1.3974727392196655,
    "r_ex1": -0.7376295924186707,
    "r_ex2": 0.22729791700839996,
    "r_hx1": -0.13270413875579834,
    "lambda_alphastar": 2.206268310546875,
    "lambda_xalpha": 1.0847835540771484,
    "lambda_combinedslipcoeff": 0.04086776077747345,
    "combined_long_offset": 0.32639122009277344,
    "tempXAPure": 0.0,
    "tempXBPure": 0.002874542260542512,
    "tempXCPure": 0.780811071395874,
    "tempXA": 0.012868478894233704,
    "tempXB": -1.1071010828018188,
    "tempXC": -3.1385374069213867
}