{
    "r_bx1": 13.225804328918457,
    "r_bx2": 9.537531852722168,
    "r_bx3": 0.0,
    "r_cx1": 1.148189902305603,
    "r_ex1": -0.23479725420475006,
    "r_ex2": -0.27553272247314453,
    "r_hx1": -0.11146939545869827,
    "lambda_alphastar": 1.14445960521698,
    "lambda_xalpha": 1.1735954284667969,
    "lambda_combinedslipcoeff": 0.8948060870170593,
    "combined_long_offset": 0.8635340929031372,
    "tempXAPure": 0.002207712968811393,
    "tempXBPure": 0.003922139294445515,
    "tempXCPure": 1.005551815032959,
    "tempXA": -0.001096199150197208,
    "tempXB": -0.004315061029046774,
    "tempXC": 0.9925193786621094
}