{
    "r_bx1": 14.809731483459473,
    "r_bx2": 10.909751892089844,
    "r_bx3": 0.0,
    "r_cx1": 1.362322449684143,
    "r_ex1": 0.7807241678237915,
    "r_ex2": -1.291043996810913,
    "r_hx1": 0.5702208280563354,
    "lambda_alphastar": 0.11821303516626358,
    "lambda_xalpha": 2.2693440914154053,
    "lambda_combinedslipcoeff": 0.003971213474869728,
    "combined_long_offset": 0.03783436864614487,
    "tempXA": -0.007958554662764072,
    "tempXB": 0.7807543277740479,
    "tempXC": 3.312221050262451
}