{
    "r_by1": 13.302131652832031,
    "r_by2": 2.0488810539245605,
    "r_by3": -0.6190052032470703,
    "r_by4": 0.0,
    "r_cy1": 0.8424293994903564,
    "r_ey1": -1.8280361890792847,
    "r_ey2": -2.1379685401916504,
    "r_hy1": 0.06195251643657684,
    "r_hy2": 0.06223451718688011,
    "r_vy1": -0.04704200103878975,
    "r_vy2": -0.09842691570520401,
    "r_vy3": 0.0,
    "r_vy4": 94.50676727294922,
    "r_vy5": 2.272137403488159,
    "r_vy6": 21.05143165588379,
    "lambda_yk": 3.1388041973114014,
    "lambda_vyk": 0.7260451316833496,
    "zeta_2": 0.7260450124740601,
    "pressureYA": -3.086921788053587e-05,
    "pressureYB": -9.812999633140862e-05,
    "pressureYC": 0.9998338222503662,
    "gysign": -0.10000000149011612
}