source_file,time_to_fault,SME_TRQSPD_Speed,ETC_STATUS_HE2,SME_THROTL_TorqueDemand,SME_TEMP_BusCurrent,SME_TEMP_DC_Bus_V,voltage_drop_connection,est_resistance_mohm,busV_min_05s,dBusV_dt,mc_power_W
08102025RollingResistanceTestP1.parquet,-5.0,139.0,464.0,0.0,5.5,90.9000015258789,0.0,0.0,90.80000305175781,0.0,499.95001220703125
08102025RollingResistanceTestP1.parquet,-4.99,137.0,464.0,0.0,5.5,90.9000015258789,0.0,0.0,90.80000305175781,0.0,499.95001220703125
08102025RollingResistanceTestP1.parquet,-4.98,137.0,464.0,0.0,5.5,90.9000015258789,0.0,0.0,90.80000305175781,0.0,499.95001220703125
08102025RollingResistanceTestP1.parquet,-4.97,136.0,464.0,0.0,5.5,90.80000305175781,0.09999847412109375,18.18153953552246,90.80000305175781,-0.09999847412109375,499.4000244140625
08102025RollingResistanceTestP1.parquet,-4.96,133.0,464.0,0.0,5.5,90.80000305175781,0.09999847412109375,18.18153953552246,90.80000305175781,0.0,499.4000244140625
08102025RollingResistanceTestP1.parquet,-4.95,133.0,464.0,0.0,5.5,90.80000305175781,0.09999847412109375,18.18153953552246,90.80000305175781,0.0,499.4000244140625
08102025RollingResistanceTestP1.parquet,-4.94,133.0,464.0,0.0,5.5,90.80000305175781,0.09999847412109375,18.18153953552246,90.80000305175781,0.0,499.4000244140625
08102025RollingResistanceTestP1.parquet,-4.93,133.0,465.0,0.0,5.5,90.80000305175781,0.09999847412109375,18.18153953552246,90.80000305175781,0.0,499.4000244140625
08102025RollingResistanceTestP1.parquet,-4.92,133.0,465.0,0.0,5.5,90.80000305175781,0.09999847412109375,18.18153953552246,90.80000305175781,0.0,499.4000244140625
08102025RollingResistanceTestP1.parquet,-4.91,134.0,465.0,0.0,5.5,90.80000305175781,0.09999847412109375,18.18153953552246,90.80000305175781,0.0,499.4000244140625
08102025RollingResistanceTestP1.parquet,-4.9,134.0,465.0,0.0,5.5,90.80000305175781,0.09999847412109375,18.18153953552246,90.80000305175781,0.0,499.4000244140625
08102025RollingResistanceTestP1.parquet,-4.89,132.0,465.0,0.0,5.5,90.9000015258789,0.0,0.0,90.80000305175781,0.09999847412109375,499.95001220703125
08102025RollingResistanceTestP1.parquet,-4.88,132.0,465.0,0.0,5.5,90.9000015258789,0.0,0.0,90.80000305175781,0.0,499.95001220703125
08102025RollingResistanceTestP1.parquet,-4.87,133.0,465.0,0.0,5.5,90.9000015258789,0.0,0.0,90.80000305175781,0.0,499.95001220703125
08102025RollingResistanceTestP1.parquet,-4.86,131.0,465.0,0.0,5.5,90.9000015258789,0.0,0.0,90.80000305175781,0.0,499.95001220703125
08102025RollingResistanceTestP1.parquet,-4.85,131.0,465.0,0.0,5.5,90.9000015258789,0.0,0.0,90.80000305175781,0.0,499.95001220703125
08102025RollingResistanceTestP1.parquet,-4.84,131.0,465.0,0.0,5.5,90.9000015258789,0.0,0.0,90.80000305175781,0.0,499.95001220703125
08102025RollingResistanceTestP1.parquet,-4.83,131.0,465.0,0.0,5.5,90.9000015258789,0.0,0.0,90.80000305175781,0.0,499.95001220703125
08102025RollingResistanceTestP1.parquet,-4.82,129.0,465.0,0.0,5.5,90.9000015258789,0.0,0.0,90.80000305175781,0.0,499.95001220703125
08102025RollingResistanceTestP1.parquet,-4.81,129.0,465.0,0.0,5.5,90.9000015258789,0.0,0.0,90.80000305175781,0.0,499.95001220703125
08102025RollingResistanceTestP1.parquet,-4.8,127.0,465.0,0.0,5.5,90.9000015258789,0.0,0.0,90.80000305175781,0.0,499.95001220703125
08102025RollingResistanceTestP1.parquet,-4.79,127.0,465.0,0.0,5.5,90.9000015258789,0.0,0.0,90.80000305175781,0.0,499.95001220703125
08102025RollingResistanceTestP1.parquet,-4.78,124.0,465.0,0.0,5.5,90.9000015258789,0.0,0.0,90.80000305175781,0.0,499.95001220703125
08102025RollingResistanceTestP1.parquet,-4.77,124.0,465.0,0.0,5.5,90.80000305175781,0.09999847412109375,18.18153953552246,90.80000305175781,-0.09999847412109375,499.4000244140625
08102025RollingResistanceTestP1.parquet,-4.76,122.0,465.0,0.0,5.5,90.80000305175781,0.09999847412109375,18.18153953552246,90.80000305175781,0.0,499.4000244140625
08102025RollingResistanceTestP1.parquet,-4.75,122.0,465.0,0.0,5.5,90.80000305175781,0.09999847412109375,18.18153953552246,90.80000305175781,0.0,499.4000244140625
08102025RollingResistanceTestP1.parquet,-4.74,124.0,465.0,0.0,5.5,90.80000305175781,0.09999847412109375,18.18153953552246,90.80000305175781,0.0,499.4000244140625
08102025RollingResistanceTestP1.parquet,-4.73,124.0,465.0,0.0,5.5,90.80000305175781,0.09999847412109375,18.18153953552246,90.80000305175781,0.0,499.4000244140625
08102025RollingResistanceTestP1.parquet,-4.72,126.0,465.0,0.0,5.5,90.80000305175781,0.09999847412109375,18.18153953552246,90.80000305175781,0.0,499.4000244140625
08102025RollingResistanceTestP1.parquet,-4.71,126.0,465.0,0.0,5.5,90.80000305175781,0.09999847412109375,18.18153953552246,90.80000305175781,0.0,499.4000244140625
08102025RollingResistanceTestP1.parquet,-4.7,126.0,465.0,0.0,5.5,90.80000305175781,0.09999847412109375,18.18153953552246,90.80000305175781,0.0,499.4000244140625
08102025RollingResistanceTestP1.parquet,-4.69,123.0,465.0,0.0,5.5,90.80000305175781,0.09999847412109375,18.18153953552246,90.80000305175781,0.0,499.4000244140625
08102025RollingResistanceTestP1.parquet,-4.68,123.0,465.0,0.0,5.5,90.80000305175781,0.09999847412109375,18.18153953552246,90.80000305175781,0.0,499.4000244140625
08102025RollingResistanceTestP1.parquet,-4.67,120.0,465.0,0.0,5.5,90.80000305175781,0.09999847412109375,18.18153953552246,90.80000305175781,0.0,499.4000244140625
08102025RollingResistanceTestP1.parquet,-4.66,120.0,465.0,0.0,5.5,90.80000305175781,0.09999847412109375,18.18153953552246,90.80000305175781,0.0,499.4000244140625
08102025RollingResistanceTestP1.parquet,-4.65,120.0,465.0,0.0,5.5,90.80000305175781,0.09999847412109375,18.18153953552246,90.80000305175781,0.0,499.4000244140625
08102025RollingResistanceTestP1.parquet,-4.64,120.0,465.0,0.0,5.5,90.80000305175781,0.09999847412109375,18.18153953552246,90.80000305175781,0.0,499.4000244140625
08102025RollingResistanceTestP1.parquet,-4.63,120.0,465.0,0.0,5.5,90.80000305175781,0.09999847412109375,18.18153953552246,90.80000305175781,0.0,499.4000244140625
08102025RollingResistanceTestP1.parquet,-4.62,120.0,465.0,0.0,5.5,90.80000305175781,0.09999847412109375,18.18153953552246,90.80000305175781,0.0,499.4000244140625
08102025RollingResistanceTestP1.parquet,-4.61,117.0,465.0,0.0,5.5,90.80000305175781,0.09999847412109375,18.18153953552246,90.80000305175781,0.0,499.4000244140625
08102025RollingResistanceTestP1.parquet,-4.6,117.0,465.0,0.0,5.5,90.9000015258789,0.0,0.0,90.80000305175781,0.09999847412109375,499.95001220703125
08102025RollingResistanceTestP1.parquet,-4.59,115.0,465.0,0.0,5.5,90.9000015258789,0.0,0.0,90.80000305175781,0.0,499.95001220703125
08102025RollingResistanceTestP1.parquet,-4.58,115.0,465.0,0.0,5.5,90.9000015258789,0.0,0.0,90.80000305175781,0.0,499.95001220703125
08102025RollingResistanceTestP1.parquet,-4.57,115.0,465.0,0.0,5.5,90.9000015258789,0.0,0.0,90.80000305175781,0.0,499.95001220703125
08102025RollingResistanceTestP1.parquet,-4.56,118.0,465.0,0.0,5.5,90.80000305175781,0.09999847412109375,18.18153953552246,90.80000305175781,-0.09999847412109375,499.4000244140625
08102025RollingResistanceTestP1.parquet,-4.55,118.0,465.0,0.0,5.5,90.80000305175781,0.09999847412109375,18.18153953552246,90.80000305175781,0.0,499.4000244140625
08102025RollingResistanceTestP1.parquet,-4.54,120.0,465.0,0.0,5.5,90.80000305175781,0.09999847412109375,18.18153953552246,90.80000305175781,0.0,499.4000244140625
08102025RollingResistanceTestP1.parquet,-4.53,120.0,465.0,0.0,5.5,90.80000305175781,0.09999847412109375,18.18153953552246,90.80000305175781,0.0,499.4000244140625
08102025RollingResistanceTestP1.parquet,-4.52,116.0,465.0,0.0,5.5,90.80000305175781,0.09999847412109375,18.18153953552246,90.80000305175781,0.0,499.4000244140625
08102025RollingResistanceTestP1.parquet,-4.51,116.0,465.0,0.0,5.5,90.80000305175781,0.09999847412109375,18.18153953552246,90.80000305175781,0.0,499.4000244140625
08102025RollingResistanceTestP1.parquet,-4.5,112.0,465.0,0.0,5.5,90.80000305175781,0.09999847412109375,18.18153953552246,90.80000305175781,0.0,499.4000244140625
08102025RollingResistanceTestP1.parquet,-4.49,112.0,465.0,0.0,5.5,90.80000305175781,0.09999847412109375,18.18153953552246,90.80000305175781,0.0,499.4000244140625
08102025RollingResistanceTestP1.parquet,-4.48,111.0,465.0,0.0,5.5,90.80000305175781,0.09999847412109375,18.18153953552246,90.80000305175781,0.0,499.4000244140625
08102025RollingResistanceTestP1.parquet,-4.47,111.0,465.0,0.0,5.5,90.80000305175781,0.09999847412109375,18.18153953552246,90.80000305175781,0.0,499.4000244140625
08102025RollingResistanceTestP1.parquet,-4.46,111.0,465.0,0.0,5.5,90.80000305175781,0.09999847412109375,18.18153953552246,90.80000305175781,0.0,499.4000244140625
08102025RollingResistanceTestP1.parquet,-4.45,111.0,465.0,0.0,5.5,90.80000305175781,0.09999847412109375,18.18153953552246,90.80000305175781,0.0,499.4000244140625
08102025RollingResistanceTestP1.parquet,-4.44,111.0,465.0,0.0,5.5,90.80000305175781,0.09999847412109375,18.18153953552246,90.80000305175781,0.0,499.4000244140625
08102025RollingResistanceTestP1.parquet,-4.43,101.0,465.0,0.0,5.5,90.80000305175781,0.09999847412109375,18.18153953552246,90.80000305175781,0.0,499.4000244140625
08102025RollingResistanceTestP1.parquet,-4.42,101.0,465.0,0.0,5.5,90.80000305175781,0.09999847412109375,18.18153953552246,90.80000305175781,0.0,499.4000244140625
08102025RollingResistanceTestP1.parquet,-4.41,103.0,465.0,0.0,5.5,90.80000305175781,0.09999847412109375,18.18153953552246,90.80000305175781,0.0,499.4000244140625
08102025RollingResistanceTestP1.parquet,-4.4,103.0,465.0,0.0,5.5,90.80000305175781,0.09999847412109375,18.18153953552246,90.80000305175781,0.0,499.4000244140625
08102025RollingResistanceTestP1.parquet,-4.39,105.0,465.0,0.0,5.5,90.80000305175781,0.09999847412109375,18.18153953552246,90.80000305175781,0.0,499.4000244140625
08102025RollingResistanceTestP1.parquet,-4.38,105.0,465.0,0.0,5.5,90.80000305175781,0.09999847412109375,18.18153953552246,90.80000305175781,0.0,499.4000244140625
08102025RollingResistanceTestP1.parquet,-4.37,106.0,465.0,0.0,5.5,90.80000305175781,0.09999847412109375,18.18153953552246,90.80000305175781,0.0,499.4000244140625
08102025RollingResistanceTestP1.parquet,-4.36,106.0,465.0,0.0,5.5,90.80000305175781,0.09999847412109375,18.18153953552246,90.80000305175781,0.0,499.4000244140625
08102025RollingResistanceTestP1.parquet,-4.35,106.0,465.0,0.0,5.5,90.80000305175781,0.09999847412109375,18.18153953552246,90.80000305175781,0.0,499.4000244140625
08102025RollingResistanceTestP1.parquet,-4.34,106.0,465.0,0.0,5.5,90.80000305175781,0.09999847412109375,18.18153953552246,90.80000305175781,0.0,499.4000244140625
08102025RollingResistanceTestP1.parquet,-4.33,99.0,465.0,0.0,5.5,90.80000305175781,0.09999847412109375,18.18153953552246,90.80000305175781,0.0,499.4000244140625
08102025RollingResistanceTestP1.parquet,-4.32,99.0,465.0,0.0,5.5,90.80000305175781,0.09999847412109375,18.18153953552246,90.80000305175781,0.0,499.4000244140625
08102025RollingResistanceTestP1.parquet,-4.31,99.0,465.0,0.0,5.5,90.80000305175781,0.09999847412109375,18.18153953552246,90.80000305175781,0.0,499.4000244140625
08102025RollingResistanceTestP1.parquet,-4.3,99.0,465.0,0.0,5.5,90.80000305175781,0.09999847412109375,18.18153953552246,90.80000305175781,0.0,499.4000244140625
08102025RollingResistanceTestP1.parquet,-4.29,99.0,465.0,0.0,5.5,90.80000305175781,0.09999847412109375,18.18153953552246,90.80000305175781,0.0,499.4000244140625
08102025RollingResistanceTestP1.parquet,-4.28,99.0,465.0,0.0,5.5,90.80000305175781,0.09999847412109375,18.18153953552246,90.80000305175781,0.0,499.4000244140625
08102025RollingResistanceTestP1.parquet,-4.27,99.0,465.0,0.0,5.5,90.80000305175781,0.09999847412109375,18.18153953552246,90.80000305175781,0.0,499.4000244140625
08102025RollingResistanceTestP1.parquet,-4.26,102.0,465.0,0.0,5.5,90.80000305175781,0.09999847412109375,18.18153953552246,90.80000305175781,0.0,499.4000244140625
08102025RollingResistanceTestP1.parquet,-4.25,102.0,465.0,0.0,5.5,90.80000305175781,0.09999847412109375,18.18153953552246,90.80000305175781,0.0,499.4000244140625
08102025RollingResistanceTestP1.parquet,-4.24,99.0,465.0,0.0,5.5,90.80000305175781,0.09999847412109375,18.18153953552246,90.80000305175781,0.0,499.4000244140625
08102025RollingResistanceTestP1.parquet,-4.23,99.0,465.0,0.0,5.5,90.80000305175781,0.09999847412109375,18.18153953552246,90.80000305175781,0.0,499.4000244140625
08102025RollingResistanceTestP1.parquet,-4.22,94.0,465.0,0.0,5.5,90.80000305175781,0.09999847412109375,18.18153953552246,90.80000305175781,0.0,499.4000244140625
08102025RollingResistanceTestP1.parquet,-4.21,94.0,465.0,0.0,5.5,90.80000305175781,0.09999847412109375,18.18153953552246,90.80000305175781,0.0,499.4000244140625
08102025RollingResistanceTestP1.parquet,-4.2,93.0,465.0,0.0,5.5,90.80000305175781,0.09999847412109375,18.18153953552246,90.80000305175781,0.0,499.4000244140625
08102025RollingResistanceTestP1.parquet,-4.19,93.0,464.0,0.0,5.5,90.80000305175781,0.09999847412109375,18.18153953552246,90.80000305175781,0.0,499.4000244140625
08102025RollingResistanceTestP1.parquet,-4.18,93.0,464.0,0.0,5.5,90.9000015258789,0.0,0.0,90.80000305175781,0.09999847412109375,499.95001220703125
08102025RollingResistanceTestP1.parquet,-4.17,95.0,464.0,0.0,5.5,90.9000015258789,0.0,0.0,90.80000305175781,0.0,499.95001220703125
08102025RollingResistanceTestP1.parquet,-4.16,95.0,464.0,0.0,5.5,90.9000015258789,0.0,0.0,90.80000305175781,0.0,499.95001220703125
08102025RollingResistanceTestP1.parquet,-4.15,95.0,464.0,0.0,5.5,90.9000015258789,0.0,0.0,90.80000305175781,0.0,499.95001220703125
08102025RollingResistanceTestP1.parquet,-4.14,95.0,464.0,0.0,5.5,90.80000305175781,0.09999847412109375,18.18153953552246,90.80000305175781,-0.09999847412109375,499.4000244140625
08102025RollingResistanceTestP1.parquet,-4.13,92.0,464.0,0.0,5.5,90.80000305175781,0.09999847412109375,18.18153953552246,90.80000305175781,0.0,499.4000244140625
08102025RollingResistanceTestP1.parquet,-4.12,92.0,464.0,0.0,5.5,90.80000305175781,0.09999847412109375,18.18153953552246,90.80000305175781,0.0,499.4000244140625
08102025RollingResistanceTestP1.parquet,-4.11,90.0,464.0,0.0,5.5,90.80000305175781,0.09999847412109375,18.18153953552246,90.80000305175781,0.0,499.4000244140625
08102025RollingResistanceTestP1.parquet,-4.1,90.0,464.0,0.0,5.5,90.80000305175781,0.09999847412109375,18.18153953552246,90.80000305175781,0.0,499.4000244140625
08102025RollingResistanceTestP1.parquet,-4.09,89.0,465.0,0.0,5.5,90.80000305175781,0.09999847412109375,18.18153953552246,90.80000305175781,0.0,499.4000244140625
08102025RollingResistanceTestP1.parquet,-4.08,89.0,465.0,0.0,5.5,90.80000305175781,0.09999847412109375,18.18153953552246,90.80000305175781,0.0,499.4000244140625
08102025RollingResistanceTestP1.parquet,-4.07,89.0,465.0,0.0,5.5,90.80000305175781,0.09999847412109375,18.18153953552246,90.80000305175781,0.0,499.4000244140625
08102025RollingResistanceTestP1.parquet,-4.06,89.0,465.0,0.0,5.5,90.80000305175781,0.09999847412109375,18.18153953552246,90.80000305175781,0.0,499.4000244140625
08102025RollingResistanceTestP1.parquet,-4.05,89.0,465.0,0.0,5.5,90.80000305175781,0.09999847412109375,18.18153953552246,90.80000305175781,0.0,499.4000244140625
08102025RollingResistanceTestP1.parquet,-4.04,89.0,465.0,0.0,5.5,90.80000305175781,0.09999847412109375,18.18153953552246,90.80000305175781,0.0,499.4000244140625
08102025RollingResistanceTestP1.parquet,-4.03,89.0,465.0,0.0,5.5,90.80000305175781,0.09999847412109375,18.18153953552246,90.80000305175781,0.0,499.4000244140625
08102025RollingResistanceTestP1.parquet,-4.02,89.0,465.0,0.0,5.5,90.80000305175781,0.09999847412109375,18.18153953552246,90.80000305175781,0.0,499.4000244140625
08102025RollingResistanceTestP1.parquet,-4.01,89.0,465.0,0.0,5.5,90.80000305175781,0.09999847412109375,18.18153953552246,90.80000305175781,0.0,499.4000244140625
08102025RollingResistanceTestP1.parquet,-4.0,90.0,465.0,0.0,5.5,90.80000305175781,0.09999847412109375,18.18153953552246,90.80000305175781,0.0,499.4000244140625
08102025RollingResistanceTestP1.parquet,-3.99,90.0,466.0,0.0,5.5,90.80000305175781,0.09999847412109375,18.18153953552246,90.80000305175781,0.0,499.4000244140625
08102025RollingResistanceTestP1.parquet,-3.98,86.0,466.0,0.0,5.5,90.80000305175781,0.09999847412109375,18.18153953552246,90.80000305175781,0.0,499.4000244140625
08102025RollingResistanceTestP1.parquet,-3.97,86.0,466.0,0.0,5.5,90.80000305175781,0.09999847412109375,18.18153953552246,90.80000305175781,0.0,499.4000244140625
08102025RollingResistanceTestP1.parquet,-3.96,86.0,466.0,0.0,5.5,90.80000305175781,0.09999847412109375,18.18153953552246,90.80000305175781,0.0,499.4000244140625
08102025RollingResistanceTestP1.parquet,-3.95,86.0,466.0,0.0,5.5,90.80000305175781,0.09999847412109375,18.18153953552246,90.80000305175781,0.0,499.4000244140625
08102025RollingResistanceTestP1.parquet,-3.94,86.0,466.0,0.0,5.5,90.80000305175781,0.09999847412109375,18.18153953552246,90.80000305175781,0.0,499.4000244140625
08102025RollingResistanceTestP1.parquet,-3.93,85.0,466.0,0.0,5.5,90.9000015258789,0.0,0.0,90.80000305175781,0.09999847412109375,499.95001220703125
08102025RollingResistanceTestP1.parquet,-3.92,85.0,466.0,0.0,5.5,90.9000015258789,0.0,0.0,90.80000305175781,0.0,499.95001220703125
08102025RollingResistanceTestP1.parquet,-3.91,83.0,466.0,0.0,5.5,90.9000015258789,0.0,0.0,90.80000305175781,0.0,499.95001220703125
08102025RollingResistanceTestP1.parquet,-3.9,83.0,466.0,0.0,5.5,90.9000015258789,0.0,0.0,90.80000305175781,0.0,499.95001220703125
08102025RollingResistanceTestP1.parquet,-3.89,83.0,465.0,0.0,5.5,90.80000305175781,0.09999847412109375,18.18153953552246,90.80000305175781,-0.09999847412109375,499.4000244140625
08102025RollingResistanceTestP1.parquet,-3.88,83.0,465.0,0.0,5.5,90.80000305175781,0.09999847412109375,18.18153953552246,90.80000305175781,0.0,499.4000244140625
08102025RollingResistanceTestP1.parquet,-3.87,82.0,465.0,0.0,5.5,90.80000305175781,0.09999847412109375,18.18153953552246,90.80000305175781,0.0,499.4000244140625
08102025RollingResistanceTestP1.parquet,-3.86,82.0,465.0,0.0,5.5,90.80000305175781,0.09999847412109375,18.18153953552246,90.80000305175781,0.0,499.4000244140625
08102025RollingResistanceTestP1.parquet,-3.85,82.0,465.0,0.0,5.5,90.80000305175781,0.09999847412109375,18.18153953552246,90.80000305175781,0.0,499.4000244140625
08102025RollingResistanceTestP1.parquet,-3.84,82.0,465.0,0.0,5.5,90.80000305175781,0.09999847412109375,18.18153953552246,90.80000305175781,0.0,499.4000244140625
08102025RollingResistanceTestP1.parquet,-3.83,82.0,465.0,0.0,5.5,90.80000305175781,0.09999847412109375,18.18153953552246,90.80000305175781,0.0,499.4000244140625
08102025RollingResistanceTestP1.parquet,-3.82,78.0,465.0,0.0,5.5,90.80000305175781,0.09999847412109375,18.18153953552246,90.80000305175781,0.0,499.4000244140625
08102025RollingResistanceTestP1.parquet,-3.81,78.0,465.0,0.0,5.5,90.80000305175781,0.09999847412109375,18.18153953552246,90.80000305175781,0.0,499.4000244140625
08102025RollingResistanceTestP1.parquet,-3.8,78.0,465.0,0.0,5.5,90.80000305175781,0.09999847412109375,18.18153953552246,90.80000305175781,0.0,499.4000244140625
08102025RollingResistanceTestP1.parquet,-3.79,78.0,465.0,0.0,5.5,90.80000305175781,0.09999847412109375,18.18153953552246,90.80000305175781,0.0,499.4000244140625
08102025RollingResistanceTestP1.parquet,-3.78,76.0,465.0,0.0,5.5,90.80000305175781,0.09999847412109375,18.18153953552246,90.80000305175781,0.0,499.4000244140625
08102025RollingResistanceTestP1.parquet,-3.77,76.0,465.0,0.0,5.5,90.80000305175781,0.09999847412109375,18.18153953552246,90.80000305175781,0.0,499.4000244140625
08102025RollingResistanceTestP1.parquet,-3.76,75.0,465.0,0.0,5.5,90.80000305175781,0.09999847412109375,18.18153953552246,90.80000305175781,0.0,499.4000244140625
08102025RollingResistanceTestP1.parquet,-3.75,75.0,465.0,0.0,5.5,90.80000305175781,0.09999847412109375,18.18153953552246,90.80000305175781,0.0,499.4000244140625
08102025RollingResistanceTestP1.parquet,-3.74,73.0,465.0,0.0,5.5,90.80000305175781,0.09999847412109375,18.18153953552246,90.80000305175781,0.0,499.4000244140625
08102025RollingResistanceTestP1.parquet,-3.73,73.0,465.0,0.0,5.5,90.80000305175781,0.09999847412109375,18.18153953552246,90.80000305175781,0.0,499.4000244140625
08102025RollingResistanceTestP1.parquet,-3.72,73.0,465.0,0.0,5.5,90.80000305175781,0.09999847412109375,18.18153953552246,90.80000305175781,0.0,499.4000244140625
08102025RollingResistanceTestP1.parquet,-3.71,74.0,465.0,0.0,5.5,90.80000305175781,0.09999847412109375,18.18153953552246,90.80000305175781,0.0,499.4000244140625
08102025RollingResistanceTestP1.parquet,-3.7,74.0,465.0,0.0,5.5,90.80000305175781,0.09999847412109375,18.18153953552246,90.80000305175781,0.0,499.4000244140625
08102025RollingResistanceTestP1.parquet,-3.69,74.0,465.0,0.0,5.5,90.80000305175781,0.09999847412109375,18.18153953552246,90.80000305175781,0.0,499.4000244140625
08102025RollingResistanceTestP1.parquet,-3.68,74.0,465.0,0.0,5.5,90.80000305175781,0.09999847412109375,18.18153953552246,90.80000305175781,0.0,499.4000244140625
08102025RollingResistanceTestP1.parquet,-3.67,74.0,465.0,0.0,5.5,90.80000305175781,0.09999847412109375,18.18153953552246,90.80000305175781,0.0,499.4000244140625
08102025RollingResistanceTestP1.parquet,-3.66,74.0,465.0,0.0,5.5,90.80000305175781,0.09999847412109375,18.18153953552246,90.80000305175781,0.0,499.4000244140625
08102025RollingResistanceTestP1.parquet,-3.65,74.0,465.0,0.0,5.5,90.80000305175781,0.09999847412109375,18.18153953552246,90.80000305175781,0.0,499.4000244140625
08102025RollingResistanceTestP1.parquet,-3.64,74.0,465.0,0.0,5.5,90.80000305175781,0.09999847412109375,18.18153953552246,90.80000305175781,0.0,499.4000244140625
08102025RollingResistanceTestP1.parquet,-3.63,62.0,465.0,0.0,5.5,90.80000305175781,0.09999847412109375,18.18153953552246,90.80000305175781,0.0,499.4000244140625
08102025RollingResistanceTestP1.parquet,-3.62,62.0,465.0,0.0,5.5,90.80000305175781,0.09999847412109375,18.18153953552246,90.80000305175781,0.0,499.4000244140625
08102025RollingResistanceTestP1.parquet,-3.61,62.0,465.0,0.0,5.5,90.80000305175781,0.09999847412109375,18.18153953552246,90.80000305175781,0.0,499.4000244140625
08102025RollingResistanceTestP1.parquet,-3.6,62.0,465.0,0.0,5.5,90.80000305175781,0.09999847412109375,18.18153953552246,90.80000305175781,0.0,499.4000244140625
08102025RollingResistanceTestP1.parquet,-3.59,60.0,465.0,0.0,5.5,90.80000305175781,0.09999847412109375,18.18153953552246,90.80000305175781,0.0,499.4000244140625
08102025RollingResistanceTestP1.parquet,-3.58,60.0,465.0,0.0,5.5,90.80000305175781,0.09999847412109375,18.18153953552246,90.80000305175781,0.0,499.4000244140625
08102025RollingResistanceTestP1.parquet,-3.57,59.0,465.0,0.0,5.5,90.80000305175781,0.09999847412109375,18.18153953552246,90.80000305175781,0.0,499.4000244140625
08102025RollingResistanceTestP1.parquet,-3.56,59.0,465.0,0.0,5.5,90.80000305175781,0.09999847412109375,18.18153953552246,90.80000305175781,0.0,499.4000244140625
08102025RollingResistanceTestP1.parquet,-3.55,59.0,465.0,0.0,5.5,90.80000305175781,0.09999847412109375,18.18153953552246,90.80000305175781,0.0,499.4000244140625
08102025RollingResistanceTestP1.parquet,-3.54,59.0,465.0,0.0,5.5,90.80000305175781,0.09999847412109375,18.18153953552246,90.80000305175781,0.0,499.4000244140625
08102025RollingResistanceTestP1.parquet,-3.53,58.0,465.0,0.0,5.5,90.80000305175781,0.09999847412109375,18.18153953552246,90.80000305175781,0.0,499.4000244140625
08102025RollingResistanceTestP1.parquet,-3.52,58.0,465.0,0.0,5.5,90.80000305175781,0.09999847412109375,18.18153953552246,90.80000305175781,0.0,499.4000244140625
08102025RollingResistanceTestP1.parquet,-3.51,58.0,465.0,0.0,5.5,90.80000305175781,0.09999847412109375,18.18153953552246,90.80000305175781,0.0,499.4000244140625
08102025RollingResistanceTestP1.parquet,-3.5,57.0,465.0,0.0,5.5,90.80000305175781,0.09999847412109375,18.18153953552246,90.80000305175781,0.0,499.4000244140625
08102025RollingResistanceTestP1.parquet,-3.49,57.0,465.0,0.0,5.5,90.80000305175781,0.10999298095703125,19.99872398376465,90.80000305175781,0.0,499.4000244140625
08102025RollingResistanceTestP1.parquet,-3.48,56.0,465.0,0.0,5.5,90.80000305175781,0.10999298095703125,19.99872398376465,90.80000305175781,0.0,499.4000244140625
08102025RollingResistanceTestP1.parquet,-3.47,56.0,465.0,0.0,5.5,90.80000305175781,0.10999298095703125,19.99872398376465,90.80000305175781,0.0,499.4000244140625
08102025RollingResistanceTestP1.parquet,-3.46,54.0,465.0,0.0,5.5,90.80000305175781,0.10999298095703125,19.99872398376465,90.80000305175781,0.0,499.4000244140625
08102025RollingResistanceTestP1.parquet,-3.45,54.0,465.0,0.0,5.5,90.80000305175781,0.10999298095703125,19.99872398376465,90.80000305175781,0.0,499.4000244140625
08102025RollingResistanceTestP1.parquet,-3.44,53.0,465.0,0.0,5.5,90.80000305175781,0.10999298095703125,19.99872398376465,90.80000305175781,0.0,499.4000244140625
08102025RollingResistanceTestP1.parquet,-3.43,53.0,465.0,0.0,5.5,90.80000305175781,0.10999298095703125,19.99872398376465,90.80000305175781,0.0,499.4000244140625
08102025RollingResistanceTestP1.parquet,-3.42,52.0,465.0,0.0,5.5,90.80000305175781,0.10999298095703125,19.99872398376465,90.80000305175781,0.0,499.4000244140625
08102025RollingResistanceTestP1.parquet,-3.41,52.0,465.0,0.0,5.5,90.80000305175781,0.10999298095703125,19.99872398376465,90.80000305175781,0.0,499.4000244140625
08102025RollingResistanceTestP1.parquet,-3.4,52.0,465.0,0.0,5.5,90.80000305175781,0.10999298095703125,19.99872398376465,90.80000305175781,0.0,499.4000244140625
08102025RollingResistanceTestP1.parquet,-3.39,49.0,465.0,0.0,5.5,90.80000305175781,0.10999298095703125,19.99872398376465,90.80000305175781,0.0,499.4000244140625
08102025RollingResistanceTestP1.parquet,-3.38,49.0,465.0,0.0,5.5,90.80000305175781,0.10999298095703125,19.99872398376465,90.80000305175781,0.0,499.4000244140625
08102025RollingResistanceTestP1.parquet,-3.37,49.0,465.0,0.0,5.5,90.80000305175781,0.10999298095703125,19.99872398376465,90.80000305175781,0.0,499.4000244140625
08102025RollingResistanceTestP1.parquet,-3.36,49.0,465.0,0.0,5.5,90.9000015258789,0.0099945068359375,1.8171831369400024,90.80000305175781,0.09999847412109375,499.95001220703125
08102025RollingResistanceTestP1.parquet,-3.35,49.0,465.0,0.0,5.5,90.9000015258789,0.0099945068359375,1.8171831369400024,90.80000305175781,0.0,499.95001220703125
08102025RollingResistanceTestP1.parquet,-3.34,49.0,465.0,0.0,5.5,90.9000015258789,0.0099945068359375,1.8171831369400024,90.80000305175781,0.0,499.95001220703125
08102025RollingResistanceTestP1.parquet,-3.33,47.0,465.0,0.0,5.5,90.9000015258789,0.0099945068359375,1.8171831369400024,90.80000305175781,0.0,499.95001220703125
08102025RollingResistanceTestP1.parquet,-3.32,47.0,465.0,0.0,5.5,90.80000305175781,0.10999298095703125,19.99872398376465,90.80000305175781,-0.09999847412109375,499.4000244140625
08102025RollingResistanceTestP1.parquet,-3.31,47.0,465.0,0.0,5.5,90.80000305175781,0.10999298095703125,19.99872398376465,90.80000305175781,0.0,499.4000244140625
08102025RollingResistanceTestP1.parquet,-3.3,47.0,465.0,0.0,5.5,90.80000305175781,0.10999298095703125,19.99872398376465,90.80000305175781,0.0,499.4000244140625
08102025RollingResistanceTestP1.parquet,-3.29,47.0,465.0,0.0,5.5,90.80000305175781,0.10999298095703125,19.99872398376465,90.80000305175781,0.0,499.4000244140625
08102025RollingResistanceTestP1.parquet,-3.28,47.0,465.0,0.0,5.5,90.80000305175781,0.10999298095703125,19.99872398376465,90.80000305175781,0.0,499.4000244140625
08102025RollingResistanceTestP1.parquet,-3.27,47.0,465.0,0.0,5.5,90.80000305175781,0.10999298095703125,19.99872398376465,90.80000305175781,0.0,499.4000244140625
08102025RollingResistanceTestP1.parquet,-3.26,46.0,465.0,0.0,5.5,90.80000305175781,0.10999298095703125,19.99872398376465,90.80000305175781,0.0,499.4000244140625
08102025RollingResistanceTestP1.parquet,-3.25,46.0,465.0,0.0,5.5,90.80000305175781,0.10999298095703125,19.99872398376465,90.80000305175781,0.0,499.4000244140625
08102025RollingResistanceTestP1.parquet,-3.24,46.0,465.0,0.0,5.5,90.80000305175781,0.10999298095703125,19.99872398376465,90.80000305175781,0.0,499.4000244140625
08102025RollingResistanceTestP1.parquet,-3.23,46.0,464.0,0.0,5.5,90.80000305175781,0.10999298095703125,19.99872398376465,90.80000305175781,0.0,499.4000244140625
08102025RollingResistanceTestP1.parquet,-3.22,46.0,464.0,0.0,5.5,90.80000305175781,0.10999298095703125,19.99872398376465,90.80000305175781,0.0,499.4000244140625
08102025RollingResistanceTestP1.parquet,-3.21,46.0,464.0,0.0,5.5,90.80000305175781,0.10999298095703125,19.99872398376465,90.80000305175781,0.0,499.4000244140625
08102025RollingResistanceTestP1.parquet,-3.2,42.0,464.0,0.0,5.5,90.80000305175781,0.10999298095703125,19.99872398376465,90.80000305175781,0.0,499.4000244140625
08102025RollingResistanceTestP1.parquet,-3.19,42.0,464.0,0.0,5.5,90.80000305175781,0.10999298095703125,19.99872398376465,90.80000305175781,0.0,499.4000244140625
08102025RollingResistanceTestP1.parquet,-3.18,41.0,464.0,0.0,5.5,90.80000305175781,0.10999298095703125,19.99872398376465,90.80000305175781,0.0,499.4000244140625
08102025RollingResistanceTestP1.parquet,-3.17,41.0,464.0,0.0,5.5,90.80000305175781,0.10999298095703125,19.99872398376465,90.80000305175781,0.0,499.4000244140625
08102025RollingResistanceTestP1.parquet,-3.16,40.0,464.0,0.0,5.5,90.9000015258789,0.0099945068359375,1.8171831369400024,90.80000305175781,0.09999847412109375,499.95001220703125
08102025RollingResistanceTestP1.parquet,-3.15,40.0,464.0,0.0,5.5,90.9000015258789,0.0099945068359375,1.8171831369400024,90.80000305175781,0.0,499.95001220703125
08102025RollingResistanceTestP1.parquet,-3.14,38.0,464.0,0.0,5.5,90.9000015258789,0.0099945068359375,1.8171831369400024,90.80000305175781,0.0,499.95001220703125
08102025RollingResistanceTestP1.parquet,-3.13,38.0,465.0,0.0,5.5,90.9000015258789,0.0099945068359375,1.8171831369400024,90.80000305175781,0.0,499.95001220703125
08102025RollingResistanceTestP1.parquet,-3.12,39.0,465.0,0.0,5.5,90.80000305175781,0.10999298095703125,19.99872398376465,90.80000305175781,-0.09999847412109375,499.4000244140625
08102025RollingResistanceTestP1.parquet,-3.11,39.0,465.0,0.0,5.5,90.80000305175781,0.10999298095703125,19.99872398376465,90.80000305175781,0.0,499.4000244140625
08102025RollingResistanceTestP1.parquet,-3.1,39.0,465.0,0.0,5.5,90.80000305175781,0.10999298095703125,19.99872398376465,90.80000305175781,0.0,499.4000244140625
08102025RollingResistanceTestP1.parquet,-3.09,38.0,465.0,0.0,5.5,90.80000305175781,0.10999298095703125,19.99872398376465,90.80000305175781,0.0,499.4000244140625
08102025RollingResistanceTestP1.parquet,-3.08,38.0,465.0,0.0,5.5,90.80000305175781,0.10999298095703125,19.99872398376465,90.80000305175781,0.0,499.4000244140625
08102025RollingResistanceTestP1.parquet,-3.07,36.0,465.0,0.0,5.5,90.80000305175781,0.10999298095703125,19.99872398376465,90.80000305175781,0.0,499.4000244140625
08102025RollingResistanceTestP1.parquet,-3.06,33.0,465.0,0.0,5.5,90.80000305175781,0.10999298095703125,19.99872398376465,90.80000305175781,0.0,499.4000244140625
08102025RollingResistanceTestP1.parquet,-3.05,33.0,465.0,0.0,5.5,90.80000305175781,0.10999298095703125,19.99872398376465,90.80000305175781,0.0,499.4000244140625
08102025RollingResistanceTestP1.parquet,-3.04,33.0,465.0,0.0,5.5,90.80000305175781,0.10999298095703125,19.99872398376465,90.80000305175781,0.0,499.4000244140625
08102025RollingResistanceTestP1.parquet,-3.03,34.0,464.0,0.0,5.5,90.80000305175781,0.10999298095703125,19.99872398376465,90.80000305175781,0.0,499.4000244140625
08102025RollingResistanceTestP1.parquet,-3.02,34.0,464.0,0.0,5.5,90.80000305175781,0.10999298095703125,19.99872398376465,90.80000305175781,0.0,499.4000244140625
08102025RollingResistanceTestP1.parquet,-3.01,34.0,464.0,0.0,5.5,90.80000305175781,0.10999298095703125,19.99872398376465,90.80000305175781,0.0,499.4000244140625
08102025RollingResistanceTestP1.parquet,-3.0,34.0,464.0,0.0,5.5,90.80000305175781,0.10999298095703125,19.99872398376465,90.80000305175781,0.0,499.4000244140625
08102025RollingResistanceTestP1.parquet,-2.99,34.0,464.0,0.0,5.5,90.80000305175781,0.10999298095703125,19.99872398376465,90.80000305175781,0.0,499.4000244140625
08102025RollingResistanceTestP1.parquet,-2.98,34.0,464.0,0.0,5.5,90.80000305175781,0.10999298095703125,19.99872398376465,90.80000305175781,0.0,499.4000244140625
08102025RollingResistanceTestP1.parquet,-2.97,34.0,464.0,0.0,5.5,90.80000305175781,0.10999298095703125,19.99872398376465,90.80000305175781,0.0,499.4000244140625
08102025RollingResistanceTestP1.parquet,-2.96,33.0,464.0,0.0,5.5,90.80000305175781,0.10999298095703125,19.99872398376465,90.80000305175781,0.0,499.4000244140625
08102025RollingResistanceTestP1.parquet,-2.95,33.0,464.0,0.0,5.5,90.80000305175781,0.10999298095703125,19.99872398376465,90.80000305175781,0.0,499.4000244140625
08102025RollingResistanceTestP1.parquet,-2.94,33.0,464.0,0.0,5.5,90.80000305175781,0.10999298095703125,19.99872398376465,90.80000305175781,0.0,499.4000244140625
08102025RollingResistanceTestP1.parquet,-2.93,33.0,465.0,0.0,5.5,90.80000305175781,0.10999298095703125,19.99872398376465,90.80000305175781,0.0,499.4000244140625
08102025RollingResistanceTestP1.parquet,-2.92,31.0,465.0,0.0,5.5,90.80000305175781,0.10999298095703125,19.99872398376465,90.80000305175781,0.0,499.4000244140625
08102025RollingResistanceTestP1.parquet,-2.91,31.0,465.0,0.0,5.5,90.80000305175781,0.10999298095703125,19.99872398376465,90.80000305175781,0.0,499.4000244140625
08102025RollingResistanceTestP1.parquet,-2.9,31.0,465.0,0.0,5.5,90.80000305175781,0.10999298095703125,19.99872398376465,90.80000305175781,0.0,499.4000244140625
08102025RollingResistanceTestP1.parquet,-2.89,31.0,465.0,0.0,5.5,90.80000305175781,0.10999298095703125,19.99872398376465,90.80000305175781,0.0,499.4000244140625
08102025RollingResistanceTestP1.parquet,-2.88,28.0,465.0,0.0,5.5,90.80000305175781,0.10999298095703125,19.99872398376465,90.80000305175781,0.0,499.4000244140625
08102025RollingResistanceTestP1.parquet,-2.87,28.0,465.0,0.0,5.5,90.80000305175781,0.10999298095703125,19.99872398376465,90.80000305175781,0.0,499.4000244140625
08102025RollingResistanceTestP1.parquet,-2.86,28.0,465.0,0.0,5.5,90.80000305175781,0.10999298095703125,19.99872398376465,90.80000305175781,0.0,499.4000244140625
08102025RollingResistanceTestP1.parquet,-2.85,17.0,465.0,0.0,5.5,90.80000305175781,0.10999298095703125,19.99872398376465,90.80000305175781,0.0,499.4000244140625
08102025RollingResistanceTestP1.parquet,-2.84,17.0,465.0,0.0,5.5,90.80000305175781,0.10999298095703125,19.99872398376465,90.80000305175781,0.0,499.4000244140625
08102025RollingResistanceTestP1.parquet,-2.83,18.0,465.0,0.0,5.5,90.80000305175781,0.10999298095703125,19.99872398376465,90.80000305175781,0.0,499.4000244140625
08102025RollingResistanceTestP1.parquet,-2.82,18.0,465.0,0.0,5.5,90.80000305175781,0.10999298095703125,19.99872398376465,90.80000305175781,0.0,499.4000244140625
08102025RollingResistanceTestP1.parquet,-2.81,17.0,465.0,0.0,5.5,90.80000305175781,0.10999298095703125,19.99872398376465,90.80000305175781,0.0,499.4000244140625
08102025RollingResistanceTestP1.parquet,-2.8,17.0,465.0,0.0,5.5,90.80000305175781,0.10999298095703125,19.99872398376465,90.80000305175781,0.0,499.4000244140625
08102025RollingResistanceTestP1.parquet,-2.79,18.0,465.0,0.0,5.5,90.80000305175781,0.10999298095703125,19.99872398376465,90.80000305175781,0.0,499.4000244140625
08102025RollingResistanceTestP1.parquet,-2.78,18.0,474.0,0.0,5.5,90.80000305175781,0.10999298095703125,19.99872398376465,90.80000305175781,0.0,499.4000244140625
08102025RollingResistanceTestP1.parquet,-2.77,18.0,474.0,0.0,5.5,90.80000305175781,0.10999298095703125,19.99872398376465,90.80000305175781,0.0,499.4000244140625
08102025RollingResistanceTestP1.parquet,-2.76,15.0,474.0,0.0,5.5,90.80000305175781,0.10999298095703125,19.99872398376465,90.80000305175781,0.0,499.4000244140625
08102025RollingResistanceTestP1.parquet,-2.75,15.0,474.0,0.0,5.5,90.80000305175781,0.10999298095703125,19.99872398376465,90.80000305175781,0.0,499.4000244140625
08102025RollingResistanceTestP1.parquet,-2.74,15.0,474.0,0.0,5.5,90.80000305175781,0.10999298095703125,19.99872398376465,90.80000305175781,0.0,499.4000244140625
08102025RollingResistanceTestP1.parquet,-2.73,15.0,474.0,0.0,5.5,90.80000305175781,0.10999298095703125,19.99872398376465,90.80000305175781,0.0,499.4000244140625
08102025RollingResistanceTestP1.parquet,-2.72,13.0,474.0,0.0,5.5,90.9000015258789,0.0099945068359375,1.8171831369400024,90.80000305175781,0.09999847412109375,499.95001220703125
08102025RollingResistanceTestP1.parquet,-2.71,13.0,474.0,0.0,5.5,90.9000015258789,0.0099945068359375,1.8171831369400024,90.80000305175781,0.0,499.95001220703125
08102025RollingResistanceTestP1.parquet,-2.7,13.0,474.0,479.0,5.5,90.9000015258789,0.0099945068359375,1.8171831369400024,90.80000305175781,0.0,499.95001220703125
08102025RollingResistanceTestP1.parquet,-2.69,13.0,474.0,479.0,5.5,90.9000015258789,0.0099945068359375,1.8171831369400024,90.80000305175781,0.0,499.95001220703125
08102025RollingResistanceTestP1.parquet,-2.68,13.0,564.0,479.0,5.5,90.80000305175781,0.10999298095703125,19.99872398376465,90.80000305175781,-0.09999847412109375,499.4000244140625
08102025RollingResistanceTestP1.parquet,-2.67,13.0,564.0,479.0,5.5,90.80000305175781,0.10999298095703125,19.99872398376465,90.80000305175781,0.0,499.4000244140625
08102025RollingResistanceTestP1.parquet,-2.66,22.0,564.0,1189.0,5.5,90.80000305175781,0.10999298095703125,19.99872398376465,90.80000305175781,0.0,499.4000244140625
08102025RollingResistanceTestP1.parquet,-2.65,22.0,564.0,1189.0,5.5,90.80000305175781,0.10999298095703125,19.99872398376465,90.80000305175781,0.0,499.4000244140625
08102025RollingResistanceTestP1.parquet,-2.64,38.0,564.0,1189.0,5.5,90.80000305175781,0.10999298095703125,19.99872398376465,90.80000305175781,0.0,499.4000244140625
08102025RollingResistanceTestP1.parquet,-2.63,38.0,564.0,1189.0,5.5,90.80000305175781,0.10999298095703125,19.99872398376465,90.80000305175781,0.0,499.4000244140625
08102025RollingResistanceTestP1.parquet,-2.62,38.0,564.0,1625.0,5.5,90.80000305175781,0.10999298095703125,19.99872398376465,90.80000305175781,0.0,499.4000244140625
08102025RollingResistanceTestP1.parquet,-2.61,73.0,564.0,1625.0,5.5,90.80000305175781,0.10999298095703125,19.99872398376465,90.80000305175781,0.0,499.4000244140625
08102025RollingResistanceTestP1.parquet,-2.6,73.0,564.0,1625.0,5.900000095367432,90.80000305175781,0.10999298095703125,18.64287757873535,90.80000305175781,0.0,535.7200317382812
08102025RollingResistanceTestP1.parquet,-2.59,90.0,564.0,1625.0,5.900000095367432,90.80000305175781,0.10999298095703125,18.64287757873535,90.80000305175781,0.0,535.7200317382812
08102025RollingResistanceTestP1.parquet,-2.58,90.0,616.0,1950.0,5.900000095367432,90.80000305175781,0.10999298095703125,18.64287757873535,90.80000305175781,0.0,535.7200317382812
08102025RollingResistanceTestP1.parquet,-2.57,9.0,616.0,1950.0,5.900000095367432,90.80000305175781,0.10999298095703125,18.64287757873535,90.80000305175781,0.0,535.7200317382812
08102025RollingResistanceTestP1.parquet,-2.56,9.0,616.0,1950.0,5.599999904632568,90.80000305175781,0.10999298095703125,19.641603469848633,90.80000305175781,0.0,508.4800109863281
08102025RollingResistanceTestP1.parquet,-2.55,9.0,616.0,1950.0,5.599999904632568,90.80000305175781,0.10999298095703125,19.641603469848633,90.80000305175781,0.0,508.4800109863281
08102025RollingResistanceTestP1.parquet,-2.54,9.0,616.0,2053.0,5.599999904632568,90.80000305175781,0.10999298095703125,19.641603469848633,90.80000305175781,0.0,508.4800109863281
08102025RollingResistanceTestP1.parquet,-2.53,46.0,616.0,2053.0,5.599999904632568,90.80000305175781,0.10999298095703125,19.641603469848633,90.80000305175781,0.0,508.4800109863281
08102025RollingResistanceTestP1.parquet,-2.52,46.0,616.0,2053.0,5.599999904632568,90.80000305175781,0.10999298095703125,19.641603469848633,90.80000305175781,0.0,508.4800109863281
08102025RollingResistanceTestP1.parquet,-2.51,46.0,616.0,2053.0,5.599999904632568,90.80000305175781,0.10999298095703125,19.641603469848633,90.80000305175781,0.0,508.4800109863281
08102025RollingResistanceTestP1.parquet,-2.5,60.0,616.0,2498.0,5.599999904632568,90.80000305175781,0.10999298095703125,19.641603469848633,90.80000305175781,0.0,508.4800109863281
08102025RollingResistanceTestP1.parquet,-2.49,9.0,616.0,2498.0,5.599999904632568,90.80000305175781,0.10999298095703125,19.641603469848633,90.80000305175781,0.0,508.4800109863281
08102025RollingResistanceTestP1.parquet,-2.48,9.0,643.0,2498.0,5.599999904632568,90.80000305175781,0.10999298095703125,19.641603469848633,90.80000305175781,0.0,508.4800109863281
08102025RollingResistanceTestP1.parquet,-2.47,9.0,643.0,2498.0,5.900000095367432,90.80000305175781,0.10999298095703125,18.64287757873535,90.80000305175781,0.0,535.7200317382812
08102025RollingResistanceTestP1.parquet,-2.46,15.0,643.0,2476.0,5.900000095367432,90.80000305175781,0.10999298095703125,18.64287757873535,90.80000305175781,0.0,535.7200317382812
08102025RollingResistanceTestP1.parquet,-2.45,15.0,643.0,2476.0,5.900000095367432,90.80000305175781,0.10999298095703125,18.64287757873535,90.80000305175781,0.0,535.7200317382812
08102025RollingResistanceTestP1.parquet,-2.44,52.0,643.0,2476.0,5.900000095367432,90.80000305175781,0.0699920654296875,11.863061904907227,90.80000305175781,0.0,535.7200317382812
08102025RollingResistanceTestP1.parquet,-2.43,52.0,643.0,2476.0,5.900000095367432,90.80000305175781,0.0699920654296875,11.863061904907227,90.80000305175781,0.0,535.7200317382812
08102025RollingResistanceTestP1.parquet,-2.42,17.0,643.0,2454.0,5.900000095367432,90.80000305175781,0.0699920654296875,11.863061904907227,90.80000305175781,0.0,535.7200317382812
08102025RollingResistanceTestP1.parquet,-2.41,17.0,643.0,2454.0,5.900000095367432,90.80000305175781,0.0699920654296875,11.863061904907227,90.80000305175781,0.0,535.7200317382812
08102025RollingResistanceTestP1.parquet,-2.4,17.0,643.0,2454.0,5.900000095367432,90.80000305175781,0.0699920654296875,11.863061904907227,90.80000305175781,0.0,535.7200317382812
08102025RollingResistanceTestP1.parquet,-2.39,12.0,643.0,2454.0,6.700000286102295,90.80000305175781,0.0699920654296875,10.446576118469238,90.80000305175781,0.0,608.3600463867188
08102025RollingResistanceTestP1.parquet,-2.38,12.0,643.0,2438.0,6.700000286102295,90.80000305175781,0.0699920654296875,10.446576118469238,90.80000305175781,0.0,608.3600463867188
08102025RollingResistanceTestP1.parquet,-2.37,47.0,643.0,2438.0,6.700000286102295,90.80000305175781,0.0699920654296875,10.446576118469238,90.80000305175781,0.0,608.3600463867188
08102025RollingResistanceTestP1.parquet,-2.36,47.0,643.0,2438.0,6.700000286102295,90.80000305175781,0.0699920654296875,10.446576118469238,90.80000305175781,0.0,608.3600463867188
08102025RollingResistanceTestP1.parquet,-2.35,47.0,643.0,2438.0,6.700000286102295,90.80000305175781,0.0699920654296875,10.446576118469238,90.80000305175781,0.0,608.3600463867188
08102025RollingResistanceTestP1.parquet,-2.34,47.0,643.0,2195.0,6.700000286102295,90.80000305175781,0.0699920654296875,10.446576118469238,90.80000305175781,0.0,608.3600463867188
08102025RollingResistanceTestP1.parquet,-2.33,18.0,643.0,2195.0,6.700000286102295,90.80000305175781,0.0699920654296875,10.446576118469238,90.80000305175781,0.0,608.3600463867188
08102025RollingResistanceTestP1.parquet,-2.32,18.0,643.0,2195.0,6.700000286102295,90.80000305175781,0.0699920654296875,10.446576118469238,90.80000305175781,0.0,608.3600463867188
08102025RollingResistanceTestP1.parquet,-2.31,34.0,643.0,2195.0,6.5,90.80000305175781,0.0699920654296875,10.768010139465332,90.80000305175781,0.0,590.2000122070312
08102025RollingResistanceTestP1.parquet,-2.3,34.0,643.0,2180.0,6.5,90.80000305175781,0.0699920654296875,10.768010139465332,90.80000305175781,0.0,590.2000122070312
08102025RollingResistanceTestP1.parquet,-2.29,34.0,643.0,2180.0,6.5,90.80000305175781,0.0699920654296875,10.768010139465332,90.80000305175781,0.0,590.2000122070312
08102025RollingResistanceTestP1.parquet,-2.28,53.0,630.0,2180.0,6.5,90.80000305175781,0.0699920654296875,10.768010139465332,90.80000305175781,0.0,590.2000122070312
08102025RollingResistanceTestP1.parquet,-2.27,53.0,630.0,2180.0,6.5,90.80000305175781,0.0699920654296875,10.768010139465332,90.80000305175781,0.0,590.2000122070312
08102025RollingResistanceTestP1.parquet,-2.26,26.0,630.0,2161.0,6.5,90.80000305175781,0.0699920654296875,10.768010139465332,90.80000305175781,0.0,590.2000122070312
08102025RollingResistanceTestP1.parquet,-2.25,26.0,630.0,2161.0,6.5,90.80000305175781,0.0699920654296875,10.768010139465332,90.80000305175781,0.0,590.2000122070312
08102025RollingResistanceTestP1.parquet,-2.24,38.0,630.0,2161.0,6.5,90.80000305175781,0.089996337890625,13.845590591430664,90.80000305175781,0.0,590.2000122070312
08102025RollingResistanceTestP1.parquet,-2.23,38.0,630.0,2161.0,6.800000190734863,90.80000305175781,0.089996337890625,13.23475456237793,90.80000305175781,0.0,617.4400634765625
08102025RollingResistanceTestP1.parquet,-2.22,56.0,630.0,2181.0,6.800000190734863,90.80000305175781,0.089996337890625,13.23475456237793,90.80000305175781,0.0,617.4400634765625
08102025RollingResistanceTestP1.parquet,-2.21,56.0,630.0,2181.0,6.800000190734863,90.80000305175781,0.089996337890625,13.23475456237793,90.80000305175781,0.0,617.4400634765625
08102025RollingResistanceTestP1.parquet,-2.2,56.0,630.0,2181.0,6.800000190734863,90.80000305175781,0.089996337890625,13.23475456237793,90.80000305175781,0.0,617.4400634765625
08102025RollingResistanceTestP1.parquet,-2.19,42.0,630.0,2181.0,6.900000095367432,90.80000305175781,0.089996337890625,13.042946815490723,90.80000305175781,0.0,626.52001953125
08102025RollingResistanceTestP1.parquet,-2.18,42.0,634.0,2230.0,6.900000095367432,90.80000305175781,0.089996337890625,13.042946815490723,90.80000305175781,0.0,626.52001953125
08102025RollingResistanceTestP1.parquet,-2.17,36.0,634.0,2230.0,6.900000095367432,90.80000305175781,0.089996337890625,13.042946815490723,90.80000305175781,0.0,626.52001953125
08102025RollingResistanceTestP1.parquet,-2.16,36.0,634.0,2230.0,6.900000095367432,90.80000305175781,0.089996337890625,13.042946815490723,90.80000305175781,0.0,626.52001953125
08102025RollingResistanceTestP1.parquet,-2.15,36.0,634.0,2230.0,6.900000095367432,90.80000305175781,0.089996337890625,13.042946815490723,90.80000305175781,0.0,626.52001953125
08102025RollingResistanceTestP1.parquet,-2.14,36.0,634.0,2558.0,6.900000095367432,90.80000305175781,0.089996337890625,13.042946815490723,90.80000305175781,0.0,626.52001953125
08102025RollingResistanceTestP1.parquet,-2.13,53.0,634.0,2558.0,6.900000095367432,90.80000305175781,0.089996337890625,13.042946815490723,90.80000305175781,0.0,626.52001953125
08102025RollingResistanceTestP1.parquet,-2.12,53.0,634.0,2558.0,6.900000095367432,90.80000305175781,0.089996337890625,13.042946815490723,90.80000305175781,0.0,626.52001953125
08102025RollingResistanceTestP1.parquet,-2.11,48.0,634.0,2558.0,6.900000095367432,90.80000305175781,0.089996337890625,13.042946815490723,90.80000305175781,0.0,626.52001953125
08102025RollingResistanceTestP1.parquet,-2.1,48.0,634.0,3070.0,7.099999904632568,90.80000305175781,0.089996337890625,12.675540924072266,90.80000305175781,0.0,644.6799926757812
08102025RollingResistanceTestP1.parquet,-2.09,48.0,634.0,3070.0,7.099999904632568,90.80000305175781,0.089996337890625,12.675540924072266,90.80000305175781,0.0,644.6799926757812
08102025RollingResistanceTestP1.parquet,-2.08,57.0,699.0,3070.0,7.099999904632568,90.80000305175781,0.089996337890625,12.675540924072266,90.80000305175781,0.0,644.6799926757812
08102025RollingResistanceTestP1.parquet,-2.07,57.0,699.0,3070.0,7.099999904632568,90.80000305175781,0.089996337890625,12.675540924072266,90.80000305175781,0.0,644.6799926757812
08102025RollingResistanceTestP1.parquet,-2.06,57.0,699.0,3070.0,7.099999904632568,90.80000305175781,0.089996337890625,12.675540924072266,90.80000305175781,0.0,644.6799926757812
08102025RollingResistanceTestP1.parquet,-2.05,57.0,699.0,3070.0,7.099999904632568,90.80000305175781,0.089996337890625,12.675540924072266,90.80000305175781,0.0,644.6799926757812
08102025RollingResistanceTestP1.parquet,-2.04,131.0,699.0,3070.0,7.099999904632568,90.80000305175781,0.089996337890625,12.675540924072266,90.80000305175781,0.0,644.6799926757812
08102025RollingResistanceTestP1.parquet,-2.03,131.0,699.0,3965.0,7.099999904632568,90.80000305175781,0.089996337890625,12.675540924072266,90.80000305175781,0.0,644.6799926757812
08102025RollingResistanceTestP1.parquet,-2.02,130.0,699.0,3965.0,11.800000190734863,90.5999984741211,0.29000091552734375,24.57634925842285,90.5999984741211,-0.20000457763671875,1069.0799560546875
08102025RollingResistanceTestP1.parquet,-2.01,130.0,699.0,3965.0,11.800000190734863,90.5999984741211,0.29000091552734375,24.57634925842285,90.5999984741211,0.0,1069.0799560546875
08102025RollingResistanceTestP1.parquet,-2.0,138.0,699.0,3965.0,11.800000190734863,90.5999984741211,0.29000091552734375,24.57634925842285,90.5999984741211,0.0,1069.0799560546875
08102025RollingResistanceTestP1.parquet,-1.99,138.0,713.0,3687.0,11.800000190734863,90.5999984741211,0.29000091552734375,24.57634925842285,90.5999984741211,0.0,1069.0799560546875
08102025RollingResistanceTestP1.parquet,-1.98,138.0,713.0,3687.0,11.800000190734863,90.5999984741211,0.29000091552734375,24.57634925842285,90.5999984741211,0.0,1069.0799560546875
08102025RollingResistanceTestP1.parquet,-1.97,138.0,713.0,3687.0,11.699999809265137,90.5999984741211,0.29000091552734375,24.78640365600586,90.5999984741211,0.0,1060.02001953125
08102025RollingResistanceTestP1.parquet,-1.96,138.0,713.0,3687.0,11.699999809265137,90.5999984741211,0.09999847412109375,8.546878814697266,90.5999984741211,0.0,1060.02001953125
08102025RollingResistanceTestP1.parquet,-1.95,138.0,713.0,3687.0,11.699999809265137,90.5999984741211,0.09999847412109375,8.546878814697266,90.5999984741211,0.0,1060.02001953125
08102025RollingResistanceTestP1.parquet,-1.94,148.0,713.0,3687.0,11.5,90.5999984741211,0.09999847412109375,8.69551944732666,90.5999984741211,0.0,1041.9000244140625
08102025RollingResistanceTestP1.parquet,-1.93,148.0,713.0,3687.0,11.5,90.5999984741211,0.09999847412109375,8.69551944732666,90.5999984741211,0.0,1041.9000244140625
08102025RollingResistanceTestP1.parquet,-1.92,148.0,713.0,3687.0,11.5,90.5999984741211,0.09999847412109375,8.69551944732666,90.5999984741211,0.0,1041.9000244140625
08102025RollingResistanceTestP1.parquet,-1.91,153.0,713.0,3659.0,11.5,90.5999984741211,0.09999847412109375,8.69551944732666,90.5999984741211,0.0,1041.9000244140625
08102025RollingResistanceTestP1.parquet,-1.9,153.0,713.0,3659.0,11.5,90.5999984741211,0.09999847412109375,8.69551944732666,90.5999984741211,0.0,1041.9000244140625
08102025RollingResistanceTestP1.parquet,-1.89,156.0,712.0,3659.0,11.5,90.5999984741211,0.09999847412109375,8.69551944732666,90.5999984741211,0.0,1041.9000244140625
08102025RollingResistanceTestP1.parquet,-1.88,156.0,712.0,3659.0,11.5,90.5999984741211,0.09999847412109375,8.69551944732666,90.5999984741211,0.0,1041.9000244140625
08102025RollingResistanceTestP1.parquet,-1.87,164.0,712.0,3651.0,11.5,90.5999984741211,0.09999847412109375,8.69551944732666,90.5999984741211,0.0,1041.9000244140625
08102025RollingResistanceTestP1.parquet,-1.86,160.0,712.0,3651.0,11.5,90.5999984741211,0.09999847412109375,8.69551944732666,90.5999984741211,0.0,1041.9000244140625
08102025RollingResistanceTestP1.parquet,-1.85,160.0,712.0,3651.0,11.5,90.5999984741211,0.09999847412109375,8.69551944732666,90.5999984741211,0.0,1041.9000244140625
08102025RollingResistanceTestP1.parquet,-1.84,160.0,712.0,3651.0,11.5,90.5999984741211,0.09999847412109375,8.69551944732666,90.5999984741211,0.0,1041.9000244140625
08102025RollingResistanceTestP1.parquet,-1.83,160.0,712.0,3673.0,11.5,90.5999984741211,0.09999847412109375,8.69551944732666,90.5999984741211,0.0,1041.9000244140625
08102025RollingResistanceTestP1.parquet,-1.82,165.0,712.0,3673.0,11.5,90.5999984741211,0.09999847412109375,8.69551944732666,90.5999984741211,0.0,1041.9000244140625
08102025RollingResistanceTestP1.parquet,-1.81,165.0,712.0,3673.0,11.5,90.5999984741211,0.09999847412109375,8.69551944732666,90.5999984741211,0.0,1041.9000244140625
08102025RollingResistanceTestP1.parquet,-1.8,176.0,712.0,3673.0,11.5,90.5999984741211,0.09999847412109375,8.69551944732666,90.5999984741211,0.0,1041.9000244140625
08102025RollingResistanceTestP1.parquet,-1.79,176.0,713.0,3666.0,11.5,90.5999984741211,0.09999847412109375,8.69551944732666,90.5999984741211,0.0,1041.9000244140625
08102025RollingResistanceTestP1.parquet,-1.78,171.0,713.0,3666.0,11.5,90.5999984741211,0.09999847412109375,8.69551944732666,90.5999984741211,0.0,1041.9000244140625
08102025RollingResistanceTestP1.parquet,-1.77,171.0,713.0,3666.0,11.40000057220459,90.5999984741211,0.09999847412109375,8.771796226501465,90.5999984741211,0.0,1032.840087890625
08102025RollingResistanceTestP1.parquet,-1.76,171.0,713.0,3666.0,11.40000057220459,90.5999984741211,0.09999847412109375,8.771796226501465,90.5999984741211,0.0,1032.840087890625
08102025RollingResistanceTestP1.parquet,-1.75,171.0,713.0,3666.0,11.40000057220459,90.5999984741211,0.09999847412109375,8.771796226501465,90.5999984741211,0.0,1032.840087890625
08102025RollingResistanceTestP1.parquet,-1.74,188.0,713.0,3666.0,11.40000057220459,90.5999984741211,0.09999847412109375,8.771796226501465,90.5999984741211,0.0,1032.840087890625
08102025RollingResistanceTestP1.parquet,-1.73,188.0,713.0,3666.0,11.800000190734863,90.5999984741211,0.09999847412109375,8.474447250366211,90.5999984741211,0.0,1069.0799560546875
08102025RollingResistanceTestP1.parquet,-1.72,188.0,713.0,3666.0,11.800000190734863,90.5999984741211,0.09999847412109375,8.474447250366211,90.5999984741211,0.0,1069.0799560546875
08102025RollingResistanceTestP1.parquet,-1.71,179.0,713.0,3685.0,11.800000190734863,90.5999984741211,0.09999847412109375,8.474447250366211,90.5999984741211,0.0,1069.0799560546875
08102025RollingResistanceTestP1.parquet,-1.7,179.0,713.0,3685.0,11.800000190734863,90.5999984741211,0.09999847412109375,8.474447250366211,90.5999984741211,0.0,1069.0799560546875
08102025RollingResistanceTestP1.parquet,-1.69,182.0,714.0,3685.0,11.800000190734863,90.5999984741211,0.09999847412109375,8.474447250366211,90.5999984741211,0.0,1069.0799560546875
08102025RollingResistanceTestP1.parquet,-1.68,182.0,714.0,3685.0,12.0,90.5999984741211,0.09999847412109375,8.333206176757812,90.5999984741211,0.0,1087.199951171875
08102025RollingResistanceTestP1.parquet,-1.67,195.0,714.0,3693.0,12.0,90.5999984741211,0.09999847412109375,8.333206176757812,90.5999984741211,0.0,1087.199951171875
08102025RollingResistanceTestP1.parquet,-1.66,195.0,714.0,3693.0,12.0,90.5999984741211,0.09999847412109375,8.333206176757812,90.5999984741211,0.0,1087.199951171875
08102025RollingResistanceTestP1.parquet,-1.65,195.0,714.0,3693.0,12.0,90.5999984741211,0.09999847412109375,8.333206176757812,90.5999984741211,0.0,1087.199951171875
08102025RollingResistanceTestP1.parquet,-1.64,195.0,714.0,3693.0,12.0,90.5999984741211,0.09999847412109375,8.333206176757812,90.5999984741211,0.0,1087.199951171875
08102025RollingResistanceTestP1.parquet,-1.63,188.0,714.0,3687.0,12.0,90.5999984741211,0.09999847412109375,8.333206176757812,90.5999984741211,0.0,1087.199951171875
08102025RollingResistanceTestP1.parquet,-1.62,188.0,714.0,3687.0,12.0,90.5999984741211,0.09999847412109375,8.333206176757812,90.5999984741211,0.0,1087.199951171875
08102025RollingResistanceTestP1.parquet,-1.61,200.0,714.0,3687.0,12.0,90.5999984741211,0.09999847412109375,8.333206176757812,90.5999984741211,0.0,1087.199951171875
08102025RollingResistanceTestP1.parquet,-1.6,200.0,714.0,3687.0,12.100000381469727,90.5999984741211,0.09999847412109375,8.264336585998535,90.5999984741211,0.0,1096.260009765625
08102025RollingResistanceTestP1.parquet,-1.59,207.0,713.0,3679.0,12.100000381469727,90.5999984741211,0.09999847412109375,8.264336585998535,90.5999984741211,0.0,1096.260009765625
08102025RollingResistanceTestP1.parquet,-1.58,207.0,713.0,3679.0,12.100000381469727,90.5999984741211,0.09999847412109375,8.264336585998535,90.5999984741211,0.0,1096.260009765625
08102025RollingResistanceTestP1.parquet,-1.57,207.0,713.0,3679.0,12.100000381469727,90.5999984741211,0.09999847412109375,8.264336585998535,90.5999984741211,0.0,1096.260009765625
08102025RollingResistanceTestP1.parquet,-1.56,208.0,713.0,3679.0,12.600000381469727,90.5999984741211,0.08998870849609375,7.141960620880127,90.5999984741211,0.0,1141.56005859375
08102025RollingResistanceTestP1.parquet,-1.55,208.0,713.0,3679.0,12.600000381469727,90.5999984741211,0.08998870849609375,7.141960620880127,90.5999984741211,0.0,1141.56005859375
08102025RollingResistanceTestP1.parquet,-1.54,208.0,713.0,3679.0,12.600000381469727,90.5999984741211,0.08998870849609375,7.141960620880127,90.5999984741211,0.0,1141.56005859375
08102025RollingResistanceTestP1.parquet,-1.53,208.0,713.0,3679.0,12.600000381469727,90.5999984741211,0.08998870849609375,7.141960620880127,90.5999984741211,0.0,1141.56005859375
08102025RollingResistanceTestP1.parquet,-1.52,212.0,713.0,3679.0,12.300000190734863,90.5999984741211,0.08998870849609375,7.316154956817627,90.5999984741211,0.0,1114.3800048828125
08102025RollingResistanceTestP1.parquet,-1.51,212.0,713.0,3644.0,12.300000190734863,90.5999984741211,0.08998870849609375,7.316154956817627,90.5999984741211,0.0,1114.3800048828125
08102025RollingResistanceTestP1.parquet,-1.5,208.0,713.0,3644.0,12.300000190734863,90.5999984741211,0.08998870849609375,7.316154956817627,90.5999984741211,0.0,1114.3800048828125
08102025RollingResistanceTestP1.parquet,-1.49,208.0,705.0,3644.0,12.300000190734863,90.5999984741211,0.08998870849609375,7.316154956817627,90.5999984741211,0.0,1114.3800048828125
08102025RollingResistanceTestP1.parquet,-1.48,208.0,705.0,3644.0,12.90000057220459,90.5999984741211,0.08998870849609375,6.9758687019348145,90.5999984741211,0.0,1168.739990234375
08102025RollingResistanceTestP1.parquet,-1.47,208.0,705.0,3369.0,12.90000057220459,90.5999984741211,0.08998870849609375,6.9758687019348145,90.5999984741211,0.0,1168.739990234375
08102025RollingResistanceTestP1.parquet,-1.46,219.0,705.0,3369.0,12.90000057220459,90.5999984741211,0.0500030517578125,3.8762052059173584,90.5999984741211,0.0,1168.739990234375
08102025RollingResistanceTestP1.parquet,-1.45,219.0,705.0,3369.0,12.90000057220459,90.5999984741211,0.0500030517578125,3.8762052059173584,90.5999984741211,0.0,1168.739990234375
08102025RollingResistanceTestP1.parquet,-1.44,218.0,705.0,3369.0,12.40000057220459,90.5999984741211,0.0500030517578125,4.032503604888916,90.5999984741211,0.0,1123.4400634765625
08102025RollingResistanceTestP1.parquet,-1.43,218.0,705.0,3135.0,12.40000057220459,90.5999984741211,0.0500030517578125,4.032503604888916,90.5999984741211,0.0,1123.4400634765625
08102025RollingResistanceTestP1.parquet,-1.42,218.0,705.0,3135.0,12.40000057220459,90.5999984741211,0.0500030517578125,4.032503604888916,90.5999984741211,0.0,1123.4400634765625
08102025RollingResistanceTestP1.parquet,-1.41,224.0,705.0,3135.0,12.40000057220459,90.5999984741211,0.0500030517578125,4.032503604888916,90.5999984741211,0.0,1123.4400634765625
08102025RollingResistanceTestP1.parquet,-1.4,224.0,705.0,3135.0,12.600000381469727,90.5999984741211,0.0500030517578125,3.9684958457946777,90.5999984741211,0.0,1141.56005859375
08102025RollingResistanceTestP1.parquet,-1.39,226.0,683.0,3110.0,12.600000381469727,90.5999984741211,0.0500030517578125,3.9684958457946777,90.5999984741211,0.0,1141.56005859375
08102025RollingResistanceTestP1.parquet,-1.38,226.0,683.0,3110.0,12.600000381469727,90.5999984741211,0.0500030517578125,3.9684958457946777,90.5999984741211,0.0,1141.56005859375
08102025RollingResistanceTestP1.parquet,-1.37,226.0,683.0,3110.0,12.600000381469727,90.5999984741211,0.0500030517578125,3.9684958457946777,90.5999984741211,0.0,1141.56005859375
08102025RollingResistanceTestP1.parquet,-1.36,226.0,683.0,3110.0,12.600000381469727,90.5999984741211,0.0500030517578125,3.9684958457946777,90.5999984741211,0.0,1141.56005859375
08102025RollingResistanceTestP1.parquet,-1.35,226.0,683.0,3110.0,12.600000381469727,90.5999984741211,0.0500030517578125,3.9684958457946777,90.5999984741211,0.0,1141.56005859375
08102025RollingResistanceTestP1.parquet,-1.34,226.0,683.0,3110.0,12.600000381469727,90.5999984741211,0.0500030517578125,3.9684958457946777,90.5999984741211,0.0,1141.56005859375
08102025RollingResistanceTestP1.parquet,-1.33,236.0,683.0,3110.0,12.600000381469727,90.5999984741211,0.0500030517578125,3.9684958457946777,90.5999984741211,0.0,1141.56005859375
08102025RollingResistanceTestP1.parquet,-1.32,236.0,683.0,3110.0,12.600000381469727,90.5999984741211,0.0500030517578125,3.9684958457946777,90.5999984741211,0.0,1141.56005859375
08102025RollingResistanceTestP1.parquet,-1.31,236.0,683.0,2826.0,12.199999809265137,90.5999984741211,0.0500030517578125,4.098610877990723,90.5999984741211,0.0,1105.3199462890625
08102025RollingResistanceTestP1.parquet,-1.3,234.0,683.0,2826.0,12.199999809265137,90.5999984741211,0.0500030517578125,4.098610877990723,90.5999984741211,0.0,1105.3199462890625
08102025RollingResistanceTestP1.parquet,-1.29,234.0,658.0,2826.0,12.199999809265137,90.5999984741211,0.0500030517578125,4.098610877990723,90.5999984741211,0.0,1105.3199462890625
08102025RollingResistanceTestP1.parquet,-1.28,234.0,658.0,2826.0,12.199999809265137,90.5999984741211,0.0500030517578125,4.098610877990723,90.5999984741211,0.0,1105.3199462890625
08102025RollingResistanceTestP1.parquet,-1.27,234.0,658.0,2522.0,12.100000381469727,90.5999984741211,0.0500030517578125,4.13248348236084,90.5999984741211,0.0,1096.260009765625
08102025RollingResistanceTestP1.parquet,-1.26,234.0,658.0,2522.0,12.100000381469727,90.5999984741211,0.0500030517578125,4.13248348236084,90.5999984741211,0.0,1096.260009765625
08102025RollingResistanceTestP1.parquet,-1.25,256.0,658.0,2546.0,12.100000381469727,90.5999984741211,0.0500030517578125,4.13248348236084,90.5999984741211,0.0,1096.260009765625
08102025RollingResistanceTestP1.parquet,-1.24,256.0,658.0,2546.0,12.100000381469727,90.5999984741211,0.0500030517578125,4.13248348236084,90.5999984741211,0.0,1096.260009765625
08102025RollingResistanceTestP1.parquet,-1.23,262.0,658.0,2546.0,11.100000381469727,90.5999984741211,0.0500030517578125,4.50477933883667,90.5999984741211,0.0,1005.6600341796875
08102025RollingResistanceTestP1.parquet,-1.22,262.0,658.0,2546.0,11.100000381469727,90.5999984741211,0.0500030517578125,4.50477933883667,90.5999984741211,0.0,1005.6600341796875
08102025RollingResistanceTestP1.parquet,-1.21,261.0,658.0,2546.0,11.100000381469727,90.5999984741211,0.0500030517578125,4.50477933883667,90.5999984741211,0.0,1005.6600341796875
08102025RollingResistanceTestP1.parquet,-1.2,261.0,652.0,2546.0,11.100000381469727,90.5999984741211,0.0500030517578125,4.50477933883667,90.5999984741211,0.0,1005.6600341796875
08102025RollingResistanceTestP1.parquet,-1.19,261.0,652.0,2546.0,11.300000190734863,90.5999984741211,0.0500030517578125,4.425048828125,90.5999984741211,0.0,1023.780029296875
08102025RollingResistanceTestP1.parquet,-1.18,261.0,652.0,2546.0,11.300000190734863,90.5999984741211,0.0500030517578125,4.425048828125,90.5999984741211,0.0,1023.780029296875
08102025RollingResistanceTestP1.parquet,-1.17,268.0,652.0,2533.0,11.300000190734863,90.5999984741211,0.06999969482421875,6.194663047790527,90.5999984741211,0.0,1023.780029296875
08102025RollingResistanceTestP1.parquet,-1.16,268.0,652.0,2533.0,11.300000190734863,90.5999984741211,0.06999969482421875,6.194663047790527,90.5999984741211,0.0,1023.780029296875
08102025RollingResistanceTestP1.parquet,-1.15,268.0,652.0,2533.0,11.300000190734863,90.5999984741211,0.06999969482421875,6.194663047790527,90.5999984741211,0.0,1023.780029296875
08102025RollingResistanceTestP1.parquet,-1.14,266.0,652.0,2533.0,11.40000057220459,90.5999984741211,0.06999969482421875,6.140323638916016,90.5999984741211,0.0,1032.840087890625
08102025RollingResistanceTestP1.parquet,-1.13,266.0,652.0,2533.0,11.40000057220459,90.5999984741211,0.06999969482421875,6.140323638916016,90.5999984741211,0.0,1032.840087890625
08102025RollingResistanceTestP1.parquet,-1.12,267.0,652.0,2533.0,11.40000057220459,90.5999984741211,0.06999969482421875,6.140323638916016,90.5999984741211,0.0,1032.840087890625
08102025RollingResistanceTestP1.parquet,-1.11,267.0,650.0,2533.0,11.40000057220459,90.5999984741211,0.06999969482421875,6.140323638916016,90.5999984741211,0.0,1032.840087890625
08102025RollingResistanceTestP1.parquet,-1.1,273.0,650.0,2533.0,11.5,90.5999984741211,0.06999969482421875,6.086930274963379,90.5999984741211,0.0,1041.9000244140625
08102025RollingResistanceTestP1.parquet,-1.09,273.0,650.0,2486.0,11.5,90.5999984741211,0.06999969482421875,6.086930274963379,90.5999984741211,0.0,1041.9000244140625
08102025RollingResistanceTestP1.parquet,-1.08,274.0,650.0,2486.0,11.5,90.5999984741211,0.06999969482421875,6.086930274963379,90.5999984741211,0.0,1041.9000244140625
08102025RollingResistanceTestP1.parquet,-1.07,274.0,650.0,2486.0,11.5,90.5999984741211,0.06999969482421875,6.086930274963379,90.5999984741211,0.0,1041.9000244140625
08102025RollingResistanceTestP1.parquet,-1.06,277.0,650.0,2131.0,11.5,90.5999984741211,0.06999969482421875,6.086930274963379,90.5999984741211,0.0,1041.9000244140625
08102025RollingResistanceTestP1.parquet,-1.05,277.0,650.0,2131.0,11.5,90.5999984741211,0.06999969482421875,6.086930274963379,90.5999984741211,0.0,1041.9000244140625
08102025RollingResistanceTestP1.parquet,-1.04,276.0,650.0,2131.0,11.5,90.5999984741211,0.06999969482421875,6.086930274963379,90.5999984741211,0.0,1041.9000244140625
08102025RollingResistanceTestP1.parquet,-1.03,276.0,650.0,2131.0,11.5,90.5999984741211,0.06999969482421875,6.086930274963379,90.5999984741211,0.0,1041.9000244140625
08102025RollingResistanceTestP1.parquet,-1.02,277.0,650.0,2131.0,11.40000057220459,90.5999984741211,0.06999969482421875,6.140323638916016,90.5999984741211,0.0,1032.840087890625
08102025RollingResistanceTestP1.parquet,-1.01,277.0,650.0,1764.0,11.40000057220459,90.5999984741211,0.06999969482421875,6.140323638916016,90.5999984741211,0.0,1032.840087890625
08102025RollingResistanceTestP1.parquet,-1.0,278.0,610.0,1764.0,11.40000057220459,90.5999984741211,0.06999969482421875,6.140323638916016,90.5999984741211,0.0,1032.840087890625
08102025RollingResistanceTestP1.parquet,-0.99,278.0,610.0,1764.0,11.40000057220459,90.5999984741211,0.06999969482421875,6.140323638916016,90.5999984741211,0.0,1032.840087890625
08102025RollingResistanceTestP1.parquet,-0.98,282.0,610.0,1764.0,10.90000057220459,90.70000457763672,-0.03000640869140625,-2.7528815269470215,90.5999984741211,0.100006103515625,988.630126953125
08102025RollingResistanceTestP1.parquet,-0.97,282.0,610.0,1699.0,10.90000057220459,90.70000457763672,-0.040008544921875,-3.670508623123169,90.5999984741211,0.0,988.630126953125
08102025RollingResistanceTestP1.parquet,-0.96,282.0,610.0,1699.0,10.90000057220459,90.70000457763672,-0.040008544921875,-3.670508623123169,90.5999984741211,0.0,988.630126953125
08102025RollingResistanceTestP1.parquet,-0.95,282.0,610.0,1699.0,10.90000057220459,90.70000457763672,-0.040008544921875,-3.670508623123169,90.5999984741211,0.0,988.630126953125
08102025RollingResistanceTestP1.parquet,-0.94,282.0,610.0,1699.0,10.40000057220459,90.5999984741211,0.05999755859375,5.768995761871338,90.5999984741211,-0.100006103515625,942.2400512695312
08102025RollingResistanceTestP1.parquet,-0.93,287.0,610.0,1720.0,10.40000057220459,90.5999984741211,0.05999755859375,5.768995761871338,90.5999984741211,0.0,942.2400512695312
08102025RollingResistanceTestP1.parquet,-0.92,287.0,610.0,1720.0,10.40000057220459,90.5999984741211,0.05999755859375,5.768995761871338,90.5999984741211,0.0,942.2400512695312
08102025RollingResistanceTestP1.parquet,-0.91,285.0,607.0,1720.0,10.40000057220459,90.5999984741211,0.05999755859375,5.768995761871338,90.5999984741211,0.0,942.2400512695312
08102025RollingResistanceTestP1.parquet,-0.9,285.0,607.0,1720.0,10.100000381469727,90.5999984741211,0.05999755859375,5.940351963043213,90.5999984741211,0.0,915.0599975585938
08102025RollingResistanceTestP1.parquet,-0.89,289.0,607.0,1720.0,10.100000381469727,90.5999984741211,0.05999755859375,5.940351963043213,90.5999984741211,0.0,915.0599975585938
08102025RollingResistanceTestP1.parquet,-0.88,289.0,607.0,1720.0,10.100000381469727,90.5999984741211,0.05999755859375,5.940351963043213,90.5999984741211,0.0,915.0599975585938
08102025RollingResistanceTestP1.parquet,-0.87,294.0,607.0,1720.0,10.100000381469727,90.5999984741211,0.05999755859375,5.940351963043213,90.5999984741211,0.0,915.0599975585938
08102025RollingResistanceTestP1.parquet,-0.86,294.0,607.0,1712.0,10.0,90.5999984741211,0.05999755859375,5.999755859375,90.5999984741211,0.0,906.0
08102025RollingResistanceTestP1.parquet,-0.85,294.0,607.0,1712.0,10.0,90.5999984741211,0.05999755859375,5.999755859375,90.5999984741211,0.0,906.0
08102025RollingResistanceTestP1.parquet,-0.84,294.0,607.0,1712.0,10.0,90.5999984741211,0.05999755859375,5.999755859375,90.5999984741211,0.0,906.0
08102025RollingResistanceTestP1.parquet,-0.83,294.0,607.0,1712.0,10.0,90.5999984741211,0.05999755859375,5.999755859375,90.5999984741211,0.0,906.0
08102025RollingResistanceTestP1.parquet,-0.82,290.0,607.0,1712.0,10.0,90.5999984741211,0.05999755859375,5.999755859375,90.5999984741211,0.0,906.0
08102025RollingResistanceTestP1.parquet,-0.81,290.0,607.0,1739.0,9.90000057220459,90.70000457763672,-0.040008544921875,-4.041266918182373,90.5999984741211,0.100006103515625,897.9301147460938
08102025RollingResistanceTestP1.parquet,-0.8,298.0,608.0,1739.0,9.90000057220459,90.70000457763672,-0.040008544921875,-4.041266918182373,90.5999984741211,0.0,897.9301147460938
08102025RollingResistanceTestP1.parquet,-0.79,298.0,608.0,1739.0,9.90000057220459,90.70000457763672,-0.040008544921875,-4.041266918182373,90.5999984741211,0.0,897.9301147460938
08102025RollingResistanceTestP1.parquet,-0.78,298.0,608.0,1739.0,9.90000057220459,90.70000457763672,-0.040008544921875,-4.041266918182373,90.5999984741211,0.0,897.9301147460938
08102025RollingResistanceTestP1.parquet,-0.77,298.0,608.0,1708.0,9.90000057220459,90.70000457763672,0.01999664306640625,2.0198628902435303,90.5999984741211,0.0,897.9301147460938
08102025RollingResistanceTestP1.parquet,-0.76,301.0,608.0,1708.0,9.90000057220459,90.70000457763672,0.01999664306640625,2.0198628902435303,90.5999984741211,0.0,897.9301147460938
08102025RollingResistanceTestP1.parquet,-0.75,301.0,608.0,1708.0,9.90000057220459,90.70000457763672,0.01999664306640625,2.0198628902435303,90.5999984741211,0.0,897.9301147460938
08102025RollingResistanceTestP1.parquet,-0.74,300.0,608.0,1708.0,9.90000057220459,90.70000457763672,0.01999664306640625,2.0198628902435303,90.5999984741211,0.0,897.9301147460938
08102025RollingResistanceTestP1.parquet,-0.73,300.0,608.0,1763.0,9.90000057220459,90.5999984741211,0.12000274658203125,12.121489524841309,90.5999984741211,-0.100006103515625,896.9400634765625
08102025RollingResistanceTestP1.parquet,-0.72,300.0,608.0,1763.0,9.90000057220459,90.5999984741211,0.12000274658203125,12.121489524841309,90.5999984741211,0.0,896.9400634765625
08102025RollingResistanceTestP1.parquet,-0.71,300.0,618.0,1763.0,9.90000057220459,90.5999984741211,0.12000274658203125,12.121489524841309,90.5999984741211,0.0,896.9400634765625
08102025RollingResistanceTestP1.parquet,-0.7,300.0,618.0,1763.0,9.90000057220459,90.5999984741211,0.12000274658203125,12.121489524841309,90.5999984741211,0.0,896.9400634765625
08102025RollingResistanceTestP1.parquet,-0.69,300.0,618.0,1942.0,9.90000057220459,90.70000457763672,0.01999664306640625,2.0198628902435303,90.5999984741211,0.100006103515625,897.9301147460938
08102025RollingResistanceTestP1.parquet,-0.68,300.0,618.0,1942.0,9.90000057220459,90.70000457763672,0.01999664306640625,2.0198628902435303,90.5999984741211,0.0,897.9301147460938
08102025RollingResistanceTestP1.parquet,-0.67,309.0,618.0,1942.0,9.90000057220459,90.70000457763672,0.01999664306640625,2.0198628902435303,90.5999984741211,0.0,897.9301147460938
08102025RollingResistanceTestP1.parquet,-0.66,309.0,618.0,2155.0,9.90000057220459,90.70000457763672,0.01999664306640625,2.0198628902435303,90.5999984741211,0.0,897.9301147460938
08102025RollingResistanceTestP1.parquet,-0.65,309.0,618.0,2155.0,9.90000057220459,90.70000457763672,0.01999664306640625,2.0198628902435303,90.5999984741211,0.0,897.9301147460938
08102025RollingResistanceTestP1.parquet,-0.64,309.0,618.0,2155.0,10.0,90.5999984741211,0.12000274658203125,12.000274658203125,90.5999984741211,-0.100006103515625,906.0
08102025RollingResistanceTestP1.parquet,-0.63,310.0,618.0,2155.0,10.0,90.5999984741211,0.12000274658203125,12.000274658203125,90.5999984741211,0.0,906.0
08102025RollingResistanceTestP1.parquet,-0.62,310.0,618.0,2155.0,10.0,90.5999984741211,0.12000274658203125,12.000274658203125,90.5999984741211,0.0,906.0
08102025RollingResistanceTestP1.parquet,-0.61,310.0,618.0,2205.0,10.0,90.5999984741211,0.12000274658203125,12.000274658203125,90.5999984741211,0.0,906.0
08102025RollingResistanceTestP1.parquet,-0.6,310.0,634.0,2205.0,10.300000190734863,90.5999984741211,0.12000274658203125,11.650752067565918,90.5999984741211,0.0,933.1799926757812
08102025RollingResistanceTestP1.parquet,-0.59,310.0,634.0,2205.0,10.300000190734863,90.5999984741211,0.12000274658203125,11.650752067565918,90.5999984741211,0.0,933.1799926757812
08102025RollingResistanceTestP1.parquet,-0.58,319.0,634.0,2205.0,10.300000190734863,90.5999984741211,0.12000274658203125,11.650752067565918,90.5999984741211,0.0,933.1799926757812
08102025RollingResistanceTestP1.parquet,-0.57,319.0,634.0,2411.0,10.300000190734863,90.5999984741211,0.12000274658203125,11.650752067565918,90.5999984741211,0.0,933.1799926757812
08102025RollingResistanceTestP1.parquet,-0.56,323.0,634.0,2411.0,10.800000190734863,90.5999984741211,0.12000274658203125,11.11136531829834,90.5999984741211,0.0,978.47998046875
08102025RollingResistanceTestP1.parquet,-0.55,323.0,634.0,2411.0,10.800000190734863,90.5999984741211,0.12000274658203125,11.11136531829834,90.5999984741211,0.0,978.47998046875
08102025RollingResistanceTestP1.parquet,-0.54,323.0,634.0,2411.0,10.800000190734863,90.5999984741211,0.12000274658203125,11.11136531829834,90.5999984741211,0.0,978.47998046875
08102025RollingResistanceTestP1.parquet,-0.53,323.0,634.0,2485.0,10.800000190734863,90.5999984741211,0.12000274658203125,11.11136531829834,90.5999984741211,0.0,978.47998046875
08102025RollingResistanceTestP1.parquet,-0.52,322.0,634.0,2485.0,11.300000190734863,90.5999984741211,0.12000274658203125,10.619711875915527,90.5999984741211,0.0,1023.780029296875
08102025RollingResistanceTestP1.parquet,-0.51,322.0,656.0,2485.0,11.300000190734863,90.5999984741211,0.12000274658203125,10.619711875915527,90.5999984741211,0.0,1023.780029296875
08102025RollingResistanceTestP1.parquet,-0.5,324.0,656.0,2485.0,11.300000190734863,90.5999984741211,0.12000274658203125,10.619711875915527,90.5999984741211,0.0,1023.780029296875
08102025RollingResistanceTestP1.parquet,-0.49,324.0,656.0,2606.0,11.300000190734863,90.5999984741211,0.12000274658203125,10.619711875915527,90.5999984741211,0.0,1023.780029296875
08102025RollingResistanceTestP1.parquet,-0.48,330.0,656.0,2606.0,11.300000190734863,90.5999984741211,0.12000274658203125,10.619711875915527,90.5999984741211,0.0,1023.780029296875
08102025RollingResistanceTestP1.parquet,-0.47,330.0,656.0,4120.0,11.600000381469727,90.5999984741211,0.12000274658203125,10.345064163208008,90.5999984741211,0.0,1050.9599609375
08102025RollingResistanceTestP1.parquet,-0.46,330.0,656.0,4120.0,11.600000381469727,90.5999984741211,0.12000274658203125,10.345064163208008,90.5999984741211,0.0,1050.9599609375
08102025RollingResistanceTestP1.parquet,-0.45,330.0,656.0,4120.0,15.0,90.4000015258789,0.31999969482421875,21.33331298828125,90.4000015258789,-0.1999969482421875,1356.0
08102025RollingResistanceTestP1.parquet,-0.44,330.0,656.0,4120.0,15.0,90.4000015258789,0.31999969482421875,21.33331298828125,90.4000015258789,0.0,1356.0
08102025RollingResistanceTestP1.parquet,-0.43,368.0,656.0,5931.0,15.0,90.4000015258789,0.31999969482421875,21.33331298828125,90.4000015258789,0.0,1356.0
08102025RollingResistanceTestP1.parquet,-0.42,368.0,656.0,5931.0,15.0,90.4000015258789,0.31999969482421875,21.33331298828125,90.4000015258789,0.0,1356.0
08102025RollingResistanceTestP1.parquet,-0.41,368.0,656.0,5931.0,16.5,90.30000305175781,0.23999786376953125,14.54532527923584,90.30000305175781,-0.09999847412109375,1489.9500732421875
08102025RollingResistanceTestP1.parquet,-0.4,389.0,656.0,5931.0,16.5,90.30000305175781,0.23999786376953125,14.54532527923584,90.30000305175781,0.0,1489.9500732421875
08102025RollingResistanceTestP1.parquet,-0.39,389.0,656.0,7380.0,16.5,90.30000305175781,0.23999786376953125,14.54532527923584,90.30000305175781,0.0,1489.9500732421875
08102025RollingResistanceTestP1.parquet,-0.38,392.0,656.0,7380.0,16.5,90.30000305175781,0.23999786376953125,14.54532527923584,90.30000305175781,0.0,1489.9500732421875
08102025RollingResistanceTestP1.parquet,-0.37,392.0,656.0,7380.0,21.0,90.0,0.5400009155273438,25.71432876586914,90.0,-0.3000030517578125,1890.0
08102025RollingResistanceTestP1.parquet,-0.36,393.0,656.0,7380.0,21.0,90.0,0.5400009155273438,25.71432876586914,90.0,0.0,1890.0
08102025RollingResistanceTestP1.parquet,-0.35,393.0,656.0,7380.0,21.0,90.0,0.5400009155273438,25.71432876586914,90.0,0.0,1890.0
08102025RollingResistanceTestP1.parquet,-0.34,387.0,656.0,7380.0,21.0,90.0,0.5400009155273438,25.71432876586914,90.0,0.0,1890.0
08102025RollingResistanceTestP1.parquet,-0.33,387.0,656.0,7380.0,26.30000114440918,89.70000457763672,0.839996337890625,31.939022064208984,89.70000457763672,-0.29999542236328125,2359.110107421875
08102025RollingResistanceTestP1.parquet,-0.32,447.0,656.0,7380.0,26.30000114440918,89.70000457763672,0.839996337890625,31.939022064208984,89.70000457763672,0.0,2359.110107421875
08102025RollingResistanceTestP1.parquet,-0.31,447.0,656.0,14454.0,26.30000114440918,89.70000457763672,0.839996337890625,31.939022064208984,89.70000457763672,0.0,2359.110107421875
08102025RollingResistanceTestP1.parquet,-0.3,426.0,656.0,14454.0,26.30000114440918,89.70000457763672,0.839996337890625,31.939022064208984,89.70000457763672,0.0,2359.110107421875
08102025RollingResistanceTestP1.parquet,-0.29,426.0,656.0,14454.0,36.70000076293945,89.0999984741211,1.44000244140625,39.23712158203125,89.0999984741211,-0.600006103515625,3269.969970703125
08102025RollingResistanceTestP1.parquet,-0.28,426.0,656.0,14454.0,36.70000076293945,89.0999984741211,1.44000244140625,39.23712158203125,89.0999984741211,0.0,3269.969970703125
08102025RollingResistanceTestP1.parquet,-0.27,441.0,656.0,17165.0,36.70000076293945,89.0999984741211,1.44000244140625,39.23712158203125,89.0999984741211,0.0,3269.969970703125
08102025RollingResistanceTestP1.parquet,-0.26,441.0,656.0,17165.0,51.79999923706055,88.20000457763672,2.339996337890625,45.173675537109375,88.20000457763672,-0.899993896484375,4568.76025390625
08102025RollingResistanceTestP1.parquet,-0.25,441.0,656.0,17165.0,51.79999923706055,88.20000457763672,2.339996337890625,45.173675537109375,88.20000457763672,0.0,4568.76025390625
08102025RollingResistanceTestP1.parquet,-0.24,441.0,656.0,17165.0,51.79999923706055,88.20000457763672,2.339996337890625,45.173675537109375,88.20000457763672,0.0,4568.76025390625
08102025RollingResistanceTestP1.parquet,-0.23,527.0,656.0,21407.0,51.79999923706055,88.20000457763672,2.339996337890625,45.173675537109375,88.20000457763672,0.0,4568.76025390625
08102025RollingResistanceTestP1.parquet,-0.22,527.0,656.0,21407.0,51.79999923706055,88.20000457763672,2.339996337890625,45.173675537109375,88.20000457763672,0.0,4568.76025390625
08102025RollingResistanceTestP1.parquet,-0.21,589.0,656.0,21407.0,73.70000457763672,87.0,3.5400009155273438,48.03257369995117,87.0,-1.2000045776367188,6411.900390625
08102025RollingResistanceTestP1.parquet,-0.2,589.0,656.0,21407.0,73.70000457763672,87.0,3.5400009155273438,48.03257369995117,87.0,0.0,6411.900390625
08102025RollingResistanceTestP1.parquet,-0.19,609.0,656.0,24980.0,73.70000457763672,87.0,3.5400009155273438,48.03257369995117,87.0,0.0,6411.900390625
08102025RollingResistanceTestP1.parquet,-0.18,609.0,656.0,24980.0,73.70000457763672,87.0,3.5400009155273438,48.03257369995117,87.0,0.0,6411.900390625
08102025RollingResistanceTestP1.parquet,-0.17,609.0,656.0,24980.0,73.70000457763672,87.0,3.5400009155273438,48.03257369995117,87.0,0.0,6411.900390625
08102025RollingResistanceTestP1.parquet,-0.16,664.0,656.0,24980.0,102.5,85.4000015258789,5.1399993896484375,50.14633560180664,85.4000015258789,-1.5999984741210938,8753.5
08102025RollingResistanceTestP1.parquet,-0.15,664.0,656.0,24980.0,102.5,85.4000015258789,5.1399993896484375,50.14633560180664,85.4000015258789,0.0,8753.5
08102025RollingResistanceTestP1.parquet,-0.14,624.0,656.0,24980.0,102.5,85.4000015258789,5.1399993896484375,50.14633560180664,85.4000015258789,0.0,8753.5
08102025RollingResistanceTestP1.parquet,-0.13,624.0,656.0,24980.0,102.5,85.4000015258789,5.1399993896484375,50.14633560180664,85.4000015258789,0.0,8753.5
08102025RollingResistanceTestP1.parquet,-0.12,723.0,656.0,24980.0,102.5,85.4000015258789,5.1399993896484375,50.14633560180664,85.4000015258789,0.0,8753.5
08102025RollingResistanceTestP1.parquet,-0.11,723.0,656.0,30000.0,102.5,85.4000015258789,0.8699951171875,8.487757682800293,85.4000015258789,0.0,8753.5
08102025RollingResistanceTestP1.parquet,-0.1,753.0,656.0,30000.0,102.5,85.4000015258789,0.8699951171875,8.487757682800293,85.4000015258789,0.0,8753.5
08102025RollingResistanceTestP1.parquet,-0.09,753.0,656.0,30000.0,102.5,85.4000015258789,0.8699951171875,8.487757682800293,85.4000015258789,0.0,8753.5
08102025RollingResistanceTestP1.parquet,-0.08,829.0,656.0,30000.0,174.0,82.0999984741211,4.1699981689453125,23.965505599975586,82.0999984741211,-3.3000030517578125,14285.3994140625
08102025RollingResistanceTestP1.parquet,-0.07,829.0,656.0,30000.0,174.0,82.0999984741211,4.1699981689453125,23.965505599975586,82.0999984741211,0.0,14285.3994140625
08102025RollingResistanceTestP1.parquet,-0.06,964.0,656.0,30000.0,174.0,82.0999984741211,4.1699981689453125,23.965505599975586,82.0999984741211,0.0,14285.3994140625
08102025RollingResistanceTestP1.parquet,-0.05,964.0,656.0,30000.0,174.0,82.0999984741211,4.1699981689453125,23.965505599975586,82.0999984741211,0.0,14285.3994140625
08102025RollingResistanceTestP1.parquet,-0.04,964.0,656.0,30000.0,216.60000610351562,80.30000305175781,5.969993591308594,27.56229591369629,80.30000305175781,-1.7999954223632812,17392.98046875
08102025RollingResistanceTestP1.parquet,-0.03,1072.0,656.0,30000.0,216.60000610351562,80.30000305175781,5.969993591308594,27.56229591369629,80.30000305175781,0.0,17392.98046875
08102025RollingResistanceTestP1.parquet,-0.02,1072.0,656.0,30000.0,216.60000610351562,80.30000305175781,5.969993591308594,27.56229591369629,80.30000305175781,0.0,17392.98046875
08102025RollingResistanceTestP1.parquet,-0.01,1147.0,656.0,30000.0,216.60000610351562,80.30000305175781,5.969993591308594,27.56229591369629,80.30000305175781,0.0,17392.98046875
08102025RollingResistanceTestP3.parquet,-5.0,388.0,676.0,3010.0,15.100000381469727,88.5,0.0800018310546875,5.2981343269348145,88.5,0.0,1336.3499755859375
08102025RollingResistanceTestP3.parquet,-4.99,388.0,676.0,3010.0,15.100000381469727,88.5,0.0800018310546875,5.2981343269348145,88.5,0.0,1336.3499755859375
08102025RollingResistanceTestP3.parquet,-4.98,385.0,676.0,3041.0,15.100000381469727,88.5,0.0800018310546875,5.2981343269348145,88.5,0.0,1336.3499755859375
08102025RollingResistanceTestP3.parquet,-4.97,385.0,676.0,3041.0,15.100000381469727,88.5,0.0800018310546875,5.2981343269348145,88.5,0.0,1336.3499755859375
08102025RollingResistanceTestP3.parquet,-4.96,389.0,676.0,3041.0,15.100000381469727,88.5,0.0800018310546875,5.2981343269348145,88.5,0.0,1336.3499755859375
08102025RollingResistanceTestP3.parquet,-4.95,389.0,676.0,3041.0,15.100000381469727,88.5,0.0800018310546875,5.2981343269348145,88.5,0.0,1336.3499755859375
08102025RollingResistanceTestP3.parquet,-4.94,398.0,678.0,3026.0,15.199999809265137,88.5,0.04000091552734375,2.631639242172241,88.5,0.0,1345.199951171875
08102025RollingResistanceTestP3.parquet,-4.93,398.0,678.0,3026.0,15.199999809265137,88.5,0.04000091552734375,2.631639242172241,88.5,0.0,1345.199951171875
08102025RollingResistanceTestP3.parquet,-4.92,396.0,678.0,3026.0,15.199999809265137,88.5,0.04000091552734375,2.631639242172241,88.5,0.0,1345.199951171875
08102025RollingResistanceTestP3.parquet,-4.91,396.0,678.0,3026.0,15.199999809265137,88.5,0.04000091552734375,2.631639242172241,88.5,0.0,1345.199951171875
08102025RollingResistanceTestP3.parquet,-4.9,396.0,678.0,3043.0,15.600000381469727,88.5,0.04000091552734375,2.5641610622406006,88.5,0.0,1380.5999755859375
08102025RollingResistanceTestP3.parquet,-4.89,397.0,678.0,3043.0,15.600000381469727,88.5,0.04000091552734375,2.5641610622406006,88.5,0.0,1380.5999755859375
08102025RollingResistanceTestP3.parquet,-4.88,397.0,678.0,3043.0,15.600000381469727,88.5,0.04000091552734375,2.5641610622406006,88.5,0.0,1380.5999755859375
08102025RollingResistanceTestP3.parquet,-4.87,404.0,678.0,3043.0,15.600000381469727,88.5,0.04000091552734375,2.5641610622406006,88.5,0.0,1380.5999755859375
08102025RollingResistanceTestP3.parquet,-4.86,404.0,678.0,3039.0,15.5,88.4000015258789,0.1399993896484375,9.032218933105469,88.4000015258789,-0.09999847412109375,1370.2000732421875
08102025RollingResistanceTestP3.parquet,-4.85,402.0,678.0,3039.0,15.5,88.4000015258789,0.1399993896484375,9.032218933105469,88.4000015258789,0.0,1370.2000732421875
08102025RollingResistanceTestP3.parquet,-4.84,402.0,680.0,3039.0,15.5,88.4000015258789,0.1399993896484375,9.032218933105469,88.4000015258789,0.0,1370.2000732421875
08102025RollingResistanceTestP3.parquet,-4.83,402.0,680.0,3039.0,15.5,88.4000015258789,0.1399993896484375,9.032218933105469,88.4000015258789,0.0,1370.2000732421875
08102025RollingResistanceTestP3.parquet,-4.82,402.0,680.0,3051.0,15.600000381469727,88.5,0.04000091552734375,2.5641610622406006,88.4000015258789,0.09999847412109375,1380.5999755859375
08102025RollingResistanceTestP3.parquet,-4.81,407.0,680.0,3051.0,15.600000381469727,88.5,0.04000091552734375,2.5641610622406006,88.4000015258789,0.0,1380.5999755859375
08102025RollingResistanceTestP3.parquet,-4.8,407.0,680.0,3051.0,15.600000381469727,88.5,0.04000091552734375,2.5641610622406006,88.4000015258789,0.0,1380.5999755859375
08102025RollingResistanceTestP3.parquet,-4.79,412.0,680.0,3051.0,15.600000381469727,88.5,0.04000091552734375,2.5641610622406006,88.4000015258789,0.0,1380.5999755859375
08102025RollingResistanceTestP3.parquet,-4.78,412.0,680.0,3097.0,15.600000381469727,88.5,0.04000091552734375,2.5641610622406006,88.4000015258789,0.0,1380.5999755859375
08102025RollingResistanceTestP3.parquet,-4.77,408.0,680.0,3097.0,15.800000190734863,88.4000015258789,0.1399993896484375,8.86072063446045,88.4000015258789,-0.09999847412109375,1396.7200927734375
08102025RollingResistanceTestP3.parquet,-4.76,408.0,680.0,3097.0,15.800000190734863,88.4000015258789,0.1399993896484375,8.86072063446045,88.4000015258789,0.0,1396.7200927734375
08102025RollingResistanceTestP3.parquet,-4.75,408.0,680.0,3097.0,15.800000190734863,88.4000015258789,0.1399993896484375,8.86072063446045,88.4000015258789,0.0,1396.7200927734375
08102025RollingResistanceTestP3.parquet,-4.74,420.0,686.0,3119.0,15.800000190734863,88.4000015258789,0.1199951171875,7.594627857208252,88.4000015258789,0.0,1396.7200927734375
08102025RollingResistanceTestP3.parquet,-4.73,420.0,686.0,3119.0,15.800000190734863,88.4000015258789,0.1199951171875,7.594627857208252,88.4000015258789,0.0,1396.7200927734375
08102025RollingResistanceTestP3.parquet,-4.72,420.0,686.0,3119.0,15.800000190734863,88.4000015258789,0.1199951171875,7.594627857208252,88.4000015258789,0.0,1396.7200927734375
08102025RollingResistanceTestP3.parquet,-4.71,420.0,686.0,3119.0,15.800000190734863,88.4000015258789,0.1199951171875,7.594627857208252,88.4000015258789,0.0,1396.7200927734375
08102025RollingResistanceTestP3.parquet,-4.7,421.0,686.0,3112.0,15.800000190734863,88.4000015258789,0.1199951171875,7.594627857208252,88.4000015258789,0.0,1396.7200927734375
08102025RollingResistanceTestP3.parquet,-4.69,421.0,686.0,3112.0,16.30000114440918,88.4000015258789,0.1199951171875,7.361662864685059,88.4000015258789,0.0,1440.920166015625
08102025RollingResistanceTestP3.parquet,-4.68,415.0,686.0,3112.0,16.30000114440918,88.4000015258789,0.1199951171875,7.361662864685059,88.4000015258789,0.0,1440.920166015625
08102025RollingResistanceTestP3.parquet,-4.67,415.0,686.0,3112.0,16.30000114440918,88.4000015258789,0.1199951171875,7.361662864685059,88.4000015258789,0.0,1440.920166015625
08102025RollingResistanceTestP3.parquet,-4.66,420.0,686.0,3134.0,16.30000114440918,88.4000015258789,0.1199951171875,7.361662864685059,88.4000015258789,0.0,1440.920166015625
08102025RollingResistanceTestP3.parquet,-4.65,420.0,686.0,3134.0,16.5,88.4000015258789,0.1199951171875,7.272431373596191,88.4000015258789,0.0,1458.5999755859375
08102025RollingResistanceTestP3.parquet,-4.64,424.0,689.0,3134.0,16.5,88.4000015258789,0.1199951171875,7.272431373596191,88.4000015258789,0.0,1458.5999755859375
08102025RollingResistanceTestP3.parquet,-4.63,424.0,689.0,3134.0,16.5,88.4000015258789,0.1199951171875,7.272431373596191,88.4000015258789,0.0,1458.5999755859375
08102025RollingResistanceTestP3.parquet,-4.62,418.0,689.0,3140.0,16.5,88.4000015258789,0.1199951171875,7.272431373596191,88.4000015258789,0.0,1458.5999755859375
08102025RollingResistanceTestP3.parquet,-4.61,418.0,689.0,3140.0,16.600000381469727,88.4000015258789,0.1199951171875,7.228621482849121,88.4000015258789,0.0,1467.4400634765625
08102025RollingResistanceTestP3.parquet,-4.6,418.0,689.0,3140.0,16.600000381469727,88.4000015258789,0.1199951171875,7.228621482849121,88.4000015258789,0.0,1467.4400634765625
08102025RollingResistanceTestP3.parquet,-4.59,418.0,689.0,3140.0,16.600000381469727,88.4000015258789,0.1199951171875,7.228621482849121,88.4000015258789,0.0,1467.4400634765625
08102025RollingResistanceTestP3.parquet,-4.58,427.0,689.0,3155.0,16.600000381469727,88.4000015258789,0.1199951171875,7.228621482849121,88.4000015258789,0.0,1467.4400634765625
08102025RollingResistanceTestP3.parquet,-4.57,427.0,689.0,3155.0,16.80000114440918,88.4000015258789,0.1199951171875,7.142566204071045,88.4000015258789,0.0,1485.1201171875
08102025RollingResistanceTestP3.parquet,-4.56,427.0,689.0,3155.0,16.80000114440918,88.4000015258789,0.1199951171875,7.142566204071045,88.4000015258789,0.0,1485.1201171875
08102025RollingResistanceTestP3.parquet,-4.55,426.0,689.0,3155.0,16.80000114440918,88.4000015258789,0.1199951171875,7.142566204071045,88.4000015258789,0.0,1485.1201171875
08102025RollingResistanceTestP3.parquet,-4.54,426.0,688.0,3174.0,16.80000114440918,88.4000015258789,0.089996337890625,5.356924533843994,88.4000015258789,0.0,1485.1201171875
08102025RollingResistanceTestP3.parquet,-4.53,426.0,688.0,3174.0,16.80000114440918,88.4000015258789,0.089996337890625,5.356924533843994,88.4000015258789,0.0,1485.1201171875
08102025RollingResistanceTestP3.parquet,-4.52,426.0,688.0,3174.0,16.80000114440918,88.4000015258789,0.089996337890625,5.356924533843994,88.4000015258789,0.0,1485.1201171875
08102025RollingResistanceTestP3.parquet,-4.51,433.0,688.0,3174.0,16.80000114440918,88.4000015258789,0.089996337890625,5.356924533843994,88.4000015258789,0.0,1485.1201171875
08102025RollingResistanceTestP3.parquet,-4.5,433.0,688.0,3271.0,16.80000114440918,88.4000015258789,0.089996337890625,5.356924533843994,88.4000015258789,0.0,1485.1201171875
08102025RollingResistanceTestP3.parquet,-4.49,435.0,688.0,3271.0,17.0,88.4000015258789,0.089996337890625,5.2939019203186035,88.4000015258789,0.0,1502.800048828125
08102025RollingResistanceTestP3.parquet,-4.48,435.0,688.0,3271.0,17.0,88.4000015258789,0.089996337890625,5.2939019203186035,88.4000015258789,0.0,1502.800048828125
08102025RollingResistanceTestP3.parquet,-4.47,430.0,688.0,3271.0,17.0,88.4000015258789,0.089996337890625,5.2939019203186035,88.4000015258789,0.0,1502.800048828125
08102025RollingResistanceTestP3.parquet,-4.46,430.0,688.0,3258.0,17.0,88.4000015258789,0.089996337890625,5.2939019203186035,88.4000015258789,0.0,1502.800048828125
08102025RollingResistanceTestP3.parquet,-4.45,430.0,688.0,3258.0,17.0,88.4000015258789,0.089996337890625,5.2939019203186035,88.4000015258789,0.0,1502.800048828125
08102025RollingResistanceTestP3.parquet,-4.44,431.0,695.0,3258.0,17.100000381469727,88.30000305175781,0.149993896484375,8.77157211303711,88.30000305175781,-0.09999847412109375,1509.9300537109375
08102025RollingResistanceTestP3.parquet,-4.43,431.0,695.0,3258.0,17.100000381469727,88.30000305175781,0.149993896484375,8.77157211303711,88.30000305175781,0.0,1509.9300537109375
08102025RollingResistanceTestP3.parquet,-4.42,435.0,695.0,3310.0,17.100000381469727,88.30000305175781,0.149993896484375,8.77157211303711,88.30000305175781,0.0,1509.9300537109375
08102025RollingResistanceTestP3.parquet,-4.41,435.0,695.0,3310.0,17.100000381469727,88.30000305175781,0.149993896484375,8.77157211303711,88.30000305175781,0.0,1509.9300537109375
08102025RollingResistanceTestP3.parquet,-4.4,432.0,695.0,3310.0,17.200000762939453,88.30000305175781,0.149993896484375,8.720575332641602,88.30000305175781,0.0,1518.7601318359375
08102025RollingResistanceTestP3.parquet,-4.39,432.0,695.0,3310.0,17.200000762939453,88.30000305175781,0.149993896484375,8.720575332641602,88.30000305175781,0.0,1518.7601318359375
08102025RollingResistanceTestP3.parquet,-4.38,440.0,695.0,3336.0,17.200000762939453,88.30000305175781,0.149993896484375,8.720575332641602,88.30000305175781,0.0,1518.7601318359375
08102025RollingResistanceTestP3.parquet,-4.37,440.0,695.0,3336.0,17.200000762939453,88.30000305175781,0.149993896484375,8.720575332641602,88.30000305175781,0.0,1518.7601318359375
08102025RollingResistanceTestP3.parquet,-4.36,448.0,695.0,3336.0,17.200000762939453,88.30000305175781,0.149993896484375,8.720575332641602,88.30000305175781,0.0,1518.7601318359375
08102025RollingResistanceTestP3.parquet,-4.35,448.0,695.0,3336.0,17.200000762939453,88.30000305175781,0.149993896484375,8.720575332641602,88.30000305175781,0.0,1518.7601318359375
08102025RollingResistanceTestP3.parquet,-4.34,461.0,695.0,3336.0,17.200000762939453,88.30000305175781,0.149993896484375,8.720575332641602,88.30000305175781,0.0,1518.7601318359375
08102025RollingResistanceTestP3.parquet,-4.33,461.0,695.0,3336.0,17.200000762939453,88.30000305175781,0.149993896484375,8.720575332641602,88.30000305175781,0.0,1518.7601318359375
08102025RollingResistanceTestP3.parquet,-4.32,456.0,695.0,3386.0,17.200000762939453,88.30000305175781,0.149993896484375,8.720575332641602,88.30000305175781,0.0,1518.7601318359375
08102025RollingResistanceTestP3.parquet,-4.31,456.0,695.0,3386.0,17.200000762939453,88.30000305175781,0.149993896484375,8.720575332641602,88.30000305175781,0.0,1518.7601318359375
08102025RollingResistanceTestP3.parquet,-4.3,456.0,695.0,3386.0,17.200000762939453,88.30000305175781,0.149993896484375,8.720575332641602,88.30000305175781,0.0,1518.7601318359375
08102025RollingResistanceTestP3.parquet,-4.29,462.0,695.0,3386.0,18.30000114440918,88.30000305175781,0.149993896484375,8.19638729095459,88.30000305175781,0.0,1615.89013671875
08102025RollingResistanceTestP3.parquet,-4.28,462.0,697.0,3386.0,18.30000114440918,88.30000305175781,0.10999298095703125,6.010544776916504,88.30000305175781,0.0,1615.89013671875
08102025RollingResistanceTestP3.parquet,-4.27,463.0,697.0,3386.0,18.30000114440918,88.30000305175781,0.10999298095703125,6.010544776916504,88.30000305175781,0.0,1615.89013671875
08102025RollingResistanceTestP3.parquet,-4.26,463.0,697.0,3386.0,18.30000114440918,88.30000305175781,0.10999298095703125,6.010544776916504,88.30000305175781,0.0,1615.89013671875
08102025RollingResistanceTestP3.parquet,-4.25,464.0,697.0,3386.0,18.5,88.30000305175781,0.10999298095703125,5.945566654205322,88.30000305175781,0.0,1633.550048828125
08102025RollingResistanceTestP3.parquet,-4.24,464.0,697.0,3378.0,18.5,88.30000305175781,0.10999298095703125,5.945566654205322,88.30000305175781,0.0,1633.550048828125
08102025RollingResistanceTestP3.parquet,-4.23,464.0,697.0,3378.0,18.5,88.30000305175781,0.10999298095703125,5.945566654205322,88.30000305175781,0.0,1633.550048828125
08102025RollingResistanceTestP3.parquet,-4.22,464.0,697.0,3378.0,18.5,88.30000305175781,0.10999298095703125,5.945566654205322,88.30000305175781,0.0,1633.550048828125
08102025RollingResistanceTestP3.parquet,-4.21,470.0,697.0,3378.0,18.80000114440918,88.30000305175781,0.10999298095703125,5.850689888000488,88.30000305175781,0.0,1660.0401611328125
08102025RollingResistanceTestP3.parquet,-4.2,470.0,697.0,3372.0,18.80000114440918,88.30000305175781,0.10999298095703125,5.850689888000488,88.30000305175781,0.0,1660.0401611328125
08102025RollingResistanceTestP3.parquet,-4.19,470.0,697.0,3372.0,18.80000114440918,88.30000305175781,0.10999298095703125,5.850689888000488,88.30000305175781,0.0,1660.0401611328125
08102025RollingResistanceTestP3.parquet,-4.18,470.0,697.0,3372.0,18.80000114440918,88.30000305175781,0.05999755859375,3.191359281539917,88.30000305175781,0.0,1660.0401611328125
08102025RollingResistanceTestP3.parquet,-4.17,470.0,697.0,3372.0,18.80000114440918,88.20000457763672,0.15999603271484375,8.51042652130127,88.20000457763672,-0.09999847412109375,1658.16015625
08102025RollingResistanceTestP3.parquet,-4.16,474.0,697.0,3359.0,18.80000114440918,88.20000457763672,0.15999603271484375,8.51042652130127,88.20000457763672,0.0,1658.16015625
08102025RollingResistanceTestP3.parquet,-4.15,474.0,697.0,3359.0,18.80000114440918,88.20000457763672,0.15999603271484375,8.51042652130127,88.20000457763672,0.0,1658.16015625
08102025RollingResistanceTestP3.parquet,-4.14,477.0,697.0,3359.0,18.80000114440918,88.20000457763672,0.15999603271484375,8.51042652130127,88.20000457763672,0.0,1658.16015625
08102025RollingResistanceTestP3.parquet,-4.13,477.0,697.0,3359.0,18.80000114440918,88.20000457763672,0.15999603271484375,8.51042652130127,88.20000457763672,0.0,1658.16015625
08102025RollingResistanceTestP3.parquet,-4.12,484.0,697.0,3378.0,18.80000114440918,88.20000457763672,0.15999603271484375,8.51042652130127,88.20000457763672,0.0,1658.16015625
08102025RollingResistanceTestP3.parquet,-4.11,484.0,697.0,3378.0,18.80000114440918,88.20000457763672,0.15999603271484375,8.51042652130127,88.20000457763672,0.0,1658.16015625
08102025RollingResistanceTestP3.parquet,-4.1,485.0,697.0,3378.0,18.80000114440918,88.20000457763672,0.15999603271484375,8.51042652130127,88.20000457763672,0.0,1658.16015625
08102025RollingResistanceTestP3.parquet,-4.09,485.0,697.0,3378.0,18.80000114440918,88.20000457763672,0.15999603271484375,8.51042652130127,88.20000457763672,0.0,1658.16015625
08102025RollingResistanceTestP3.parquet,-4.08,482.0,698.0,3374.0,19.200000762939453,88.20000457763672,0.15999603271484375,8.333126068115234,88.20000457763672,0.0,1693.440185546875
08102025RollingResistanceTestP3.parquet,-4.07,482.0,698.0,3374.0,19.200000762939453,88.20000457763672,0.15999603271484375,8.333126068115234,88.20000457763672,0.0,1693.440185546875
08102025RollingResistanceTestP3.parquet,-4.06,483.0,698.0,3374.0,19.200000762939453,88.20000457763672,0.15999603271484375,8.333126068115234,88.20000457763672,0.0,1693.440185546875
08102025RollingResistanceTestP3.parquet,-4.05,483.0,698.0,3374.0,19.200000762939453,88.20000457763672,0.15999603271484375,8.333126068115234,88.20000457763672,0.0,1693.440185546875
08102025RollingResistanceTestP3.parquet,-4.04,483.0,698.0,3346.0,19.0,88.30000305175781,0.05999755859375,3.157766342163086,88.20000457763672,0.09999847412109375,1677.7000732421875
08102025RollingResistanceTestP3.parquet,-4.03,483.0,698.0,3346.0,19.0,88.30000305175781,0.05999755859375,3.157766342163086,88.20000457763672,0.0,1677.7000732421875
08102025RollingResistanceTestP3.parquet,-4.02,483.0,698.0,3346.0,19.0,88.30000305175781,0.05999755859375,3.157766342163086,88.20000457763672,0.0,1677.7000732421875
08102025RollingResistanceTestP3.parquet,-4.01,491.0,698.0,3346.0,19.0,88.30000305175781,0.05999755859375,3.157766342163086,88.20000457763672,0.0,1677.7000732421875
08102025RollingResistanceTestP3.parquet,-4.0,491.0,698.0,3361.0,19.200000762939453,88.30000305175781,0.05999755859375,3.1248726844787598,88.20000457763672,0.0,1695.360107421875
08102025RollingResistanceTestP3.parquet,-3.99,497.0,698.0,3361.0,19.200000762939453,88.30000305175781,0.05999755859375,3.1248726844787598,88.20000457763672,0.0,1695.360107421875
08102025RollingResistanceTestP3.parquet,-3.98,497.0,697.0,3361.0,19.200000762939453,88.30000305175781,0.029998779296875,1.5624363422393799,88.20000457763672,0.0,1695.360107421875
08102025RollingResistanceTestP3.parquet,-3.97,497.0,697.0,3361.0,19.200000762939453,88.30000305175781,0.029998779296875,1.5624363422393799,88.20000457763672,0.0,1695.360107421875
08102025RollingResistanceTestP3.parquet,-3.96,498.0,697.0,3338.0,19.5,88.20000457763672,0.12999725341796875,6.666525840759277,88.20000457763672,-0.09999847412109375,1719.900146484375
08102025RollingResistanceTestP3.parquet,-3.95,498.0,697.0,3338.0,19.5,88.20000457763672,0.12999725341796875,6.666525840759277,88.20000457763672,0.0,1719.900146484375
08102025RollingResistanceTestP3.parquet,-3.94,496.0,697.0,3338.0,19.5,88.20000457763672,0.12999725341796875,6.666525840759277,88.20000457763672,0.0,1719.900146484375
08102025RollingResistanceTestP3.parquet,-3.93,496.0,697.0,3338.0,19.5,88.20000457763672,0.12999725341796875,6.666525840759277,88.20000457763672,0.0,1719.900146484375
08102025RollingResistanceTestP3.parquet,-3.92,499.0,697.0,3304.0,19.399999618530273,88.30000305175781,0.029998779296875,1.5463289022445679,88.20000457763672,0.09999847412109375,1713.02001953125
08102025RollingResistanceTestP3.parquet,-3.91,499.0,697.0,3304.0,19.399999618530273,88.30000305175781,0.029998779296875,1.5463289022445679,88.20000457763672,0.0,1713.02001953125
08102025RollingResistanceTestP3.parquet,-3.9,501.0,697.0,3304.0,19.399999618530273,88.30000305175781,0.029998779296875,1.5463289022445679,88.20000457763672,0.0,1713.02001953125
08102025RollingResistanceTestP3.parquet,-3.89,501.0,697.0,3304.0,19.399999618530273,88.30000305175781,0.029998779296875,1.5463289022445679,88.20000457763672,0.0,1713.02001953125
08102025RollingResistanceTestP3.parquet,-3.88,511.0,693.0,3277.0,19.399999618530273,88.30000305175781,-7.62939453125e-6,-0.00039326775004155934,88.20000457763672,0.0,1713.02001953125
08102025RollingResistanceTestP3.parquet,-3.87,511.0,693.0,3277.0,19.600000381469727,88.30000305175781,-7.62939453125e-6,-0.00038925479748286307,88.20000457763672,0.0,1730.6800537109375
08102025RollingResistanceTestP3.parquet,-3.86,511.0,693.0,3277.0,19.600000381469727,88.30000305175781,-7.62939453125e-6,-0.00038925479748286307,88.20000457763672,0.0,1730.6800537109375
08102025RollingResistanceTestP3.parquet,-3.85,509.0,693.0,3277.0,19.600000381469727,88.30000305175781,-7.62939453125e-6,-0.00038925479748286307,88.20000457763672,0.0,1730.6800537109375
08102025RollingResistanceTestP3.parquet,-3.84,508.0,693.0,3304.0,19.600000381469727,88.30000305175781,-7.62939453125e-6,-0.00038925479748286307,88.20000457763672,0.0,1730.6800537109375
08102025RollingResistanceTestP3.parquet,-3.83,508.0,693.0,3304.0,19.600000381469727,88.30000305175781,-7.62939453125e-6,-0.00038925479748286307,88.20000457763672,0.0,1730.6800537109375
08102025RollingResistanceTestP3.parquet,-3.82,508.0,693.0,3304.0,19.600000381469727,88.30000305175781,-7.62939453125e-6,-0.00038925479748286307,88.20000457763672,0.0,1730.6800537109375
08102025RollingResistanceTestP3.parquet,-3.81,514.0,693.0,3304.0,19.600000381469727,88.30000305175781,-7.62939453125e-6,-0.00038925479748286307,88.20000457763672,0.0,1730.6800537109375
08102025RollingResistanceTestP3.parquet,-3.8,514.0,693.0,3274.0,19.600000381469727,88.30000305175781,-7.62939453125e-6,-0.00038925479748286307,88.20000457763672,0.0,1730.6800537109375
08102025RollingResistanceTestP3.parquet,-3.79,511.0,693.0,3274.0,19.5,88.20000457763672,0.0999908447265625,5.127735614776611,88.20000457763672,-0.09999847412109375,1719.900146484375
08102025RollingResistanceTestP3.parquet,-3.78,511.0,692.0,3274.0,19.5,88.20000457763672,0.0999908447265625,5.127735614776611,88.20000457763672,0.0,1719.900146484375
08102025RollingResistanceTestP3.parquet,-3.77,511.0,692.0,3274.0,19.5,88.20000457763672,0.0999908447265625,5.127735614776611,88.20000457763672,0.0,1719.900146484375
08102025RollingResistanceTestP3.parquet,-3.76,514.0,692.0,3268.0,19.5,88.20000457763672,0.0999908447265625,5.127735614776611,88.20000457763672,0.0,1719.900146484375
08102025RollingResistanceTestP3.parquet,-3.75,514.0,692.0,3268.0,19.700000762939453,88.20000457763672,0.0999908447265625,5.075677394866943,88.20000457763672,0.0,1737.5401611328125
08102025RollingResistanceTestP3.parquet,-3.74,527.0,692.0,3268.0,19.700000762939453,88.20000457763672,0.0999908447265625,5.075677394866943,88.20000457763672,0.0,1737.5401611328125
08102025RollingResistanceTestP3.parquet,-3.73,527.0,692.0,3268.0,19.700000762939453,88.20000457763672,0.0999908447265625,5.075677394866943,88.20000457763672,0.0,1737.5401611328125
08102025RollingResistanceTestP3.parquet,-3.72,521.0,692.0,3268.0,19.700000762939453,88.20000457763672,0.0999908447265625,5.075677394866943,88.20000457763672,0.0,1737.5401611328125
08102025RollingResistanceTestP3.parquet,-3.71,521.0,692.0,3268.0,19.5,88.20000457763672,0.0999908447265625,5.127735614776611,88.20000457763672,0.0,1719.900146484375
08102025RollingResistanceTestP3.parquet,-3.7,528.0,692.0,3268.0,19.5,88.20000457763672,0.0999908447265625,5.127735614776611,88.20000457763672,0.0,1719.900146484375
08102025RollingResistanceTestP3.parquet,-3.69,528.0,692.0,3268.0,19.5,88.20000457763672,0.0999908447265625,5.127735614776611,88.20000457763672,0.0,1719.900146484375
08102025RollingResistanceTestP3.parquet,-3.68,531.0,691.0,3253.0,19.5,88.20000457763672,0.089996337890625,4.61519718170166,88.20000457763672,0.0,1719.900146484375
08102025RollingResistanceTestP3.parquet,-3.67,531.0,691.0,3253.0,19.899999618530273,88.20000457763672,0.089996337890625,4.522429466247559,88.20000457763672,0.0,1755.1800537109375
08102025RollingResistanceTestP3.parquet,-3.66,531.0,691.0,3253.0,19.899999618530273,88.20000457763672,0.089996337890625,4.522429466247559,88.20000457763672,0.0,1755.1800537109375
08102025RollingResistanceTestP3.parquet,-3.65,531.0,691.0,3253.0,19.899999618530273,88.20000457763672,0.089996337890625,4.522429466247559,88.20000457763672,0.0,1755.1800537109375
08102025RollingResistanceTestP3.parquet,-3.64,540.0,691.0,3195.0,19.899999618530273,88.20000457763672,0.089996337890625,4.522429466247559,88.20000457763672,0.0,1755.1800537109375
08102025RollingResistanceTestP3.parquet,-3.63,540.0,691.0,3195.0,19.899999618530273,88.20000457763672,0.089996337890625,4.522429466247559,88.20000457763672,0.0,1755.1800537109375
08102025RollingResistanceTestP3.parquet,-3.62,540.0,691.0,3195.0,20.0,88.20000457763672,0.089996337890625,4.49981689453125,88.20000457763672,0.0,1764.0001220703125
08102025RollingResistanceTestP3.parquet,-3.61,540.0,691.0,3195.0,20.0,88.20000457763672,0.089996337890625,4.49981689453125,88.20000457763672,0.0,1764.0001220703125
08102025RollingResistanceTestP3.parquet,-3.6,540.0,691.0,3163.0,20.0,88.20000457763672,0.089996337890625,4.49981689453125,88.20000457763672,0.0,1764.0001220703125
08102025RollingResistanceTestP3.parquet,-3.59,541.0,691.0,3163.0,20.0,88.20000457763672,0.089996337890625,4.49981689453125,88.20000457763672,0.0,1764.0001220703125
08102025RollingResistanceTestP3.parquet,-3.58,541.0,686.0,3163.0,19.80000114440918,88.20000457763672,0.089996337890625,4.54526948928833,88.20000457763672,0.0,1746.3602294921875
08102025RollingResistanceTestP3.parquet,-3.57,541.0,686.0,3163.0,19.80000114440918,88.20000457763672,0.089996337890625,4.54526948928833,88.20000457763672,0.0,1746.3602294921875
08102025RollingResistanceTestP3.parquet,-3.56,541.0,686.0,3184.0,19.80000114440918,88.20000457763672,0.089996337890625,4.54526948928833,88.20000457763672,0.0,1746.3602294921875
08102025RollingResistanceTestP3.parquet,-3.55,541.0,686.0,3184.0,19.80000114440918,88.20000457763672,0.089996337890625,4.54526948928833,88.20000457763672,0.0,1746.3602294921875
08102025RollingResistanceTestP3.parquet,-3.54,559.0,686.0,3184.0,19.80000114440918,88.20000457763672,0.089996337890625,4.54526948928833,88.20000457763672,0.0,1746.3602294921875
08102025RollingResistanceTestP3.parquet,-3.53,559.0,683.0,3184.0,19.80000114440918,88.20000457763672,0.0399932861328125,2.0198628902435303,88.20000457763672,0.0,1746.3602294921875
08102025RollingResistanceTestP3.parquet,-3.52,556.0,683.0,3184.0,19.899999618530273,88.20000457763672,0.0399932861328125,2.0097129344940186,88.20000457763672,0.0,1755.1800537109375
08102025RollingResistanceTestP3.parquet,-3.51,556.0,683.0,3079.0,19.899999618530273,88.20000457763672,0.0399932861328125,2.0097129344940186,88.20000457763672,0.0,1755.1800537109375
08102025RollingResistanceTestP3.parquet,-3.5,556.0,683.0,3079.0,19.899999618530273,88.20000457763672,0.0399932861328125,2.0097129344940186,88.20000457763672,0.0,1755.1800537109375
08102025RollingResistanceTestP3.parquet,-3.49,556.0,683.0,3079.0,19.899999618530273,88.20000457763672,0.0399932861328125,2.0097129344940186,88.20000457763672,0.0,1755.1800537109375
08102025RollingResistanceTestP3.parquet,-3.48,558.0,683.0,3079.0,19.700000762939453,88.20000457763672,0.0399932861328125,2.030116081237793,88.20000457763672,0.0,1737.5401611328125
08102025RollingResistanceTestP3.parquet,-3.47,558.0,683.0,3085.0,19.700000762939453,88.20000457763672,0.0399932861328125,2.030116081237793,88.20000457763672,0.0,1737.5401611328125
08102025RollingResistanceTestP3.parquet,-3.46,571.0,683.0,3085.0,19.700000762939453,88.20000457763672,0.0399932861328125,2.030116081237793,88.20000457763672,0.0,1737.5401611328125
08102025RollingResistanceTestP3.parquet,-3.45,571.0,683.0,3085.0,19.700000762939453,88.20000457763672,0.0399932861328125,2.030116081237793,88.20000457763672,0.0,1737.5401611328125
08102025RollingResistanceTestP3.parquet,-3.44,569.0,683.0,3085.0,19.80000114440918,88.20000457763672,0.0399932861328125,2.0198628902435303,88.20000457763672,0.0,1746.3602294921875
08102025RollingResistanceTestP3.parquet,-3.43,569.0,680.0,3052.0,19.80000114440918,88.20000457763672,0.0399932861328125,2.0198628902435303,88.20000457763672,0.0,1746.3602294921875
08102025RollingResistanceTestP3.parquet,-3.42,569.0,680.0,3052.0,19.80000114440918,88.20000457763672,0.0399932861328125,2.0198628902435303,88.20000457763672,0.0,1746.3602294921875
08102025RollingResistanceTestP3.parquet,-3.41,569.0,680.0,3052.0,19.80000114440918,88.20000457763672,0.0399932861328125,2.0198628902435303,88.20000457763672,0.0,1746.3602294921875
08102025RollingResistanceTestP3.parquet,-3.4,569.0,680.0,3052.0,19.80000114440918,88.20000457763672,0.0399932861328125,2.0198628902435303,88.20000457763672,0.0,1746.3602294921875
08102025RollingResistanceTestP3.parquet,-3.39,572.0,680.0,2886.0,19.80000114440918,88.20000457763672,0.0399932861328125,2.0198628902435303,88.20000457763672,0.0,1746.3602294921875
08102025RollingResistanceTestP3.parquet,-3.38,572.0,680.0,2886.0,19.80000114440918,88.20000457763672,0.0399932861328125,2.0198628902435303,88.20000457763672,0.0,1746.3602294921875
08102025RollingResistanceTestP3.parquet,-3.37,576.0,680.0,2886.0,19.80000114440918,88.20000457763672,0.0399932861328125,2.0198628902435303,88.20000457763672,0.0,1746.3602294921875
08102025RollingResistanceTestP3.parquet,-3.36,576.0,680.0,2886.0,19.700000762939453,88.20000457763672,0.0399932861328125,2.030116081237793,88.20000457763672,0.0,1737.5401611328125
08102025RollingResistanceTestP3.parquet,-3.35,574.0,680.0,2870.0,19.700000762939453,88.20000457763672,0.0399932861328125,2.030116081237793,88.20000457763672,0.0,1737.5401611328125
08102025RollingResistanceTestP3.parquet,-3.34,574.0,683.0,2870.0,19.700000762939453,88.20000457763672,0.0399932861328125,2.030116081237793,88.20000457763672,0.0,1737.5401611328125
08102025RollingResistanceTestP3.parquet,-3.33,574.0,683.0,2870.0,19.700000762939453,88.20000457763672,0.0399932861328125,2.030116081237793,88.20000457763672,0.0,1737.5401611328125
08102025RollingResistanceTestP3.parquet,-3.32,574.0,683.0,2870.0,19.399999618530273,88.20000457763672,0.0399932861328125,2.061509609222412,88.20000457763672,0.0,1711.080078125
08102025RollingResistanceTestP3.parquet,-3.31,580.0,683.0,3145.0,19.399999618530273,88.20000457763672,0.0399932861328125,2.061509609222412,88.20000457763672,0.0,1711.080078125
08102025RollingResistanceTestP3.parquet,-3.3,580.0,683.0,3145.0,19.399999618530273,88.20000457763672,0.0399932861328125,2.061509609222412,88.20000457763672,0.0,1711.080078125
08102025RollingResistanceTestP3.parquet,-3.29,574.0,683.0,3145.0,19.399999618530273,88.20000457763672,0.0399932861328125,2.061509609222412,88.20000457763672,0.0,1711.080078125
08102025RollingResistanceTestP3.parquet,-3.28,574.0,683.0,3145.0,19.700000762939453,88.0999984741211,0.1399993896484375,7.106567859649658,88.0999984741211,-0.100006103515625,1735.570068359375
08102025RollingResistanceTestP3.parquet,-3.27,574.0,683.0,3229.0,19.700000762939453,88.0999984741211,0.1399993896484375,7.106567859649658,88.0999984741211,0.0,1735.570068359375
08102025RollingResistanceTestP3.parquet,-3.26,574.0,683.0,3229.0,19.700000762939453,88.0999984741211,0.1399993896484375,7.106567859649658,88.0999984741211,0.0,1735.570068359375
08102025RollingResistanceTestP3.parquet,-3.25,585.0,683.0,3229.0,19.700000762939453,88.0999984741211,0.1399993896484375,7.106567859649658,88.0999984741211,0.0,1735.570068359375
08102025RollingResistanceTestP3.parquet,-3.24,585.0,683.0,3229.0,20.200000762939453,88.20000457763672,0.0399932861328125,1.979865550994873,88.0999984741211,0.100006103515625,1781.64013671875
08102025RollingResistanceTestP3.parquet,-3.23,585.0,683.0,3229.0,20.200000762939453,88.20000457763672,0.0399932861328125,1.979865550994873,88.0999984741211,0.0,1781.64013671875
08102025RollingResistanceTestP3.parquet,-3.22,585.0,683.0,3229.0,20.200000762939453,88.20000457763672,0.0399932861328125,1.979865550994873,88.0999984741211,0.0,1781.64013671875
08102025RollingResistanceTestP3.parquet,-3.21,585.0,683.0,3229.0,20.200000762939453,88.20000457763672,0.0399932861328125,1.979865550994873,88.0999984741211,0.0,1781.64013671875
08102025RollingResistanceTestP3.parquet,-3.2,577.0,683.0,3229.0,20.200000762939453,88.20000457763672,0.0399932861328125,1.979865550994873,88.0999984741211,0.0,1781.64013671875
08102025RollingResistanceTestP3.parquet,-3.19,577.0,683.0,3105.0,20.399999618530273,88.20000457763672,0.0399932861328125,1.9604551792144775,88.0999984741211,0.0,1799.280029296875
08102025RollingResistanceTestP3.parquet,-3.18,580.0,683.0,3105.0,20.399999618530273,88.20000457763672,0.0399932861328125,1.9604551792144775,88.0999984741211,0.0,1799.280029296875
08102025RollingResistanceTestP3.parquet,-3.17,580.0,683.0,3105.0,20.399999618530273,88.20000457763672,0.0399932861328125,1.9604551792144775,88.0999984741211,0.0,1799.280029296875
08102025RollingResistanceTestP3.parquet,-3.16,588.0,683.0,3105.0,20.399999618530273,88.20000457763672,0.0399932861328125,1.9604551792144775,88.0999984741211,0.0,1799.280029296875
08102025RollingResistanceTestP3.parquet,-3.15,588.0,683.0,3122.0,20.5,88.20000457763672,0.0399932861328125,1.9508920907974243,88.0999984741211,0.0,1808.10009765625
08102025RollingResistanceTestP3.parquet,-3.14,591.0,688.0,3122.0,20.5,88.20000457763672,0.0399932861328125,1.9508920907974243,88.0999984741211,0.0,1808.10009765625
08102025RollingResistanceTestP3.parquet,-3.13,591.0,688.0,3122.0,20.5,88.20000457763672,0.0399932861328125,1.9508920907974243,88.0999984741211,0.0,1808.10009765625
08102025RollingResistanceTestP3.parquet,-3.12,589.0,688.0,3122.0,20.5,88.20000457763672,0.0399932861328125,1.9508920907974243,88.0999984741211,0.0,1808.10009765625
08102025RollingResistanceTestP3.parquet,-3.11,589.0,688.0,3154.0,20.5,88.0999984741211,0.1399993896484375,6.829238414764404,88.0999984741211,-0.100006103515625,1806.0499267578125
08102025RollingResistanceTestP3.parquet,-3.1,589.0,688.0,3154.0,20.5,88.0999984741211,0.1399993896484375,6.829238414764404,88.0999984741211,0.0,1806.0499267578125
08102025RollingResistanceTestP3.parquet,-3.09,598.0,688.0,3154.0,20.5,88.0999984741211,0.1399993896484375,6.829238414764404,88.0999984741211,0.0,1806.0499267578125
08102025RollingResistanceTestP3.parquet,-3.08,598.0,688.0,3154.0,20.5,88.0999984741211,0.1399993896484375,6.829238414764404,88.0999984741211,0.0,1806.0499267578125
08102025RollingResistanceTestP3.parquet,-3.07,593.0,688.0,2785.0,20.700000762939453,88.0999984741211,0.1399993896484375,6.7632551193237305,88.0999984741211,0.0,1823.6700439453125
08102025RollingResistanceTestP3.parquet,-3.06,593.0,688.0,2785.0,20.700000762939453,88.0999984741211,0.1399993896484375,6.7632551193237305,88.0999984741211,0.0,1823.6700439453125
08102025RollingResistanceTestP3.parquet,-3.05,595.0,688.0,2785.0,20.700000762939453,88.0999984741211,0.1399993896484375,6.7632551193237305,88.0999984741211,0.0,1823.6700439453125
08102025RollingResistanceTestP3.parquet,-3.04,595.0,688.0,2763.0,20.700000762939453,88.0999984741211,0.1399993896484375,6.7632551193237305,88.0999984741211,0.0,1823.6700439453125
08102025RollingResistanceTestP3.parquet,-3.03,595.0,688.0,2763.0,20.700000762939453,88.0999984741211,0.1399993896484375,6.7632551193237305,88.0999984741211,0.0,1823.6700439453125
08102025RollingResistanceTestP3.parquet,-3.02,595.0,688.0,2763.0,20.700000762939453,88.0999984741211,0.1399993896484375,6.7632551193237305,88.0999984741211,0.0,1823.6700439453125
08102025RollingResistanceTestP3.parquet,-3.01,609.0,688.0,2763.0,20.700000762939453,88.0999984741211,0.1399993896484375,6.7632551193237305,88.0999984741211,0.0,1823.6700439453125
08102025RollingResistanceTestP3.parquet,-3.0,609.0,688.0,2763.0,20.700000762939453,88.0999984741211,0.1399993896484375,6.7632551193237305,88.0999984741211,0.0,1823.6700439453125
08102025RollingResistanceTestP3.parquet,-2.99,609.0,688.0,2802.0,19.899999618530273,88.0999984741211,0.1399993896484375,7.0351457595825195,88.0999984741211,0.0,1753.18994140625
08102025RollingResistanceTestP3.parquet,-2.98,601.0,688.0,2802.0,19.899999618530273,88.0999984741211,0.1399993896484375,7.0351457595825195,88.0999984741211,0.0,1753.18994140625
08102025RollingResistanceTestP3.parquet,-2.97,601.0,688.0,2802.0,19.899999618530273,88.0999984741211,0.1399993896484375,7.0351457595825195,88.0999984741211,0.0,1753.18994140625
08102025RollingResistanceTestP3.parquet,-2.96,605.0,688.0,2802.0,19.899999618530273,88.0999984741211,0.1399993896484375,7.0351457595825195,88.0999984741211,0.0,1753.18994140625
08102025RollingResistanceTestP3.parquet,-2.95,605.0,688.0,2834.0,19.899999618530273,88.20000457763672,0.0399932861328125,2.0097129344940186,88.0999984741211,0.100006103515625,1755.1800537109375
08102025RollingResistanceTestP3.parquet,-2.94,616.0,661.0,2834.0,19.899999618530273,88.20000457763672,0.0399932861328125,2.0097129344940186,88.0999984741211,0.0,1755.1800537109375
08102025RollingResistanceTestP3.parquet,-2.93,616.0,661.0,2834.0,19.899999618530273,88.20000457763672,0.0399932861328125,2.0097129344940186,88.0999984741211,0.0,1755.1800537109375
08102025RollingResistanceTestP3.parquet,-2.92,609.0,661.0,2834.0,19.899999618530273,88.20000457763672,0.0399932861328125,2.0097129344940186,88.0999984741211,0.0,1755.1800537109375
08102025RollingResistanceTestP3.parquet,-2.91,609.0,661.0,2815.0,19.80000114440918,88.0999984741211,0.1399993896484375,7.070675849914551,88.0999984741211,-0.100006103515625,1744.380126953125
08102025RollingResistanceTestP3.parquet,-2.9,609.0,661.0,2815.0,19.80000114440918,88.0999984741211,0.1399993896484375,7.070675849914551,88.0999984741211,0.0,1744.380126953125
08102025RollingResistanceTestP3.parquet,-2.89,609.0,661.0,2815.0,19.80000114440918,88.0999984741211,0.1399993896484375,7.070675849914551,88.0999984741211,0.0,1744.380126953125
08102025RollingResistanceTestP3.parquet,-2.88,613.0,661.0,2815.0,19.80000114440918,88.0999984741211,0.1399993896484375,7.070675849914551,88.0999984741211,0.0,1744.380126953125
08102025RollingResistanceTestP3.parquet,-2.87,613.0,661.0,2817.0,19.80000114440918,88.0999984741211,0.1399993896484375,7.070675849914551,88.0999984741211,0.0,1744.380126953125
08102025RollingResistanceTestP3.parquet,-2.86,613.0,661.0,2817.0,19.700000762939453,88.0999984741211,0.1399993896484375,7.106567859649658,88.0999984741211,0.0,1735.570068359375
08102025RollingResistanceTestP3.parquet,-2.85,621.0,661.0,2817.0,19.700000762939453,88.0999984741211,0.1399993896484375,7.106567859649658,88.0999984741211,0.0,1735.570068359375
08102025RollingResistanceTestP3.parquet,-2.84,621.0,661.0,2764.0,19.700000762939453,88.0999984741211,0.1399993896484375,7.106567859649658,88.0999984741211,0.0,1735.570068359375
08102025RollingResistanceTestP3.parquet,-2.83,621.0,661.0,2764.0,19.700000762939453,88.0999984741211,0.1399993896484375,7.106567859649658,88.0999984741211,0.0,1735.570068359375
08102025RollingResistanceTestP3.parquet,-2.82,621.0,661.0,2764.0,19.600000381469727,88.0999984741211,0.1399993896484375,7.142826080322266,88.0999984741211,0.0,1726.760009765625
08102025RollingResistanceTestP3.parquet,-2.81,622.0,661.0,2764.0,19.600000381469727,88.0999984741211,0.1399993896484375,7.142826080322266,88.0999984741211,0.0,1726.760009765625
08102025RollingResistanceTestP3.parquet,-2.8,622.0,661.0,2764.0,19.600000381469727,88.0999984741211,0.1399993896484375,7.142826080322266,88.0999984741211,0.0,1726.760009765625
08102025RollingResistanceTestP3.parquet,-2.79,621.0,661.0,2754.0,19.600000381469727,88.0999984741211,0.1399993896484375,7.142826080322266,88.0999984741211,0.0,1726.760009765625
08102025RollingResistanceTestP3.parquet,-2.78,621.0,661.0,2754.0,19.700000762939453,88.0999984741211,0.1399993896484375,7.106567859649658,88.0999984741211,0.0,1735.570068359375
08102025RollingResistanceTestP3.parquet,-2.77,619.0,661.0,2754.0,19.700000762939453,88.0999984741211,0.1399993896484375,7.106567859649658,88.0999984741211,0.0,1735.570068359375
08102025RollingResistanceTestP3.parquet,-2.76,619.0,661.0,2754.0,19.700000762939453,88.0999984741211,0.1399993896484375,7.106567859649658,88.0999984741211,0.0,1735.570068359375
08102025RollingResistanceTestP3.parquet,-2.75,619.0,661.0,2756.0,19.700000762939453,88.0999984741211,0.1399993896484375,7.106567859649658,88.0999984741211,0.0,1735.570068359375
08102025RollingResistanceTestP3.parquet,-2.74,619.0,661.0,2602.0,19.700000762939453,88.0999984741211,0.1399993896484375,7.106567859649658,88.0999984741211,0.0,1735.570068359375
08102025RollingResistanceTestP3.parquet,-2.73,619.0,661.0,2602.0,19.700000762939453,88.0999984741211,0.1399993896484375,7.106567859649658,88.0999984741211,0.0,1735.570068359375
08102025RollingResistanceTestP3.parquet,-2.72,641.0,661.0,2602.0,19.200000762939453,88.0999984741211,0.1399993896484375,7.291634559631348,88.0999984741211,0.0,1691.52001953125
08102025RollingResistanceTestP3.parquet,-2.71,641.0,661.0,2602.0,19.200000762939453,88.0999984741211,0.1399993896484375,7.291634559631348,88.0999984741211,0.0,1691.52001953125
08102025RollingResistanceTestP3.parquet,-2.7,641.0,661.0,2602.0,19.200000762939453,88.0999984741211,0.1399993896484375,7.291634559631348,88.0999984741211,0.0,1691.52001953125
08102025RollingResistanceTestP3.parquet,-2.69,641.0,661.0,2596.0,19.200000762939453,88.0999984741211,0.1399993896484375,7.291634559631348,88.0999984741211,0.0,1691.52001953125
08102025RollingResistanceTestP3.parquet,-2.68,641.0,661.0,2596.0,19.200000762939453,88.0999984741211,0.1399993896484375,7.291634559631348,88.0999984741211,0.0,1691.52001953125
08102025RollingResistanceTestP3.parquet,-2.67,641.0,654.0,2596.0,19.30000114440918,88.0999984741211,0.08998870849609375,4.66262674331665,88.0999984741211,0.0,1700.330078125
08102025RollingResistanceTestP3.parquet,-2.66,641.0,654.0,2596.0,19.30000114440918,88.0999984741211,0.08998870849609375,4.66262674331665,88.0999984741211,0.0,1700.330078125
08102025RollingResistanceTestP3.parquet,-2.65,643.0,654.0,2592.0,19.30000114440918,88.0999984741211,0.08998870849609375,4.66262674331665,88.0999984741211,0.0,1700.330078125
08102025RollingResistanceTestP3.parquet,-2.64,643.0,654.0,2592.0,19.30000114440918,88.0999984741211,0.08998870849609375,4.66262674331665,88.0999984741211,0.0,1700.330078125
08102025RollingResistanceTestP3.parquet,-2.63,651.0,654.0,2592.0,19.100000381469727,88.0999984741211,0.08998870849609375,4.711450576782227,88.0999984741211,0.0,1682.7099609375
08102025RollingResistanceTestP3.parquet,-2.62,651.0,654.0,2577.0,19.100000381469727,88.0999984741211,0.08998870849609375,4.711450576782227,88.0999984741211,0.0,1682.7099609375
08102025RollingResistanceTestP3.parquet,-2.61,653.0,654.0,2577.0,19.100000381469727,88.0999984741211,0.08998870849609375,4.711450576782227,88.0999984741211,0.0,1682.7099609375
08102025RollingResistanceTestP3.parquet,-2.6,653.0,654.0,2577.0,19.100000381469727,88.0999984741211,0.08998870849609375,4.711450576782227,88.0999984741211,0.0,1682.7099609375
08102025RollingResistanceTestP3.parquet,-2.59,642.0,654.0,2577.0,19.200000762939453,88.0999984741211,0.08998870849609375,4.686911582946777,88.0999984741211,0.0,1691.52001953125
08102025RollingResistanceTestP3.parquet,-2.58,642.0,653.0,2592.0,19.200000762939453,88.0999984741211,0.08998870849609375,4.686911582946777,88.0999984741211,0.0,1691.52001953125
08102025RollingResistanceTestP3.parquet,-2.57,652.0,653.0,2592.0,19.200000762939453,88.0999984741211,0.0800018310546875,4.166761875152588,88.0999984741211,0.0,1691.52001953125
08102025RollingResistanceTestP3.parquet,-2.56,652.0,653.0,2592.0,19.200000762939453,88.0999984741211,0.0800018310546875,4.166761875152588,88.0999984741211,0.0,1691.52001953125
08102025RollingResistanceTestP3.parquet,-2.55,655.0,653.0,2592.0,19.100000381469727,88.0999984741211,0.0800018310546875,4.188577651977539,88.0999984741211,0.0,1682.7099609375
08102025RollingResistanceTestP3.parquet,-2.54,657.0,653.0,2590.0,19.100000381469727,88.0999984741211,0.0800018310546875,4.188577651977539,88.0999984741211,0.0,1682.7099609375
08102025RollingResistanceTestP3.parquet,-2.53,657.0,653.0,2590.0,19.100000381469727,88.0999984741211,0.0800018310546875,4.188577651977539,88.0999984741211,0.0,1682.7099609375
08102025RollingResistanceTestP3.parquet,-2.52,657.0,653.0,2590.0,19.100000381469727,88.0999984741211,0.0800018310546875,4.188577651977539,88.0999984741211,0.0,1682.7099609375
08102025RollingResistanceTestP3.parquet,-2.51,657.0,653.0,2590.0,19.200000762939453,88.0999984741211,0.0800018310546875,4.166761875152588,88.0999984741211,0.0,1691.52001953125
08102025RollingResistanceTestP3.parquet,-2.5,654.0,653.0,2584.0,19.200000762939453,88.0999984741211,0.0800018310546875,4.166761875152588,88.0999984741211,0.0,1691.52001953125
08102025RollingResistanceTestP3.parquet,-2.49,657.0,653.0,2584.0,19.200000762939453,88.0999984741211,0.0800018310546875,4.166761875152588,88.0999984741211,0.0,1691.52001953125
08102025RollingResistanceTestP3.parquet,-2.48,657.0,654.0,2584.0,19.200000762939453,88.0999984741211,0.0800018310546875,4.166761875152588,88.0999984741211,0.0,1691.52001953125
08102025RollingResistanceTestP3.parquet,-2.47,657.0,654.0,2584.0,19.200000762939453,88.0999984741211,0.0800018310546875,4.166761875152588,88.0999984741211,0.0,1691.52001953125
08102025RollingResistanceTestP3.parquet,-2.46,660.0,654.0,2571.0,19.200000762939453,88.0999984741211,0.0800018310546875,4.166761875152588,88.0999984741211,0.0,1691.52001953125
08102025RollingResistanceTestP3.parquet,-2.45,660.0,654.0,2571.0,19.200000762939453,88.0999984741211,0.0800018310546875,4.166761875152588,88.0999984741211,0.0,1691.52001953125
08102025RollingResistanceTestP3.parquet,-2.44,656.0,654.0,2571.0,19.200000762939453,88.0999984741211,0.0800018310546875,4.166761875152588,88.0999984741211,0.0,1691.52001953125
08102025RollingResistanceTestP3.parquet,-2.43,656.0,654.0,2571.0,19.200000762939453,88.0999984741211,0.0800018310546875,4.166761875152588,88.0999984741211,0.0,1691.52001953125
08102025RollingResistanceTestP3.parquet,-2.42,668.0,654.0,2592.0,19.200000762939453,88.0999984741211,0.0800018310546875,4.166761875152588,88.0999984741211,0.0,1691.52001953125
08102025RollingResistanceTestP3.parquet,-2.41,668.0,654.0,2592.0,19.200000762939453,88.0999984741211,0.0800018310546875,4.166761875152588,88.0999984741211,0.0,1691.52001953125
08102025RollingResistanceTestP3.parquet,-2.4,664.0,654.0,2592.0,19.200000762939453,88.0999984741211,0.0800018310546875,4.166761875152588,88.0999984741211,0.0,1691.52001953125
08102025RollingResistanceTestP3.parquet,-2.39,664.0,654.0,2592.0,19.200000762939453,88.0999984741211,0.0800018310546875,4.166761875152588,88.0999984741211,0.0,1691.52001953125
08102025RollingResistanceTestP3.parquet,-2.38,664.0,653.0,2565.0,19.399999618530273,88.0999984741211,0.0800018310546875,4.123805999755859,88.0999984741211,0.0,1709.139892578125
08102025RollingResistanceTestP3.parquet,-2.37,664.0,653.0,2565.0,19.399999618530273,88.0999984741211,0.05999755859375,3.0926578044891357,88.0999984741211,0.0,1709.139892578125
08102025RollingResistanceTestP3.parquet,-2.36,664.0,653.0,2565.0,19.399999618530273,88.0999984741211,0.05999755859375,3.0926578044891357,88.0999984741211,0.0,1709.139892578125
08102025RollingResistanceTestP3.parquet,-2.35,662.0,653.0,2565.0,19.399999618530273,88.0999984741211,0.05999755859375,3.0926578044891357,88.0999984741211,0.0,1709.139892578125
08102025RollingResistanceTestP3.parquet,-2.34,676.0,653.0,2573.0,19.200000762939453,88.0999984741211,0.05999755859375,3.1248726844787598,88.0999984741211,0.0,1691.52001953125
08102025RollingResistanceTestP3.parquet,-2.33,676.0,653.0,2573.0,19.200000762939453,88.0999984741211,0.05999755859375,3.1248726844787598,88.0999984741211,0.0,1691.52001953125
08102025RollingResistanceTestP3.parquet,-2.32,676.0,653.0,2573.0,19.200000762939453,88.0999984741211,0.05999755859375,3.1248726844787598,88.0999984741211,0.0,1691.52001953125
08102025RollingResistanceTestP3.parquet,-2.31,671.0,653.0,2573.0,19.200000762939453,88.0999984741211,0.05999755859375,3.1248726844787598,88.0999984741211,0.0,1691.52001953125
08102025RollingResistanceTestP3.parquet,-2.3,671.0,653.0,2565.0,19.5,88.0999984741211,0.05999755859375,3.0767977237701416,88.0999984741211,0.0,1717.949951171875
08102025RollingResistanceTestP3.parquet,-2.29,671.0,653.0,2565.0,19.5,88.0999984741211,0.05999755859375,3.0767977237701416,88.0999984741211,0.0,1717.949951171875
08102025RollingResistanceTestP3.parquet,-2.28,671.0,654.0,2565.0,19.5,88.0999984741211,0.05999755859375,3.0767977237701416,88.0999984741211,0.0,1717.949951171875
08102025RollingResistanceTestP3.parquet,-2.27,678.0,654.0,2565.0,19.5,88.0999984741211,0.04000091552734375,2.0513288974761963,88.0999984741211,0.0,1717.949951171875
08102025RollingResistanceTestP3.parquet,-2.26,678.0,654.0,2545.0,19.30000114440918,88.0,0.1399993896484375,7.253854274749756,88.0,-0.09999847412109375,1698.400146484375
08102025RollingResistanceTestP3.parquet,-2.25,687.0,654.0,2545.0,19.30000114440918,88.0,0.1399993896484375,7.253854274749756,88.0,0.0,1698.400146484375
08102025RollingResistanceTestP3.parquet,-2.24,687.0,654.0,2545.0,19.30000114440918,88.0,0.1399993896484375,7.253854274749756,88.0,0.0,1698.400146484375
08102025RollingResistanceTestP3.parquet,-2.23,687.0,654.0,2545.0,19.30000114440918,88.0,0.1399993896484375,7.253854274749756,88.0,0.0,1698.400146484375
08102025RollingResistanceTestP3.parquet,-2.22,676.0,654.0,2486.0,19.600000381469727,88.0999984741211,0.04000091552734375,2.040863037109375,88.0,0.09999847412109375,1726.760009765625
08102025RollingResistanceTestP3.parquet,-2.21,676.0,654.0,2486.0,19.600000381469727,88.0999984741211,0.04000091552734375,2.040863037109375,88.0,0.0,1726.760009765625
08102025RollingResistanceTestP3.parquet,-2.2,676.0,654.0,2486.0,19.600000381469727,88.0999984741211,0.04000091552734375,2.040863037109375,88.0,0.0,1726.760009765625
08102025RollingResistanceTestP3.parquet,-2.19,676.0,654.0,2486.0,19.600000381469727,88.0999984741211,0.04000091552734375,2.040863037109375,88.0,0.0,1726.760009765625
08102025RollingResistanceTestP3.parquet,-2.18,686.0,635.0,2230.0,19.600000381469727,88.0,0.1399993896484375,7.142826080322266,88.0,-0.09999847412109375,1724.800048828125
08102025RollingResistanceTestP3.parquet,-2.17,686.0,635.0,2230.0,19.600000381469727,88.0,0.1399993896484375,7.142826080322266,88.0,0.0,1724.800048828125
08102025RollingResistanceTestP3.parquet,-2.16,689.0,635.0,2230.0,19.600000381469727,88.0,0.1399993896484375,7.142826080322266,88.0,0.0,1724.800048828125
08102025RollingResistanceTestP3.parquet,-2.15,689.0,635.0,2230.0,19.600000381469727,88.0,0.1399993896484375,7.142826080322266,88.0,0.0,1724.800048828125
08102025RollingResistanceTestP3.parquet,-2.14,683.0,635.0,1687.0,19.600000381469727,88.0,0.1399993896484375,7.142826080322266,88.0,0.0,1724.800048828125
08102025RollingResistanceTestP3.parquet,-2.13,683.0,635.0,1687.0,19.600000381469727,88.0,0.1399993896484375,7.142826080322266,88.0,0.0,1724.800048828125
08102025RollingResistanceTestP3.parquet,-2.12,683.0,635.0,1687.0,19.600000381469727,88.0,0.1399993896484375,7.142826080322266,88.0,0.0,1724.800048828125
08102025RollingResistanceTestP3.parquet,-2.11,684.0,635.0,1687.0,19.600000381469727,88.0,0.1399993896484375,7.142826080322266,88.0,0.0,1724.800048828125
08102025RollingResistanceTestP3.parquet,-2.1,684.0,635.0,1577.0,17.600000381469727,88.20000457763672,-0.06000518798828125,-3.4093856811523438,88.0,0.20000457763671875,1552.320068359375
08102025RollingResistanceTestP3.parquet,-2.09,681.0,635.0,1577.0,17.600000381469727,88.20000457763672,-0.06000518798828125,-3.4093856811523438,88.0,0.0,1552.320068359375
08102025RollingResistanceTestP3.parquet,-2.08,681.0,603.0,1577.0,17.600000381469727,88.20000457763672,-0.06000518798828125,-3.4093856811523438,88.0,0.0,1552.320068359375
08102025RollingResistanceTestP3.parquet,-2.07,691.0,603.0,1577.0,17.600000381469727,88.20000457763672,-0.07000732421875,-3.977689027786255,88.0,0.0,1552.320068359375
08102025RollingResistanceTestP3.parquet,-2.06,691.0,603.0,1517.0,17.600000381469727,88.20000457763672,-0.07000732421875,-3.977689027786255,88.0,0.0,1552.320068359375
08102025RollingResistanceTestP3.parquet,-2.05,691.0,603.0,1517.0,16.600000381469727,88.20000457763672,-0.07000732421875,-4.217308521270752,88.0,0.0,1464.1201171875
08102025RollingResistanceTestP3.parquet,-2.04,682.0,603.0,1517.0,16.600000381469727,88.20000457763672,-0.07000732421875,-4.217308521270752,88.0,0.0,1464.1201171875
08102025RollingResistanceTestP3.parquet,-2.03,682.0,603.0,1517.0,16.600000381469727,88.20000457763672,-0.07000732421875,-4.217308521270752,88.0,0.0,1464.1201171875
08102025RollingResistanceTestP3.parquet,-2.02,690.0,603.0,1566.0,16.600000381469727,88.20000457763672,-0.07000732421875,-4.217308521270752,88.0,0.0,1464.1201171875
08102025RollingResistanceTestP3.parquet,-2.01,690.0,603.0,1566.0,15.600000381469727,88.30000305175781,-0.17000579833984375,-10.897808074951172,88.0,0.09999847412109375,1377.4801025390625
08102025RollingResistanceTestP3.parquet,-2.0,692.0,603.0,1566.0,15.600000381469727,88.30000305175781,-0.17000579833984375,-10.897808074951172,88.0,0.0,1377.4801025390625
08102025RollingResistanceTestP3.parquet,-1.99,692.0,603.0,1566.0,15.600000381469727,88.30000305175781,-0.17000579833984375,-10.897808074951172,88.0,0.0,1377.4801025390625
08102025RollingResistanceTestP3.parquet,-1.98,696.0,611.0,1663.0,15.600000381469727,88.30000305175781,-0.17000579833984375,-10.897808074951172,88.0,0.0,1377.4801025390625
08102025RollingResistanceTestP3.parquet,-1.97,696.0,611.0,1663.0,15.100000381469727,88.20000457763672,-0.07000732421875,-4.636246681213379,88.0,-0.09999847412109375,1331.820068359375
08102025RollingResistanceTestP3.parquet,-1.96,692.0,611.0,1663.0,15.100000381469727,88.20000457763672,-0.07000732421875,-4.636246681213379,88.0,0.0,1331.820068359375
08102025RollingResistanceTestP3.parquet,-1.95,692.0,611.0,1663.0,15.100000381469727,88.20000457763672,-0.07000732421875,-4.636246681213379,88.0,0.0,1331.820068359375
08102025RollingResistanceTestP3.parquet,-1.94,692.0,611.0,1663.0,15.100000381469727,88.20000457763672,-0.07000732421875,-4.636246681213379,88.0,0.0,1331.820068359375
08102025RollingResistanceTestP3.parquet,-1.93,692.0,611.0,1663.0,15.100000381469727,88.20000457763672,-0.07000732421875,-4.636246681213379,88.0,0.0,1331.820068359375
08102025RollingResistanceTestP3.parquet,-1.92,841.0,611.0,1663.0,15.100000381469727,88.20000457763672,-0.07000732421875,-4.636246681213379,88.0,0.0,1331.820068359375
08102025RollingResistanceTestP3.parquet,-1.91,841.0,611.0,6161.0,43.20000076293945,87.0,1.1299972534179688,26.1573429107666,87.0,-1.2000045776367188,3758.400146484375
08102025RollingResistanceTestP3.parquet,-1.9,843.0,611.0,6161.0,43.20000076293945,87.0,1.1299972534179688,26.1573429107666,87.0,0.0,3758.400146484375
08102025RollingResistanceTestP3.parquet,-1.89,843.0,611.0,6161.0,43.20000076293945,87.0,1.1299972534179688,26.1573429107666,87.0,0.0,3758.400146484375
08102025RollingResistanceTestP3.parquet,-1.88,868.0,611.0,6161.0,43.20000076293945,87.0,1.1299972534179688,26.1573429107666,87.0,0.0,3758.400146484375
08102025RollingResistanceTestP3.parquet,-1.87,868.0,611.0,6351.0,45.400001525878906,86.9000015258789,1.2299957275390625,27.092416763305664,86.9000015258789,-0.09999847412109375,3945.26025390625
08102025RollingResistanceTestP3.parquet,-1.86,868.0,866.0,6351.0,45.400001525878906,86.9000015258789,1.2299957275390625,27.092416763305664,86.9000015258789,0.0,3945.26025390625
08102025RollingResistanceTestP3.parquet,-1.85,858.0,866.0,6351.0,45.400001525878906,86.9000015258789,0.30999755859375,6.828139781951904,86.9000015258789,0.0,3945.26025390625
08102025RollingResistanceTestP3.parquet,-1.84,859.0,866.0,6580.0,45.400001525878906,86.9000015258789,0.30999755859375,6.828139781951904,86.9000015258789,0.0,3945.26025390625
08102025RollingResistanceTestP3.parquet,-1.83,859.0,866.0,6580.0,45.400001525878906,86.9000015258789,0.30999755859375,6.828139781951904,86.9000015258789,0.0,3945.26025390625
08102025RollingResistanceTestP3.parquet,-1.82,859.0,866.0,6580.0,45.400001525878906,86.9000015258789,0.30999755859375,6.828139781951904,86.9000015258789,0.0,3945.26025390625
08102025RollingResistanceTestP3.parquet,-1.81,882.0,866.0,6580.0,45.400001525878906,86.9000015258789,0.30999755859375,6.828139781951904,86.9000015258789,0.0,3945.26025390625
08102025RollingResistanceTestP3.parquet,-1.8,882.0,866.0,6580.0,45.400001525878906,86.9000015258789,0.30999755859375,6.828139781951904,86.9000015258789,0.0,3945.26025390625
08102025RollingResistanceTestP3.parquet,-1.79,885.0,866.0,6730.0,50.20000076293945,86.70000457763672,0.5099945068359375,10.159253120422363,86.70000457763672,-0.1999969482421875,4352.34033203125
08102025RollingResistanceTestP3.parquet,-1.78,885.0,866.0,6730.0,50.20000076293945,86.70000457763672,0.5099945068359375,10.159253120422363,86.70000457763672,0.0,4352.34033203125
08102025RollingResistanceTestP3.parquet,-1.77,880.0,888.0,6730.0,50.20000076293945,86.70000457763672,0.5099945068359375,10.159253120422363,86.70000457763672,0.0,4352.34033203125
08102025RollingResistanceTestP3.parquet,-1.76,880.0,888.0,6730.0,50.20000076293945,86.70000457763672,0.5099945068359375,10.159253120422363,86.70000457763672,0.0,4352.34033203125
08102025RollingResistanceTestP3.parquet,-1.75,896.0,888.0,6736.0,52.29999923706055,86.5999984741211,0.26000213623046875,4.971360206604004,86.5999984741211,-0.100006103515625,4529.1796875
08102025RollingResistanceTestP3.parquet,-1.74,904.0,888.0,6736.0,52.29999923706055,86.5999984741211,0.26000213623046875,4.971360206604004,86.5999984741211,0.0,4529.1796875
08102025RollingResistanceTestP3.parquet,-1.73,904.0,888.0,6736.0,52.29999923706055,86.5999984741211,0.26000213623046875,4.971360206604004,86.5999984741211,0.0,4529.1796875
08102025RollingResistanceTestP3.parquet,-1.72,904.0,888.0,6736.0,52.29999923706055,86.5999984741211,0.26000213623046875,4.971360206604004,86.5999984741211,0.0,4529.1796875
08102025RollingResistanceTestP3.parquet,-1.71,904.0,888.0,6770.0,53.900001525878906,86.5999984741211,0.26000213623046875,4.823787212371826,86.5999984741211,0.0,4667.740234375
08102025RollingResistanceTestP3.parquet,-1.7,902.0,888.0,6770.0,53.900001525878906,86.5999984741211,0.26000213623046875,4.823787212371826,86.5999984741211,0.0,4667.740234375
08102025RollingResistanceTestP3.parquet,-1.69,902.0,888.0,6770.0,53.900001525878906,86.5999984741211,0.26000213623046875,4.823787212371826,86.5999984741211,0.0,4667.740234375
08102025RollingResistanceTestP3.parquet,-1.68,916.0,888.0,6770.0,53.900001525878906,86.5999984741211,0.26000213623046875,4.823787212371826,86.5999984741211,0.0,4667.740234375
08102025RollingResistanceTestP3.parquet,-1.67,916.0,888.0,6784.0,55.60000228881836,86.5,0.3600006103515625,6.474830627441406,86.5,-0.09999847412109375,4809.400390625
08102025RollingResistanceTestP3.parquet,-1.66,925.0,889.0,6784.0,55.60000228881836,86.5,0.3600006103515625,6.474830627441406,86.5,0.0,4809.400390625
08102025RollingResistanceTestP3.parquet,-1.65,925.0,889.0,6784.0,55.60000228881836,86.5,0.3600006103515625,6.474830627441406,86.5,0.0,4809.400390625
08102025RollingResistanceTestP3.parquet,-1.64,932.0,889.0,6784.0,57.400001525878906,86.4000015258789,0.45999908447265625,8.013920783996582,86.4000015258789,-0.09999847412109375,4959.3603515625
08102025RollingResistanceTestP3.parquet,-1.63,932.0,889.0,6784.0,57.400001525878906,86.4000015258789,0.45999908447265625,8.013920783996582,86.4000015258789,0.0,4959.3603515625
08102025RollingResistanceTestP3.parquet,-1.62,933.0,889.0,6784.0,57.400001525878906,86.4000015258789,0.45999908447265625,8.013920783996582,86.4000015258789,0.0,4959.3603515625
08102025RollingResistanceTestP3.parquet,-1.61,933.0,889.0,6784.0,57.400001525878906,86.4000015258789,0.45999908447265625,8.013920783996582,86.4000015258789,0.0,4959.3603515625
08102025RollingResistanceTestP3.parquet,-1.6,946.0,889.0,6784.0,57.400001525878906,86.4000015258789,0.45999908447265625,8.013920783996582,86.4000015258789,0.0,4959.3603515625
08102025RollingResistanceTestP3.parquet,-1.59,946.0,889.0,6854.0,57.400001525878906,86.4000015258789,0.45999908447265625,8.013920783996582,86.4000015258789,0.0,4959.3603515625
08102025RollingResistanceTestP3.parquet,-1.58,953.0,889.0,6854.0,58.0,86.30000305175781,0.55999755859375,9.655130386352539,86.30000305175781,-0.09999847412109375,5005.400390625
08102025RollingResistanceTestP3.parquet,-1.57,953.0,896.0,6854.0,58.0,86.30000305175781,0.55999755859375,9.655130386352539,86.30000305175781,0.0,5005.400390625
08102025RollingResistanceTestP3.parquet,-1.56,952.0,896.0,6854.0,58.0,86.30000305175781,0.55999755859375,9.655130386352539,86.30000305175781,0.0,5005.400390625
08102025RollingResistanceTestP3.parquet,-1.55,952.0,896.0,7011.0,58.0,86.30000305175781,0.26999664306640625,4.65511417388916,86.30000305175781,0.0,5005.400390625
08102025RollingResistanceTestP3.parquet,-1.54,957.0,896.0,7011.0,59.20000076293945,86.30000305175781,0.26999664306640625,4.560754299163818,86.30000305175781,0.0,5108.96044921875
08102025RollingResistanceTestP3.parquet,-1.53,957.0,896.0,7011.0,59.20000076293945,86.30000305175781,0.26999664306640625,4.560754299163818,86.30000305175781,0.0,5108.96044921875
08102025RollingResistanceTestP3.parquet,-1.52,970.0,896.0,7011.0,59.20000076293945,86.30000305175781,0.26999664306640625,4.560754299163818,86.30000305175781,0.0,5108.96044921875
08102025RollingResistanceTestP3.parquet,-1.51,970.0,896.0,7194.0,59.20000076293945,86.30000305175781,0.26999664306640625,4.560754299163818,86.30000305175781,0.0,5108.96044921875
08102025RollingResistanceTestP3.parquet,-1.5,970.0,896.0,7194.0,61.20000076293945,86.20000457763672,0.3699951171875,6.045671463012695,86.20000457763672,-0.09999847412109375,5275.4404296875
08102025RollingResistanceTestP3.parquet,-1.49,971.0,896.0,7194.0,61.20000076293945,86.20000457763672,0.3699951171875,6.045671463012695,86.20000457763672,0.0,5275.4404296875
08102025RollingResistanceTestP3.parquet,-1.48,971.0,896.0,7194.0,61.20000076293945,86.20000457763672,0.3699951171875,6.045671463012695,86.20000457763672,0.0,5275.4404296875
08102025RollingResistanceTestP3.parquet,-1.47,984.0,896.0,7201.0,61.20000076293945,86.20000457763672,0.3699951171875,6.045671463012695,86.20000457763672,0.0,5275.4404296875
08102025RollingResistanceTestP3.parquet,-1.46,984.0,913.0,7201.0,62.70000076293945,86.0999984741211,0.470001220703125,7.496031761169434,86.0999984741211,-0.100006103515625,5398.4697265625
08102025RollingResistanceTestP3.parquet,-1.45,992.0,913.0,7201.0,62.70000076293945,86.0999984741211,0.470001220703125,7.496031761169434,86.0999984741211,0.0,5398.4697265625
08102025RollingResistanceTestP3.parquet,-1.44,992.0,913.0,7287.0,62.70000076293945,86.0999984741211,0.470001220703125,7.496031761169434,86.0999984741211,0.0,5398.4697265625
08102025RollingResistanceTestP3.parquet,-1.43,992.0,913.0,7287.0,62.70000076293945,86.0999984741211,0.470001220703125,7.496031761169434,86.0999984741211,0.0,5398.4697265625
08102025RollingResistanceTestP3.parquet,-1.42,992.0,913.0,7287.0,64.20000457763672,86.0999984741211,0.470001220703125,7.3208909034729,86.0999984741211,0.0,5527.6201171875
08102025RollingResistanceTestP3.parquet,-1.41,1006.0,913.0,7287.0,64.20000457763672,86.0999984741211,0.470001220703125,7.3208909034729,86.0999984741211,0.0,5527.6201171875
08102025RollingResistanceTestP3.parquet,-1.4,1006.0,913.0,7287.0,64.20000457763672,86.0999984741211,0.470001220703125,7.3208909034729,86.0999984741211,0.0,5527.6201171875
08102025RollingResistanceTestP3.parquet,-1.39,1006.0,913.0,7785.0,64.20000457763672,86.0999984741211,0.470001220703125,7.3208909034729,86.0999984741211,0.0,5527.6201171875
08102025RollingResistanceTestP3.parquet,-1.38,1010.0,913.0,7785.0,65.70000457763672,85.9000015258789,0.6699981689453125,10.197840690612793,85.9000015258789,-0.1999969482421875,5643.63037109375
08102025RollingResistanceTestP3.parquet,-1.37,1010.0,954.0,7785.0,65.70000457763672,85.9000015258789,0.6699981689453125,10.197840690612793,85.9000015258789,0.0,5643.63037109375
08102025RollingResistanceTestP3.parquet,-1.36,1028.0,954.0,7785.0,65.70000457763672,85.9000015258789,0.6699981689453125,10.197840690612793,85.9000015258789,0.0,5643.63037109375
08102025RollingResistanceTestP3.parquet,-1.35,1028.0,954.0,8035.0,65.70000457763672,85.9000015258789,0.3599853515625,5.479228496551514,85.9000015258789,0.0,5643.63037109375
08102025RollingResistanceTestP3.parquet,-1.34,1033.0,954.0,8035.0,68.70000457763672,85.80000305175781,0.45998382568359375,6.695542812347412,85.80000305175781,-0.09999847412109375,5894.46044921875
08102025RollingResistanceTestP3.parquet,-1.33,1033.0,954.0,8035.0,68.70000457763672,85.80000305175781,0.45998382568359375,6.695542812347412,85.80000305175781,0.0,5894.46044921875
08102025RollingResistanceTestP3.parquet,-1.32,1037.0,954.0,8035.0,68.70000457763672,85.80000305175781,0.45998382568359375,6.695542812347412,85.80000305175781,0.0,5894.46044921875
08102025RollingResistanceTestP3.parquet,-1.31,1037.0,954.0,8029.0,68.70000457763672,85.80000305175781,0.45998382568359375,6.695542812347412,85.80000305175781,0.0,5894.46044921875
08102025RollingResistanceTestP3.parquet,-1.3,1048.0,954.0,8029.0,68.70000457763672,85.80000305175781,0.45998382568359375,6.695542812347412,85.80000305175781,0.0,5894.46044921875
08102025RollingResistanceTestP3.parquet,-1.29,1048.0,954.0,8029.0,72.4000015258789,85.5999984741211,0.6599884033203125,9.115861892700195,85.5999984741211,-0.20000457763671875,6197.43994140625
08102025RollingResistanceTestP3.parquet,-1.28,1054.0,954.0,8029.0,72.4000015258789,85.5999984741211,0.6599884033203125,9.115861892700195,85.5999984741211,0.0,6197.43994140625
08102025RollingResistanceTestP3.parquet,-1.27,1054.0,954.0,8048.0,72.4000015258789,85.5999984741211,0.6599884033203125,9.115861892700195,85.5999984741211,0.0,6197.43994140625
08102025RollingResistanceTestP3.parquet,-1.26,1054.0,957.0,8048.0,72.4000015258789,85.5999984741211,0.6599884033203125,9.115861892700195,85.5999984741211,0.0,6197.43994140625
08102025RollingResistanceTestP3.parquet,-1.25,1054.0,957.0,8048.0,74.9000015258789,85.5,0.31999969482421875,4.2723588943481445,85.5,-0.09999847412109375,6403.9501953125
08102025RollingResistanceTestP3.parquet,-1.24,1054.0,957.0,8046.0,74.9000015258789,85.5,0.31999969482421875,4.2723588943481445,85.5,0.0,6403.9501953125
08102025RollingResistanceTestP3.parquet,-1.23,1054.0,957.0,8046.0,74.9000015258789,85.5,0.31999969482421875,4.2723588943481445,85.5,0.0,6403.9501953125
08102025RollingResistanceTestP3.parquet,-1.22,1054.0,957.0,8046.0,74.9000015258789,85.5,0.31999969482421875,4.2723588943481445,85.5,0.0,6403.9501953125
08102025RollingResistanceTestP3.parquet,-1.21,1054.0,957.0,8046.0,77.4000015258789,85.5,0.31999969482421875,4.134363174438477,85.5,0.0,6617.7001953125
08102025RollingResistanceTestP3.parquet,-1.2,1079.0,957.0,8046.0,77.4000015258789,85.5,0.31999969482421875,4.134363174438477,85.5,0.0,6617.7001953125
08102025RollingResistanceTestP3.parquet,-1.19,1079.0,957.0,8061.0,77.4000015258789,85.5,0.31999969482421875,4.134363174438477,85.5,0.0,6617.7001953125
08102025RollingResistanceTestP3.parquet,-1.18,1094.0,957.0,8061.0,77.4000015258789,85.5,0.31999969482421875,4.134363174438477,85.5,0.0,6617.7001953125
08102025RollingResistanceTestP3.parquet,-1.17,1094.0,959.0,8061.0,78.70000457763672,85.4000015258789,0.4199981689453125,5.336698055267334,85.4000015258789,-0.09999847412109375,6720.98046875
08102025RollingResistanceTestP3.parquet,-1.16,1097.0,959.0,8061.0,78.70000457763672,85.4000015258789,0.4199981689453125,5.336698055267334,85.4000015258789,0.0,6720.98046875
08102025RollingResistanceTestP3.parquet,-1.15,1097.0,959.0,8061.0,78.70000457763672,85.4000015258789,0.4199981689453125,5.336698055267334,85.4000015258789,0.0,6720.98046875
08102025RollingResistanceTestP3.parquet,-1.14,1097.0,959.0,8061.0,78.70000457763672,85.4000015258789,0.4199981689453125,5.336698055267334,85.4000015258789,0.0,6720.98046875
08102025RollingResistanceTestP3.parquet,-1.13,1235.0,959.0,8061.0,78.70000457763672,85.4000015258789,0.4199981689453125,5.336698055267334,85.4000015258789,0.0,6720.98046875
08102025RollingResistanceTestP3.parquet,-1.12,1235.0,959.0,7985.0,89.70000457763672,84.80000305175781,1.0199966430664062,11.371198654174805,84.80000305175781,-0.5999984741210938,7606.560546875
08102025RollingResistanceTestP3.parquet,-1.11,1235.0,959.0,7985.0,89.70000457763672,84.80000305175781,1.0199966430664062,11.371198654174805,84.80000305175781,0.0,7606.560546875
08102025RollingResistanceTestP3.parquet,-1.1,1248.0,959.0,7985.0,89.70000457763672,84.80000305175781,1.0199966430664062,11.371198654174805,84.80000305175781,0.0,7606.560546875
08102025RollingResistanceTestP3.parquet,-1.09,1248.0,959.0,7985.0,89.70000457763672,84.80000305175781,1.0199966430664062,11.371198654174805,84.80000305175781,0.0,7606.560546875
08102025RollingResistanceTestP3.parquet,-1.08,1263.0,972.0,8286.0,90.0,84.80000305175781,1.0199966430664062,11.333295822143555,84.80000305175781,0.0,7632.00048828125
08102025RollingResistanceTestP3.parquet,-1.07,1263.0,972.0,8286.0,90.0,84.80000305175781,0.279998779296875,3.111097574234009,84.80000305175781,0.0,7632.00048828125
08102025RollingResistanceTestP3.parquet,-1.06,1264.0,972.0,8286.0,90.0,84.80000305175781,0.279998779296875,3.111097574234009,84.80000305175781,0.0,7632.00048828125
08102025RollingResistanceTestP3.parquet,-1.05,1264.0,972.0,8286.0,90.0,84.80000305175781,0.279998779296875,3.111097574234009,84.80000305175781,0.0,7632.00048828125
08102025RollingResistanceTestP3.parquet,-1.04,1277.0,972.0,8336.0,92.20000457763672,84.5999984741211,0.48000335693359375,5.206110000610352,84.5999984741211,-0.20000457763671875,7800.1201171875
08102025RollingResistanceTestP3.parquet,-1.03,1277.0,972.0,8336.0,92.20000457763672,84.5999984741211,0.48000335693359375,5.206110000610352,84.5999984741211,0.0,7800.1201171875
08102025RollingResistanceTestP3.parquet,-1.02,1279.0,972.0,8336.0,92.20000457763672,84.5999984741211,0.48000335693359375,5.206110000610352,84.5999984741211,0.0,7800.1201171875
08102025RollingResistanceTestP3.parquet,-1.01,1279.0,972.0,8336.0,92.20000457763672,84.5999984741211,0.48000335693359375,5.206110000610352,84.5999984741211,0.0,7800.1201171875
08102025RollingResistanceTestP3.parquet,-1.0,1298.0,972.0,8319.0,94.20000457763672,84.5,0.5800018310546875,6.157131671905518,84.5,-0.09999847412109375,7959.900390625
08102025RollingResistanceTestP3.parquet,-0.99,1298.0,972.0,8319.0,94.20000457763672,84.5,0.5800018310546875,6.157131671905518,84.5,0.0,7959.900390625
08102025RollingResistanceTestP3.parquet,-0.98,1317.0,975.0,8319.0,94.20000457763672,84.5,0.5800018310546875,6.157131671905518,84.5,0.0,7959.900390625
08102025RollingResistanceTestP3.parquet,-0.97,1317.0,975.0,8319.0,94.20000457763672,84.5,0.20999908447265625,2.2292895317077637,84.5,0.0,7959.900390625
08102025RollingResistanceTestP3.parquet,-0.96,1317.0,975.0,8390.0,96.5,84.30000305175781,0.40999603271484375,4.248663902282715,84.30000305175781,-0.1999969482421875,8134.9501953125
08102025RollingResistanceTestP3.parquet,-0.95,1355.0,975.0,8390.0,96.5,84.30000305175781,0.40999603271484375,4.248663902282715,84.30000305175781,0.0,8134.9501953125
08102025RollingResistanceTestP3.parquet,-0.94,1355.0,975.0,8390.0,96.5,84.30000305175781,0.40999603271484375,4.248663902282715,84.30000305175781,0.0,8134.9501953125
08102025RollingResistanceTestP3.parquet,-0.93,1355.0,975.0,8390.0,96.5,84.30000305175781,0.40999603271484375,4.248663902282715,84.30000305175781,0.0,8134.9501953125
08102025RollingResistanceTestP3.parquet,-0.92,1355.0,975.0,8459.0,98.30000305175781,84.30000305175781,0.40999603271484375,4.170865058898926,84.30000305175781,0.0,8286.6904296875
08102025RollingResistanceTestP3.parquet,-0.91,1315.0,975.0,8459.0,98.30000305175781,84.30000305175781,0.40999603271484375,4.170865058898926,84.30000305175781,0.0,8286.6904296875
08102025RollingResistanceTestP3.parquet,-0.9,1315.0,975.0,8459.0,98.30000305175781,84.30000305175781,0.40999603271484375,4.170865058898926,84.30000305175781,0.0,8286.6904296875
08102025RollingResistanceTestP3.parquet,-0.89,1345.0,975.0,8459.0,98.30000305175781,84.30000305175781,0.40999603271484375,4.170865058898926,84.30000305175781,0.0,8286.6904296875
08102025RollingResistanceTestP3.parquet,-0.88,1345.0,994.0,8799.0,99.9000015258789,84.20000457763672,0.5099945068359375,5.1050496101379395,84.20000457763672,-0.09999847412109375,8411.5810546875
08102025RollingResistanceTestP3.parquet,-0.87,1346.0,994.0,8799.0,99.9000015258789,84.20000457763672,0.5099945068359375,5.1050496101379395,84.20000457763672,0.0,8411.5810546875
08102025RollingResistanceTestP3.parquet,-0.86,1346.0,994.0,8799.0,99.9000015258789,84.20000457763672,0.5099945068359375,5.1050496101379395,84.20000457763672,0.0,8411.5810546875
08102025RollingResistanceTestP3.parquet,-0.85,1346.0,994.0,8799.0,99.9000015258789,84.20000457763672,0.5099945068359375,5.1050496101379395,84.20000457763672,0.0,8411.5810546875
08102025RollingResistanceTestP3.parquet,-0.84,1341.0,994.0,9083.0,102.4000015258789,84.0,0.7099990844726562,6.933584690093994,84.0,-0.20000457763671875,8601.6005859375
08102025RollingResistanceTestP3.parquet,-0.83,1341.0,994.0,9083.0,102.4000015258789,84.0,0.7099990844726562,6.933584690093994,84.0,0.0,8601.6005859375
08102025RollingResistanceTestP3.parquet,-0.82,1372.0,994.0,9083.0,102.4000015258789,84.0,0.7099990844726562,6.933584690093994,84.0,0.0,8601.6005859375
08102025RollingResistanceTestP3.parquet,-0.81,1372.0,994.0,9083.0,102.4000015258789,84.0,0.7099990844726562,6.933584690093994,84.0,0.0,8601.6005859375
08102025RollingResistanceTestP3.parquet,-0.8,1375.0,994.0,9232.0,105.80000305175781,83.70000457763672,1.0099945068359375,9.546260833740234,83.70000457763672,-0.29999542236328125,8855.4609375
08102025RollingResistanceTestP3.parquet,-0.79,1375.0,994.0,9232.0,105.80000305175781,83.70000457763672,1.0099945068359375,9.546260833740234,83.70000457763672,0.0,8855.4609375
08102025RollingResistanceTestP3.parquet,-0.78,1371.0,1018.0,9232.0,105.80000305175781,83.70000457763672,1.0099945068359375,9.546260833740234,83.70000457763672,0.0,8855.4609375
08102025RollingResistanceTestP3.parquet,-0.77,1371.0,1018.0,9232.0,105.80000305175781,83.70000457763672,0.6899948120117188,6.5216898918151855,83.70000457763672,0.0,8855.4609375
08102025RollingResistanceTestP3.parquet,-0.76,1382.0,1018.0,9334.0,105.80000305175781,83.70000457763672,0.6899948120117188,6.5216898918151855,83.70000457763672,0.0,8855.4609375
08102025RollingResistanceTestP3.parquet,-0.75,1382.0,1018.0,9334.0,109.80000305175781,83.5999984741211,0.7900009155273438,7.1949076652526855,83.5999984741211,-0.100006103515625,9179.2802734375
08102025RollingResistanceTestP3.parquet,-0.74,1411.0,1018.0,9334.0,109.80000305175781,83.5999984741211,0.7900009155273438,7.1949076652526855,83.5999984741211,0.0,9179.2802734375
08102025RollingResistanceTestP3.parquet,-0.73,1411.0,1018.0,9334.0,109.80000305175781,83.5999984741211,0.7900009155273438,7.1949076652526855,83.5999984741211,0.0,9179.2802734375
08102025RollingResistanceTestP3.parquet,-0.72,1408.0,1018.0,9487.0,109.80000305175781,83.5999984741211,0.7900009155273438,7.1949076652526855,83.5999984741211,0.0,9179.2802734375
08102025RollingResistanceTestP3.parquet,-0.71,1408.0,1018.0,9487.0,112.5999984741211,83.4000015258789,0.9899978637695312,8.792165756225586,83.4000015258789,-0.1999969482421875,9390.83984375
08102025RollingResistanceTestP3.parquet,-0.7,1408.0,1018.0,9487.0,112.5999984741211,83.4000015258789,0.9899978637695312,8.792165756225586,83.4000015258789,0.0,9390.83984375
08102025RollingResistanceTestP3.parquet,-0.69,1416.0,1018.0,9487.0,112.5999984741211,83.4000015258789,0.9899978637695312,8.792165756225586,83.4000015258789,0.0,9390.83984375
08102025RollingResistanceTestP3.parquet,-0.68,1416.0,1029.0,9499.0,115.80000305175781,83.30000305175781,1.089996337890625,9.412748336791992,83.30000305175781,-0.09999847412109375,9646.140625
08102025RollingResistanceTestP3.parquet,-0.67,1428.0,1029.0,9499.0,115.80000305175781,83.30000305175781,1.089996337890625,9.412748336791992,83.30000305175781,0.0,9646.140625
08102025RollingResistanceTestP3.parquet,-0.66,1428.0,1029.0,9499.0,115.80000305175781,83.30000305175781,1.089996337890625,9.412748336791992,83.30000305175781,0.0,9646.140625
08102025RollingResistanceTestP3.parquet,-0.65,1433.0,1029.0,9499.0,115.80000305175781,83.30000305175781,1.089996337890625,9.412748336791992,83.30000305175781,0.0,9646.140625
08102025RollingResistanceTestP3.parquet,-0.64,1433.0,1029.0,9516.0,118.30000305175781,83.20000457763672,1.1899948120117188,10.059127807617188,83.20000457763672,-0.09999847412109375,9842.560546875
08102025RollingResistanceTestP3.parquet,-0.63,1433.0,1029.0,9516.0,118.30000305175781,83.20000457763672,1.1899948120117188,10.059127807617188,83.20000457763672,0.0,9842.560546875
08102025RollingResistanceTestP3.parquet,-0.62,1439.0,1029.0,9516.0,118.30000305175781,83.20000457763672,1.1899948120117188,10.059127807617188,83.20000457763672,0.0,9842.560546875
08102025RollingResistanceTestP3.parquet,-0.61,1439.0,1029.0,9516.0,118.30000305175781,83.20000457763672,1.1899948120117188,10.059127807617188,83.20000457763672,0.0,9842.560546875
08102025RollingResistanceTestP3.parquet,-0.6,1453.0,1029.0,9897.0,118.30000305175781,83.20000457763672,1.1899948120117188,10.059127807617188,83.20000457763672,0.0,9842.560546875
08102025RollingResistanceTestP3.parquet,-0.59,1453.0,1029.0,9897.0,120.5999984741211,83.0999984741211,1.2900009155273438,10.696524620056152,83.0999984741211,-0.100006103515625,10021.859375
08102025RollingResistanceTestP3.parquet,-0.58,1452.0,1054.0,9897.0,120.5999984741211,83.0999984741211,1.2900009155273438,10.696524620056152,83.0999984741211,0.0,10021.859375
08102025RollingResistanceTestP3.parquet,-0.57,1452.0,1054.0,9897.0,120.5999984741211,83.0999984741211,0.5199966430664062,4.311746597290039,83.0999984741211,0.0,10021.859375
08102025RollingResistanceTestP3.parquet,-0.56,1473.0,1054.0,9938.0,120.5999984741211,83.0999984741211,0.5199966430664062,4.311746597290039,83.0999984741211,0.0,10021.859375
08102025RollingResistanceTestP3.parquet,-0.55,1473.0,1054.0,9938.0,124.5,82.80000305175781,0.8199920654296875,6.586281776428223,82.80000305175781,-0.29999542236328125,10308.6005859375
08102025RollingResistanceTestP3.parquet,-0.54,1473.0,1054.0,9938.0,124.5,82.80000305175781,0.8199920654296875,6.586281776428223,82.80000305175781,0.0,10308.6005859375
08102025RollingResistanceTestP3.parquet,-0.53,1473.0,1054.0,9938.0,124.5,82.80000305175781,0.8199920654296875,6.586281776428223,82.80000305175781,0.0,10308.6005859375
08102025RollingResistanceTestP3.parquet,-0.52,1473.0,1054.0,9884.0,124.5,82.80000305175781,0.8199920654296875,6.586281776428223,82.80000305175781,0.0,10308.6005859375
08102025RollingResistanceTestP3.parquet,-0.51,1486.0,1054.0,9884.0,127.30000305175781,82.70000457763672,0.9199905395507812,7.226948261260986,82.70000457763672,-0.09999847412109375,10527.7109375
08102025RollingResistanceTestP3.parquet,-0.5,1486.0,1054.0,9884.0,127.30000305175781,82.70000457763672,0.9199905395507812,7.226948261260986,82.70000457763672,0.0,10527.7109375
08102025RollingResistanceTestP3.parquet,-0.49,1503.0,1054.0,9884.0,127.30000305175781,82.70000457763672,0.9199905395507812,7.226948261260986,82.70000457763672,0.0,10527.7109375
08102025RollingResistanceTestP3.parquet,-0.48,1503.0,1065.0,10006.0,127.30000305175781,82.70000457763672,0.9199905395507812,7.226948261260986,82.70000457763672,0.0,10527.7109375
08102025RollingResistanceTestP3.parquet,-0.47,1503.0,1065.0,10006.0,130.0,82.5999984741211,0.4499969482421875,3.461514949798584,82.5999984741211,-0.100006103515625,10738.0
08102025RollingResistanceTestP3.parquet,-0.46,1503.0,1065.0,10006.0,130.0,82.5999984741211,0.4499969482421875,3.461514949798584,82.5999984741211,0.0,10738.0
08102025RollingResistanceTestP3.parquet,-0.45,1512.0,1065.0,10006.0,130.0,82.5999984741211,0.4499969482421875,3.461514949798584,82.5999984741211,0.0,10738.0
08102025RollingResistanceTestP3.parquet,-0.44,1512.0,1065.0,10269.0,130.0,82.5999984741211,0.4499969482421875,3.461514949798584,82.5999984741211,0.0,10738.0
08102025RollingResistanceTestP3.parquet,-0.43,1512.0,1065.0,10269.0,130.0,82.5999984741211,0.4499969482421875,3.461514949798584,82.5999984741211,0.0,10738.0
08102025RollingResistanceTestP3.parquet,-0.42,1513.0,1065.0,10269.0,130.0,82.5999984741211,0.4499969482421875,3.461514949798584,82.5999984741211,0.0,10738.0
08102025RollingResistanceTestP3.parquet,-0.41,1513.0,1065.0,10269.0,130.0,82.5999984741211,0.4499969482421875,3.461514949798584,82.5999984741211,0.0,10738.0
08102025RollingResistanceTestP3.parquet,-0.4,1556.0,1065.0,10315.0,130.0,82.5999984741211,0.4499969482421875,3.461514949798584,82.5999984741211,0.0,10738.0
08102025RollingResistanceTestP3.parquet,-0.39,1556.0,1065.0,10315.0,137.1999969482422,82.0999984741211,0.9499969482421875,6.924176216125488,82.0999984741211,-0.5,11264.119140625
08102025RollingResistanceTestP3.parquet,-0.38,1572.0,1075.0,10315.0,137.1999969482422,82.0999984741211,0.9499969482421875,6.924176216125488,82.0999984741211,0.0,11264.119140625
08102025RollingResistanceTestP3.parquet,-0.37,1572.0,1075.0,10315.0,137.1999969482422,82.0999984741211,0.9499969482421875,6.924176216125488,82.0999984741211,0.0,11264.119140625
08102025RollingResistanceTestP3.parquet,-0.36,1548.0,1075.0,10309.0,137.1999969482422,82.0999984741211,0.9499969482421875,6.924176216125488,82.0999984741211,0.0,11264.119140625
08102025RollingResistanceTestP3.parquet,-0.35,1548.0,1075.0,10309.0,137.1999969482422,82.0999984741211,0.9499969482421875,6.924176216125488,82.0999984741211,0.0,11264.119140625
08102025RollingResistanceTestP3.parquet,-0.34,1548.0,1075.0,10309.0,153.3000030517578,81.5,1.5499954223632812,10.11086368560791,81.5,-0.5999984741210938,12493.9501953125
08102025RollingResistanceTestP3.parquet,-0.33,1548.0,1104.0,10309.0,153.3000030517578,81.5,1.5499954223632812,10.11086368560791,81.5,0.0,12493.9501953125
08102025RollingResistanceTestP3.parquet,-0.32,1643.0,1104.0,10309.0,153.3000030517578,81.5,0.8600006103515625,5.60991907119751,81.5,0.0,12493.9501953125
08102025RollingResistanceTestP3.parquet,-0.31,1643.0,1104.0,10995.0,153.3000030517578,81.5,0.8600006103515625,5.60991907119751,81.5,0.0,12493.9501953125
08102025RollingResistanceTestP3.parquet,-0.3,1655.0,1104.0,10995.0,153.3000030517578,81.5,0.8600006103515625,5.60991907119751,81.5,0.0,12493.9501953125
08102025RollingResistanceTestP3.parquet,-0.29,1655.0,1104.0,10995.0,156.6999969482422,81.20000457763672,1.1599960327148438,7.402655124664307,81.20000457763672,-0.29999542236328125,12724.0400390625
08102025RollingResistanceTestP3.parquet,-0.28,1655.0,1104.0,10995.0,156.6999969482422,81.20000457763672,1.1599960327148438,7.402655124664307,81.20000457763672,0.0,12724.0400390625
08102025RollingResistanceTestP3.parquet,-0.27,1673.0,1104.0,10900.0,156.6999969482422,81.20000457763672,1.1599960327148438,7.402655124664307,81.20000457763672,0.0,12724.0400390625
08102025RollingResistanceTestP3.parquet,-0.26,1673.0,1104.0,10900.0,156.6999969482422,81.20000457763672,1.1599960327148438,7.402655124664307,81.20000457763672,0.0,12724.0400390625
08102025RollingResistanceTestP3.parquet,-0.25,1697.0,1104.0,10900.0,160.6999969482422,81.0,1.3600006103515625,8.46297836303711,81.0,-0.20000457763671875,13016.7001953125
08102025RollingResistanceTestP3.parquet,-0.24,1697.0,1104.0,10900.0,160.6999969482422,81.0,1.3600006103515625,8.46297836303711,81.0,0.0,13016.7001953125
08102025RollingResistanceTestP3.parquet,-0.23,1697.0,1110.0,10927.0,160.6999969482422,81.0,1.3600006103515625,8.46297836303711,81.0,0.0,13016.7001953125
08102025RollingResistanceTestP3.parquet,-0.22,1697.0,1110.0,10927.0,160.6999969482422,81.0,1.3600006103515625,8.46297836303711,81.0,0.0,13016.7001953125
08102025RollingResistanceTestP3.parquet,-0.21,1683.0,1110.0,10927.0,163.0,80.9000015258789,1.4599990844726562,8.957049369812012,80.9000015258789,-0.09999847412109375,13186.7001953125
08102025RollingResistanceTestP3.parquet,-0.2,1683.0,1110.0,11148.0,163.0,80.9000015258789,1.4599990844726562,8.957049369812012,80.9000015258789,0.0,13186.7001953125
08102025RollingResistanceTestP3.parquet,-0.19,1712.0,1110.0,11148.0,163.0,80.9000015258789,1.4599990844726562,8.957049369812012,80.9000015258789,0.0,13186.7001953125
08102025RollingResistanceTestP3.parquet,-0.18,1712.0,1110.0,11148.0,163.0,80.9000015258789,1.4599990844726562,8.957049369812012,80.9000015258789,0.0,13186.7001953125
08102025RollingResistanceTestP3.parquet,-0.17,1728.0,1110.0,11148.0,167.1999969482422,80.5999984741211,1.7600021362304688,10.526328086853027,80.5999984741211,-0.3000030517578125,13476.3193359375
08102025RollingResistanceTestP3.parquet,-0.16,1728.0,1110.0,10999.0,167.1999969482422,80.5999984741211,1.7600021362304688,10.526328086853027,80.5999984741211,0.0,13476.3193359375
08102025RollingResistanceTestP3.parquet,-0.15,1728.0,1110.0,10999.0,167.1999969482422,80.5999984741211,1.7600021362304688,10.526328086853027,80.5999984741211,0.0,13476.3193359375
08102025RollingResistanceTestP3.parquet,-0.14,1731.0,1110.0,10999.0,167.1999969482422,80.5999984741211,1.7600021362304688,10.526328086853027,80.5999984741211,0.0,13476.3193359375
08102025RollingResistanceTestP3.parquet,-0.13,1731.0,1110.0,10999.0,167.1999969482422,80.5999984741211,1.7600021362304688,10.526328086853027,80.5999984741211,0.0,13476.3193359375
08102025RollingResistanceTestP3.parquet,-0.12,1740.0,1110.0,10822.0,167.1999969482422,80.5999984741211,1.7600021362304688,10.526328086853027,80.5999984741211,0.0,13476.3193359375
08102025RollingResistanceTestP3.parquet,-0.11,1740.0,1110.0,10822.0,167.1999969482422,80.5999984741211,1.7600021362304688,10.526328086853027,80.5999984741211,0.0,13476.3193359375
08102025RollingResistanceTestP3.parquet,-0.1,1745.0,1110.0,10822.0,167.1999969482422,80.5999984741211,1.7600021362304688,10.526328086853027,80.5999984741211,0.0,13476.3193359375
08102025RollingResistanceTestP3.parquet,-0.09,1745.0,1110.0,10822.0,171.5,80.5,1.8600006103515625,10.845483779907227,80.5,-0.09999847412109375,13805.75
08102025RollingResistanceTestP3.parquet,-0.08,1746.0,1110.0,11083.0,171.5,80.5,1.8600006103515625,10.845483779907227,80.5,0.0,13805.75
08102025RollingResistanceTestP3.parquet,-0.07,1746.0,1110.0,11083.0,171.5,80.5,1.8600006103515625,10.845483779907227,80.5,0.0,13805.75
08102025RollingResistanceTestP3.parquet,-0.06,1776.0,1110.0,11083.0,171.5,80.5,1.8600006103515625,10.845483779907227,80.5,0.0,13805.75
08102025RollingResistanceTestP3.parquet,-0.05,1776.0,1110.0,11083.0,173.90000915527344,80.30000305175781,2.05999755859375,11.845873832702637,80.30000305175781,-0.1999969482421875,13964.1708984375
08102025RollingResistanceTestP3.parquet,-0.04,1805.0,1110.0,11377.0,173.90000915527344,80.30000305175781,2.05999755859375,11.845873832702637,80.30000305175781,0.0,13964.1708984375
08102025RollingResistanceTestP3.parquet,-0.03,1805.0,1110.0,11377.0,173.90000915527344,80.30000305175781,2.05999755859375,11.845873832702637,80.30000305175781,0.0,13964.1708984375
08102025RollingResistanceTestP3.parquet,-0.02,1805.0,1110.0,11377.0,173.90000915527344,80.30000305175781,2.05999755859375,11.845873832702637,80.30000305175781,0.0,13964.1708984375
08102025RollingResistanceTestP3.parquet,-0.01,1849.0,1110.0,11377.0,173.90000915527344,80.30000305175781,2.05999755859375,11.845873832702637,80.30000305175781,0.0,13964.1708984375
08102025RollingResistanceTestP4.parquet,-5.0,448.0,594.0,1450.0,11.0,87.80000305175781,-0.0200042724609375,-1.8185701370239258,87.80000305175781,0.0,965.800048828125
08102025RollingResistanceTestP4.parquet,-4.99,448.0,594.0,1450.0,11.0,87.80000305175781,-0.0200042724609375,-1.8185701370239258,87.80000305175781,0.0,965.800048828125
08102025RollingResistanceTestP4.parquet,-4.98,449.0,594.0,1450.0,11.0,87.80000305175781,-0.0200042724609375,-1.8185701370239258,87.80000305175781,0.0,965.800048828125
08102025RollingResistanceTestP4.parquet,-4.97,449.0,594.0,1445.0,11.0,87.80000305175781,-0.0200042724609375,-1.8185701370239258,87.80000305175781,0.0,965.800048828125
08102025RollingResistanceTestP4.parquet,-4.96,448.0,594.0,1445.0,10.90000057220459,87.80000305175781,-0.0200042724609375,-1.8352543115615845,87.80000305175781,0.0,957.0200805664062
08102025RollingResistanceTestP4.parquet,-4.95,448.0,594.0,1445.0,10.90000057220459,87.80000305175781,-0.0200042724609375,-1.8352543115615845,87.80000305175781,0.0,957.0200805664062
08102025RollingResistanceTestP4.parquet,-4.94,448.0,594.0,1445.0,10.90000057220459,87.80000305175781,-0.0200042724609375,-1.8352543115615845,87.80000305175781,0.0,957.0200805664062
08102025RollingResistanceTestP4.parquet,-4.93,449.0,593.0,1465.0,10.90000057220459,87.80000305175781,-0.0200042724609375,-1.8352543115615845,87.80000305175781,0.0,957.0200805664062
08102025RollingResistanceTestP4.parquet,-4.92,449.0,593.0,1465.0,10.90000057220459,87.80000305175781,-0.0200042724609375,-1.8352543115615845,87.80000305175781,0.0,957.0200805664062
08102025RollingResistanceTestP4.parquet,-4.91,445.0,593.0,1465.0,10.90000057220459,87.80000305175781,-0.0200042724609375,-1.8352543115615845,87.80000305175781,0.0,957.0200805664062
08102025RollingResistanceTestP4.parquet,-4.9,445.0,593.0,1465.0,10.90000057220459,87.80000305175781,-0.0200042724609375,-1.8352543115615845,87.80000305175781,0.0,957.0200805664062
08102025RollingResistanceTestP4.parquet,-4.89,445.0,593.0,1451.0,10.90000057220459,87.80000305175781,-0.0200042724609375,-1.8352543115615845,87.80000305175781,0.0,957.0200805664062
08102025RollingResistanceTestP4.parquet,-4.88,445.0,593.0,1451.0,10.800000190734863,87.80000305175781,-0.0200042724609375,-1.8522473573684692,87.80000305175781,0.0,948.2400512695312
08102025RollingResistanceTestP4.parquet,-4.87,451.0,593.0,1451.0,10.800000190734863,87.80000305175781,-0.0200042724609375,-1.8522473573684692,87.80000305175781,0.0,948.2400512695312
08102025RollingResistanceTestP4.parquet,-4.86,451.0,593.0,1451.0,10.800000190734863,87.80000305175781,-0.0200042724609375,-1.8522473573684692,87.80000305175781,0.0,948.2400512695312
08102025RollingResistanceTestP4.parquet,-4.85,451.0,593.0,1444.0,10.800000190734863,87.80000305175781,-0.0200042724609375,-1.8522473573684692,87.80000305175781,0.0,948.2400512695312
08102025RollingResistanceTestP4.parquet,-4.84,451.0,593.0,1444.0,10.800000190734863,87.70000457763672,0.07999420166015625,7.406870365142822,87.70000457763672,-0.09999847412109375,947.1600952148438
08102025RollingResistanceTestP4.parquet,-4.83,451.0,592.0,1444.0,10.800000190734863,87.70000457763672,0.07999420166015625,7.406870365142822,87.70000457763672,0.0,947.1600952148438
08102025RollingResistanceTestP4.parquet,-4.82,450.0,592.0,1444.0,10.800000190734863,87.70000457763672,0.07999420166015625,7.406870365142822,87.70000457763672,0.0,947.1600952148438
08102025RollingResistanceTestP4.parquet,-4.81,450.0,592.0,1445.0,10.800000190734863,87.70000457763672,0.07999420166015625,7.406870365142822,87.70000457763672,0.0,947.1600952148438
08102025RollingResistanceTestP4.parquet,-4.8,452.0,592.0,1445.0,10.800000190734863,87.70000457763672,0.07999420166015625,7.406870365142822,87.70000457763672,0.0,947.1600952148438
08102025RollingResistanceTestP4.parquet,-4.79,452.0,592.0,1445.0,10.800000190734863,87.80000305175781,-0.0200042724609375,-1.8522473573684692,87.70000457763672,0.09999847412109375,948.2400512695312
08102025RollingResistanceTestP4.parquet,-4.78,454.0,592.0,1445.0,10.800000190734863,87.80000305175781,-0.0200042724609375,-1.8522473573684692,87.70000457763672,0.0,948.2400512695312
08102025RollingResistanceTestP4.parquet,-4.77,454.0,592.0,1465.0,10.800000190734863,87.80000305175781,-0.0200042724609375,-1.8522473573684692,87.70000457763672,0.0,948.2400512695312
08102025RollingResistanceTestP4.parquet,-4.76,448.0,592.0,1465.0,10.800000190734863,87.80000305175781,-0.0200042724609375,-1.8522473573684692,87.70000457763672,0.0,948.2400512695312
08102025RollingResistanceTestP4.parquet,-4.75,448.0,592.0,1465.0,10.800000190734863,87.70000457763672,0.07999420166015625,7.406870365142822,87.70000457763672,-0.09999847412109375,947.1600952148438
08102025RollingResistanceTestP4.parquet,-4.74,451.0,592.0,1465.0,10.800000190734863,87.70000457763672,0.07999420166015625,7.406870365142822,87.70000457763672,0.0,947.1600952148438
08102025RollingResistanceTestP4.parquet,-4.73,451.0,592.0,1451.0,10.800000190734863,87.70000457763672,0.07999420166015625,7.406870365142822,87.70000457763672,0.0,947.1600952148438
08102025RollingResistanceTestP4.parquet,-4.72,454.0,592.0,1451.0,10.800000190734863,87.70000457763672,0.07999420166015625,7.406870365142822,87.70000457763672,0.0,947.1600952148438
08102025RollingResistanceTestP4.parquet,-4.71,454.0,592.0,1451.0,10.90000057220459,87.80000305175781,-0.0200042724609375,-1.8352543115615845,87.70000457763672,0.09999847412109375,957.0200805664062
08102025RollingResistanceTestP4.parquet,-4.7,454.0,592.0,1451.0,10.90000057220459,87.80000305175781,-0.0200042724609375,-1.8352543115615845,87.70000457763672,0.0,957.0200805664062
08102025RollingResistanceTestP4.parquet,-4.69,449.0,592.0,1457.0,10.90000057220459,87.80000305175781,-0.0200042724609375,-1.8352543115615845,87.70000457763672,0.0,957.0200805664062
08102025RollingResistanceTestP4.parquet,-4.68,449.0,592.0,1457.0,10.90000057220459,87.80000305175781,-0.0200042724609375,-1.8352543115615845,87.70000457763672,0.0,957.0200805664062
08102025RollingResistanceTestP4.parquet,-4.67,446.0,592.0,1457.0,10.90000057220459,87.80000305175781,-0.0200042724609375,-1.8352543115615845,87.70000457763672,0.0,957.0200805664062
08102025RollingResistanceTestP4.parquet,-4.66,446.0,592.0,1457.0,10.90000057220459,87.80000305175781,-0.0200042724609375,-1.8352543115615845,87.70000457763672,0.0,957.0200805664062
08102025RollingResistanceTestP4.parquet,-4.65,453.0,592.0,1457.0,10.90000057220459,87.80000305175781,-0.0200042724609375,-1.8352543115615845,87.70000457763672,0.0,957.0200805664062
08102025RollingResistanceTestP4.parquet,-4.64,453.0,592.0,1457.0,10.90000057220459,87.80000305175781,-0.0200042724609375,-1.8352543115615845,87.70000457763672,0.0,957.0200805664062
08102025RollingResistanceTestP4.parquet,-4.63,451.0,593.0,1457.0,10.90000057220459,87.80000305175781,-0.0200042724609375,-1.8352543115615845,87.70000457763672,0.0,957.0200805664062
08102025RollingResistanceTestP4.parquet,-4.62,451.0,593.0,1457.0,10.90000057220459,87.80000305175781,-0.0200042724609375,-1.8352543115615845,87.70000457763672,0.0,957.0200805664062
08102025RollingResistanceTestP4.parquet,-4.61,447.0,593.0,1444.0,10.90000057220459,87.80000305175781,-0.0200042724609375,-1.8352543115615845,87.70000457763672,0.0,957.0200805664062
08102025RollingResistanceTestP4.parquet,-4.6,447.0,593.0,1444.0,10.90000057220459,87.80000305175781,-0.0200042724609375,-1.8352543115615845,87.70000457763672,0.0,957.0200805664062
08102025RollingResistanceTestP4.parquet,-4.59,447.0,593.0,1444.0,10.90000057220459,87.80000305175781,-0.0200042724609375,-1.8352543115615845,87.70000457763672,0.0,957.0200805664062
08102025RollingResistanceTestP4.parquet,-4.58,450.0,593.0,1444.0,10.800000190734863,87.80000305175781,-0.0200042724609375,-1.8522473573684692,87.70000457763672,0.0,948.2400512695312
08102025RollingResistanceTestP4.parquet,-4.57,450.0,593.0,1457.0,10.800000190734863,87.80000305175781,-0.0200042724609375,-1.8522473573684692,87.70000457763672,0.0,948.2400512695312
08102025RollingResistanceTestP4.parquet,-4.56,452.0,593.0,1457.0,10.800000190734863,87.80000305175781,-0.0200042724609375,-1.8522473573684692,87.70000457763672,0.0,948.2400512695312
08102025RollingResistanceTestP4.parquet,-4.55,452.0,593.0,1457.0,10.800000190734863,87.80000305175781,-0.0200042724609375,-1.8522473573684692,87.70000457763672,0.0,948.2400512695312
08102025RollingResistanceTestP4.parquet,-4.54,448.0,593.0,1457.0,10.800000190734863,87.70000457763672,0.07999420166015625,7.406870365142822,87.70000457763672,-0.09999847412109375,947.1600952148438
08102025RollingResistanceTestP4.parquet,-4.53,448.0,592.0,1457.0,10.800000190734863,87.70000457763672,0.0699920654296875,6.480746746063232,87.70000457763672,0.0,947.1600952148438
08102025RollingResistanceTestP4.parquet,-4.52,445.0,592.0,1457.0,10.800000190734863,87.70000457763672,0.0699920654296875,6.480746746063232,87.70000457763672,0.0,947.1600952148438
08102025RollingResistanceTestP4.parquet,-4.51,445.0,592.0,1457.0,10.800000190734863,87.70000457763672,0.0699920654296875,6.480746746063232,87.70000457763672,0.0,947.1600952148438
08102025RollingResistanceTestP4.parquet,-4.5,445.0,592.0,1457.0,10.699999809265137,87.70000457763672,0.0699920654296875,6.541314601898193,87.70000457763672,0.0,938.3900146484375
08102025RollingResistanceTestP4.parquet,-4.49,445.0,592.0,1457.0,10.699999809265137,87.70000457763672,0.0699920654296875,6.541314601898193,87.70000457763672,0.0,938.3900146484375
08102025RollingResistanceTestP4.parquet,-4.48,458.0,592.0,1457.0,10.699999809265137,87.70000457763672,0.0699920654296875,6.541314601898193,87.70000457763672,0.0,938.3900146484375
08102025RollingResistanceTestP4.parquet,-4.47,458.0,592.0,1497.0,10.699999809265137,87.70000457763672,0.0699920654296875,6.541314601898193,87.70000457763672,0.0,938.3900146484375
08102025RollingResistanceTestP4.parquet,-4.46,461.0,592.0,1497.0,10.699999809265137,87.70000457763672,0.0699920654296875,6.541314601898193,87.70000457763672,0.0,938.3900146484375
08102025RollingResistanceTestP4.parquet,-4.45,461.0,592.0,1497.0,10.800000190734863,87.70000457763672,0.0699920654296875,6.480746746063232,87.70000457763672,0.0,947.1600952148438
08102025RollingResistanceTestP4.parquet,-4.44,461.0,592.0,1497.0,10.800000190734863,87.70000457763672,0.0699920654296875,6.480746746063232,87.70000457763672,0.0,947.1600952148438
08102025RollingResistanceTestP4.parquet,-4.43,461.0,592.0,1491.0,10.800000190734863,87.70000457763672,0.0699920654296875,6.480746746063232,87.70000457763672,0.0,947.1600952148438
08102025RollingResistanceTestP4.parquet,-4.42,455.0,592.0,1491.0,10.800000190734863,87.70000457763672,0.0699920654296875,6.480746746063232,87.70000457763672,0.0,947.1600952148438
08102025RollingResistanceTestP4.parquet,-4.41,455.0,592.0,1491.0,11.0,87.70000457763672,0.04999542236328125,4.54503870010376,87.70000457763672,0.0,964.7000732421875
08102025RollingResistanceTestP4.parquet,-4.4,456.0,592.0,1491.0,11.0,87.70000457763672,0.04999542236328125,4.54503870010376,87.70000457763672,0.0,964.7000732421875
08102025RollingResistanceTestP4.parquet,-4.39,456.0,592.0,1491.0,11.0,87.70000457763672,0.04999542236328125,4.54503870010376,87.70000457763672,0.0,964.7000732421875
08102025RollingResistanceTestP4.parquet,-4.38,469.0,592.0,1491.0,11.0,87.70000457763672,0.04999542236328125,4.54503870010376,87.70000457763672,0.0,964.7000732421875
08102025RollingResistanceTestP4.parquet,-4.37,469.0,592.0,1491.0,11.100000381469727,87.70000457763672,0.04999542236328125,4.504092216491699,87.70000457763672,0.0,973.4700927734375
08102025RollingResistanceTestP4.parquet,-4.36,469.0,592.0,1491.0,11.100000381469727,87.70000457763672,0.04999542236328125,4.504092216491699,87.70000457763672,0.0,973.4700927734375
08102025RollingResistanceTestP4.parquet,-4.35,460.0,592.0,1470.0,11.100000381469727,87.70000457763672,0.04999542236328125,4.504092216491699,87.70000457763672,0.0,973.4700927734375
08102025RollingResistanceTestP4.parquet,-4.34,460.0,592.0,1470.0,11.100000381469727,87.70000457763672,0.04999542236328125,4.504092216491699,87.70000457763672,0.0,973.4700927734375
08102025RollingResistanceTestP4.parquet,-4.33,453.0,592.0,1470.0,11.100000381469727,87.70000457763672,0.04999542236328125,4.504092216491699,87.70000457763672,0.0,973.4700927734375
08102025RollingResistanceTestP4.parquet,-4.32,453.0,592.0,1470.0,11.100000381469727,87.70000457763672,0.04999542236328125,4.504092216491699,87.70000457763672,0.0,973.4700927734375
08102025RollingResistanceTestP4.parquet,-4.31,464.0,592.0,1438.0,11.100000381469727,87.70000457763672,0.04999542236328125,4.504092216491699,87.70000457763672,0.0,973.4700927734375
08102025RollingResistanceTestP4.parquet,-4.3,464.0,592.0,1438.0,11.100000381469727,87.70000457763672,0.04999542236328125,4.504092216491699,87.70000457763672,0.0,973.4700927734375
08102025RollingResistanceTestP4.parquet,-4.29,468.0,592.0,1438.0,11.0,87.70000457763672,0.04999542236328125,4.54503870010376,87.70000457763672,0.0,964.7000732421875
08102025RollingResistanceTestP4.parquet,-4.28,468.0,592.0,1438.0,11.0,87.70000457763672,0.04999542236328125,4.54503870010376,87.70000457763672,0.0,964.7000732421875
08102025RollingResistanceTestP4.parquet,-4.27,456.0,592.0,1378.0,11.0,87.70000457763672,0.04999542236328125,4.54503870010376,87.70000457763672,0.0,964.7000732421875
08102025RollingResistanceTestP4.parquet,-4.26,456.0,592.0,1378.0,11.0,87.70000457763672,0.04999542236328125,4.54503870010376,87.70000457763672,0.0,964.7000732421875
08102025RollingResistanceTestP4.parquet,-4.25,462.0,592.0,1378.0,10.90000057220459,87.70000457763672,0.04999542236328125,4.586735725402832,87.70000457763672,0.0,955.9301147460938
08102025RollingResistanceTestP4.parquet,-4.24,462.0,592.0,1378.0,10.90000057220459,87.70000457763672,0.04999542236328125,4.586735725402832,87.70000457763672,0.0,955.9301147460938
08102025RollingResistanceTestP4.parquet,-4.23,462.0,592.0,1395.0,10.90000057220459,87.70000457763672,0.04999542236328125,4.586735725402832,87.70000457763672,0.0,955.9301147460938
08102025RollingResistanceTestP4.parquet,-4.22,466.0,592.0,1395.0,10.90000057220459,87.70000457763672,0.04999542236328125,4.586735725402832,87.70000457763672,0.0,955.9301147460938
08102025RollingResistanceTestP4.parquet,-4.21,466.0,597.0,1395.0,10.800000190734863,87.80000305175781,-0.0500030517578125,-4.629912376403809,87.70000457763672,0.09999847412109375,948.2400512695312
08102025RollingResistanceTestP4.parquet,-4.2,453.0,597.0,1395.0,10.800000190734863,87.80000305175781,-0.0500030517578125,-4.629912376403809,87.70000457763672,0.0,948.2400512695312
08102025RollingResistanceTestP4.parquet,-4.19,453.0,597.0,1448.0,10.800000190734863,87.80000305175781,-0.0500030517578125,-4.629912376403809,87.70000457763672,0.0,948.2400512695312
08102025RollingResistanceTestP4.parquet,-4.18,453.0,597.0,1448.0,10.800000190734863,87.80000305175781,-0.0500030517578125,-4.629912376403809,87.70000457763672,0.0,948.2400512695312
08102025RollingResistanceTestP4.parquet,-4.17,453.0,597.0,1448.0,10.800000190734863,87.80000305175781,-0.0500030517578125,-4.629912376403809,87.70000457763672,0.0,948.2400512695312
08102025RollingResistanceTestP4.parquet,-4.16,469.0,597.0,1448.0,10.800000190734863,87.70000457763672,0.04999542236328125,4.629205703735352,87.70000457763672,-0.09999847412109375,947.1600952148438
08102025RollingResistanceTestP4.parquet,-4.15,469.0,597.0,1480.0,10.800000190734863,87.70000457763672,0.04999542236328125,4.629205703735352,87.70000457763672,0.0,947.1600952148438
08102025RollingResistanceTestP4.parquet,-4.14,458.0,597.0,1480.0,10.800000190734863,87.70000457763672,0.04999542236328125,4.629205703735352,87.70000457763672,0.0,947.1600952148438
08102025RollingResistanceTestP4.parquet,-4.13,458.0,597.0,1480.0,10.800000190734863,87.70000457763672,0.04999542236328125,4.629205703735352,87.70000457763672,0.0,947.1600952148438
08102025RollingResistanceTestP4.parquet,-4.12,458.0,597.0,1480.0,10.90000057220459,87.70000457763672,0.04999542236328125,4.586735725402832,87.70000457763672,0.0,955.9301147460938
08102025RollingResistanceTestP4.parquet,-4.11,453.0,597.0,1443.0,10.90000057220459,87.70000457763672,0.04999542236328125,4.586735725402832,87.70000457763672,0.0,955.9301147460938
08102025RollingResistanceTestP4.parquet,-4.1,453.0,597.0,1443.0,10.90000057220459,87.70000457763672,0.04999542236328125,4.586735725402832,87.70000457763672,0.0,955.9301147460938
08102025RollingResistanceTestP4.parquet,-4.09,465.0,597.0,1443.0,10.90000057220459,87.70000457763672,0.04999542236328125,4.586735725402832,87.70000457763672,0.0,955.9301147460938
08102025RollingResistanceTestP4.parquet,-4.08,465.0,597.0,1443.0,11.0,87.70000457763672,0.04999542236328125,4.54503870010376,87.70000457763672,0.0,964.7000732421875
08102025RollingResistanceTestP4.parquet,-4.07,465.0,597.0,1414.0,11.0,87.70000457763672,0.04999542236328125,4.54503870010376,87.70000457763672,0.0,964.7000732421875
08102025RollingResistanceTestP4.parquet,-4.06,465.0,597.0,1414.0,11.0,87.70000457763672,0.04999542236328125,4.54503870010376,87.70000457763672,0.0,964.7000732421875
08102025RollingResistanceTestP4.parquet,-4.05,458.0,597.0,1414.0,11.0,87.70000457763672,0.04999542236328125,4.54503870010376,87.70000457763672,0.0,964.7000732421875
08102025RollingResistanceTestP4.parquet,-4.04,458.0,597.0,1414.0,10.90000057220459,87.70000457763672,0.04999542236328125,4.586735725402832,87.70000457763672,0.0,955.9301147460938
08102025RollingResistanceTestP4.parquet,-4.03,461.0,597.0,1468.0,10.90000057220459,87.70000457763672,0.04999542236328125,4.586735725402832,87.70000457763672,0.0,955.9301147460938
08102025RollingResistanceTestP4.parquet,-4.02,461.0,597.0,1468.0,10.90000057220459,87.70000457763672,0.04999542236328125,4.586735725402832,87.70000457763672,0.0,955.9301147460938
08102025RollingResistanceTestP4.parquet,-4.01,461.0,589.0,1468.0,10.90000057220459,87.70000457763672,0.02999114990234375,2.751481533050537,87.70000457763672,0.0,955.9301147460938
08102025RollingResistanceTestP4.parquet,-4.0,464.0,589.0,1468.0,10.90000057220459,87.70000457763672,0.02999114990234375,2.751481533050537,87.70000457763672,0.0,955.9301147460938
08102025RollingResistanceTestP4.parquet,-3.99,464.0,589.0,1468.0,10.90000057220459,87.70000457763672,0.02999114990234375,2.751481533050537,87.70000457763672,0.0,955.9301147460938
08102025RollingResistanceTestP4.parquet,-3.98,463.0,589.0,1468.0,10.90000057220459,87.70000457763672,0.02999114990234375,2.751481533050537,87.70000457763672,0.0,955.9301147460938
08102025RollingResistanceTestP4.parquet,-3.97,463.0,589.0,1468.0,10.90000057220459,87.70000457763672,0.02999114990234375,2.751481533050537,87.70000457763672,0.0,955.9301147460938
08102025RollingResistanceTestP4.parquet,-3.96,462.0,589.0,1468.0,10.90000057220459,87.70000457763672,0.02999114990234375,2.751481533050537,87.70000457763672,0.0,955.9301147460938
08102025RollingResistanceTestP4.parquet,-3.95,462.0,589.0,1468.0,10.90000057220459,87.70000457763672,0.02999114990234375,2.751481533050537,87.70000457763672,0.0,955.9301147460938
08102025RollingResistanceTestP4.parquet,-3.94,463.0,589.0,1468.0,10.90000057220459,87.70000457763672,0.02999114990234375,2.751481533050537,87.70000457763672,0.0,955.9301147460938
08102025RollingResistanceTestP4.parquet,-3.93,463.0,589.0,1468.0,10.90000057220459,87.70000457763672,0.02999114990234375,2.751481533050537,87.70000457763672,0.0,955.9301147460938
08102025RollingResistanceTestP4.parquet,-3.92,463.0,589.0,1468.0,10.90000057220459,87.70000457763672,0.02999114990234375,2.751481533050537,87.70000457763672,0.0,955.9301147460938
08102025RollingResistanceTestP4.parquet,-3.91,464.0,589.0,1472.0,10.90000057220459,87.70000457763672,0.02999114990234375,2.751481533050537,87.70000457763672,0.0,955.9301147460938
08102025RollingResistanceTestP4.parquet,-3.9,464.0,589.0,1472.0,10.90000057220459,87.70000457763672,0.02999114990234375,2.751481533050537,87.70000457763672,0.0,955.9301147460938
08102025RollingResistanceTestP4.parquet,-3.89,461.0,589.0,1472.0,10.90000057220459,87.70000457763672,0.02999114990234375,2.751481533050537,87.70000457763672,0.0,955.9301147460938
08102025RollingResistanceTestP4.parquet,-3.88,461.0,589.0,1472.0,11.0,87.70000457763672,0.02999114990234375,2.726468324661255,87.70000457763672,0.0,964.7000732421875
08102025RollingResistanceTestP4.parquet,-3.87,462.0,589.0,1420.0,11.0,87.70000457763672,0.02999114990234375,2.726468324661255,87.70000457763672,0.0,964.7000732421875
08102025RollingResistanceTestP4.parquet,-3.86,462.0,589.0,1420.0,11.0,87.70000457763672,0.02999114990234375,2.726468324661255,87.70000457763672,0.0,964.7000732421875
08102025RollingResistanceTestP4.parquet,-3.85,464.0,589.0,1420.0,11.0,87.70000457763672,0.02999114990234375,2.726468324661255,87.70000457763672,0.0,964.7000732421875
08102025RollingResistanceTestP4.parquet,-3.84,464.0,589.0,1420.0,11.0,87.70000457763672,0.02999114990234375,2.726468324661255,87.70000457763672,0.0,964.7000732421875
08102025RollingResistanceTestP4.parquet,-3.83,455.0,589.0,1398.0,11.0,87.70000457763672,0.02999114990234375,2.726468324661255,87.70000457763672,0.0,964.7000732421875
08102025RollingResistanceTestP4.parquet,-3.82,455.0,589.0,1398.0,11.0,87.70000457763672,0.02999114990234375,2.726468324661255,87.70000457763672,0.0,964.7000732421875
08102025RollingResistanceTestP4.parquet,-3.81,455.0,589.0,1398.0,11.0,87.70000457763672,0.02999114990234375,2.726468324661255,87.70000457763672,0.0,964.7000732421875
08102025RollingResistanceTestP4.parquet,-3.8,453.0,589.0,1398.0,11.0,87.70000457763672,0.02999114990234375,2.726468324661255,87.70000457763672,0.0,964.7000732421875
08102025RollingResistanceTestP4.parquet,-3.79,459.0,589.0,1394.0,10.90000057220459,87.70000457763672,0.02999114990234375,2.751481533050537,87.70000457763672,0.0,955.9301147460938
08102025RollingResistanceTestP4.parquet,-3.78,459.0,589.0,1394.0,10.90000057220459,87.70000457763672,0.02999114990234375,2.751481533050537,87.70000457763672,0.0,955.9301147460938
08102025RollingResistanceTestP4.parquet,-3.77,459.0,589.0,1394.0,10.90000057220459,87.70000457763672,0.02999114990234375,2.751481533050537,87.70000457763672,0.0,955.9301147460938
08102025RollingResistanceTestP4.parquet,-3.76,458.0,589.0,1394.0,10.90000057220459,87.70000457763672,0.02999114990234375,2.751481533050537,87.70000457763672,0.0,955.9301147460938
08102025RollingResistanceTestP4.parquet,-3.75,458.0,589.0,1348.0,10.800000190734863,87.70000457763672,0.02999114990234375,2.7769582271575928,87.70000457763672,0.0,947.1600952148438
08102025RollingResistanceTestP4.parquet,-3.74,453.0,589.0,1348.0,10.800000190734863,87.70000457763672,0.02999114990234375,2.7769582271575928,87.70000457763672,0.0,947.1600952148438
08102025RollingResistanceTestP4.parquet,-3.73,453.0,589.0,1348.0,10.800000190734863,87.70000457763672,0.02999114990234375,2.7769582271575928,87.70000457763672,0.0,947.1600952148438
08102025RollingResistanceTestP4.parquet,-3.72,465.0,589.0,1348.0,10.800000190734863,87.70000457763672,0.02999114990234375,2.7769582271575928,87.70000457763672,0.0,947.1600952148438
08102025RollingResistanceTestP4.parquet,-3.71,465.0,589.0,1348.0,10.699999809265137,87.70000457763672,0.02999114990234375,2.8029112815856934,87.70000457763672,0.0,938.3900146484375
08102025RollingResistanceTestP4.parquet,-3.7,465.0,589.0,1374.0,10.699999809265137,87.70000457763672,0.02999114990234375,2.8029112815856934,87.70000457763672,0.0,938.3900146484375
08102025RollingResistanceTestP4.parquet,-3.69,456.0,589.0,1374.0,10.699999809265137,87.70000457763672,0.02999114990234375,2.8029112815856934,87.70000457763672,0.0,938.3900146484375
08102025RollingResistanceTestP4.parquet,-3.68,448.0,589.0,1374.0,10.699999809265137,87.70000457763672,0.02999114990234375,2.8029112815856934,87.70000457763672,0.0,938.3900146484375
08102025RollingResistanceTestP4.parquet,-3.67,448.0,589.0,1374.0,10.699999809265137,87.70000457763672,0.02999114990234375,2.8029112815856934,87.70000457763672,0.0,938.3900146484375
08102025RollingResistanceTestP4.parquet,-3.66,448.0,593.0,1353.0,10.600000381469727,87.70000457763672,0.02999114990234375,2.8293535709381104,87.70000457763672,0.0,929.6200561523438
08102025RollingResistanceTestP4.parquet,-3.65,451.0,593.0,1353.0,10.600000381469727,87.70000457763672,0.02999114990234375,2.8293535709381104,87.70000457763672,0.0,929.6200561523438
08102025RollingResistanceTestP4.parquet,-3.64,451.0,593.0,1353.0,10.600000381469727,87.70000457763672,0.02999114990234375,2.8293535709381104,87.70000457763672,0.0,929.6200561523438
08102025RollingResistanceTestP4.parquet,-3.63,455.0,593.0,1353.0,10.600000381469727,87.70000457763672,0.02999114990234375,2.8293535709381104,87.70000457763672,0.0,929.6200561523438
08102025RollingResistanceTestP4.parquet,-3.62,455.0,593.0,1380.0,10.600000381469727,87.70000457763672,0.02999114990234375,2.8293535709381104,87.70000457763672,0.0,929.6200561523438
08102025RollingResistanceTestP4.parquet,-3.61,454.0,593.0,1380.0,10.600000381469727,87.70000457763672,0.02999114990234375,2.8293535709381104,87.70000457763672,0.0,929.6200561523438
08102025RollingResistanceTestP4.parquet,-3.6,454.0,593.0,1380.0,10.600000381469727,87.70000457763672,0.02999114990234375,2.8293535709381104,87.70000457763672,0.0,929.6200561523438
08102025RollingResistanceTestP4.parquet,-3.59,455.0,593.0,1380.0,10.600000381469727,87.70000457763672,0.02999114990234375,2.8293535709381104,87.70000457763672,0.0,929.6200561523438
08102025RollingResistanceTestP4.parquet,-3.58,455.0,593.0,1382.0,10.600000381469727,87.70000457763672,0.02999114990234375,2.8293535709381104,87.70000457763672,0.0,929.6200561523438
08102025RollingResistanceTestP4.parquet,-3.57,459.0,593.0,1382.0,10.600000381469727,87.70000457763672,0.02999114990234375,2.8293535709381104,87.70000457763672,0.0,929.6200561523438
08102025RollingResistanceTestP4.parquet,-3.56,459.0,597.0,1382.0,10.600000381469727,87.70000457763672,0.02999114990234375,2.8293535709381104,87.70000457763672,0.0,929.6200561523438
08102025RollingResistanceTestP4.parquet,-3.55,456.0,597.0,1382.0,10.600000381469727,87.70000457763672,0.02999114990234375,2.8293535709381104,87.70000457763672,0.0,929.6200561523438
08102025RollingResistanceTestP4.parquet,-3.54,456.0,597.0,1426.0,10.600000381469727,87.70000457763672,0.02999114990234375,2.8293535709381104,87.70000457763672,0.0,929.6200561523438
08102025RollingResistanceTestP4.parquet,-3.53,450.0,597.0,1426.0,10.600000381469727,87.70000457763672,0.02999114990234375,2.8293535709381104,87.70000457763672,0.0,929.6200561523438
08102025RollingResistanceTestP4.parquet,-3.52,450.0,597.0,1426.0,10.600000381469727,87.70000457763672,0.02999114990234375,2.8293535709381104,87.70000457763672,0.0,929.6200561523438
08102025RollingResistanceTestP4.parquet,-3.51,452.0,597.0,1426.0,10.600000381469727,87.70000457763672,0.02999114990234375,2.8293535709381104,87.70000457763672,0.0,929.6200561523438
08102025RollingResistanceTestP4.parquet,-3.5,452.0,597.0,1488.0,10.600000381469727,87.70000457763672,0.02999114990234375,2.8293535709381104,87.70000457763672,0.0,929.6200561523438
08102025RollingResistanceTestP4.parquet,-3.49,452.0,597.0,1488.0,10.600000381469727,87.70000457763672,0.02999114990234375,2.8293535709381104,87.70000457763672,0.0,929.6200561523438
08102025RollingResistanceTestP4.parquet,-3.48,457.0,597.0,1488.0,10.600000381469727,87.70000457763672,0.02999114990234375,2.8293535709381104,87.70000457763672,0.0,929.6200561523438
08102025RollingResistanceTestP4.parquet,-3.47,457.0,597.0,1488.0,10.600000381469727,87.70000457763672,0.02999114990234375,2.8293535709381104,87.70000457763672,0.0,929.6200561523438
08102025RollingResistanceTestP4.parquet,-3.46,451.0,593.0,1495.0,10.600000381469727,87.70000457763672,0.02999114990234375,2.8293535709381104,87.70000457763672,0.0,929.6200561523438
08102025RollingResistanceTestP4.parquet,-3.45,451.0,593.0,1495.0,10.699999809265137,87.5999984741211,0.12999725341796875,12.149275779724121,87.5999984741211,-0.100006103515625,937.3199462890625
08102025RollingResistanceTestP4.parquet,-3.44,452.0,593.0,1495.0,10.699999809265137,87.5999984741211,0.12999725341796875,12.149275779724121,87.5999984741211,0.0,937.3199462890625
08102025RollingResistanceTestP4.parquet,-3.43,452.0,593.0,1495.0,10.699999809265137,87.5999984741211,0.12999725341796875,12.149275779724121,87.5999984741211,0.0,937.3199462890625
08102025RollingResistanceTestP4.parquet,-3.42,464.0,593.0,1491.0,10.699999809265137,87.5999984741211,0.12999725341796875,12.149275779724121,87.5999984741211,0.0,937.3199462890625
08102025RollingResistanceTestP4.parquet,-3.41,464.0,593.0,1491.0,10.90000057220459,87.5999984741211,0.12999725341796875,11.926353454589844,87.5999984741211,0.0,954.8400268554688
08102025RollingResistanceTestP4.parquet,-3.4,464.0,593.0,1491.0,10.90000057220459,87.5999984741211,0.12999725341796875,11.926353454589844,87.5999984741211,0.0,954.8400268554688
08102025RollingResistanceTestP4.parquet,-3.39,458.0,593.0,1491.0,10.90000057220459,87.5999984741211,0.12999725341796875,11.926353454589844,87.5999984741211,0.0,954.8400268554688
08102025RollingResistanceTestP4.parquet,-3.38,458.0,593.0,1465.0,10.90000057220459,87.5999984741211,0.12999725341796875,11.926353454589844,87.5999984741211,0.0,954.8400268554688
08102025RollingResistanceTestP4.parquet,-3.37,447.0,593.0,1465.0,11.0,87.70000457763672,0.02999114990234375,2.726468324661255,87.5999984741211,0.100006103515625,964.7000732421875
08102025RollingResistanceTestP4.parquet,-3.36,447.0,594.0,1465.0,11.0,87.70000457763672,0.0099945068359375,0.9085915684700012,87.5999984741211,0.0,964.7000732421875
08102025RollingResistanceTestP4.parquet,-3.35,456.0,594.0,1465.0,11.0,87.70000457763672,0.0099945068359375,0.9085915684700012,87.5999984741211,0.0,964.7000732421875
08102025RollingResistanceTestP4.parquet,-3.34,456.0,594.0,1476.0,11.0,87.70000457763672,0.0099945068359375,0.9085915684700012,87.5999984741211,0.0,964.7000732421875
08102025RollingResistanceTestP4.parquet,-3.33,460.0,594.0,1476.0,11.0,87.5999984741211,0.1100006103515625,10.000055313110352,87.5999984741211,-0.100006103515625,963.5999755859375
08102025RollingResistanceTestP4.parquet,-3.32,460.0,594.0,1476.0,11.0,87.5999984741211,0.1100006103515625,10.000055313110352,87.5999984741211,0.0,963.5999755859375
08102025RollingResistanceTestP4.parquet,-3.31,445.0,594.0,1476.0,11.0,87.5999984741211,0.1100006103515625,10.000055313110352,87.5999984741211,0.0,963.5999755859375
08102025RollingResistanceTestP4.parquet,-3.3,445.0,594.0,1465.0,11.0,87.5999984741211,0.1100006103515625,10.000055313110352,87.5999984741211,0.0,963.5999755859375
08102025RollingResistanceTestP4.parquet,-3.29,449.0,594.0,1465.0,11.0,87.5999984741211,0.1100006103515625,10.000055313110352,87.5999984741211,0.0,963.5999755859375
08102025RollingResistanceTestP4.parquet,-3.28,449.0,594.0,1465.0,10.90000057220459,87.70000457763672,0.0099945068359375,0.91692715883255,87.5999984741211,0.100006103515625,955.9301147460938
08102025RollingResistanceTestP4.parquet,-3.27,449.0,594.0,1465.0,10.90000057220459,87.70000457763672,0.0099945068359375,0.91692715883255,87.5999984741211,0.0,955.9301147460938
08102025RollingResistanceTestP4.parquet,-3.26,461.0,593.0,1453.0,10.90000057220459,87.70000457763672,0.0099945068359375,0.91692715883255,87.5999984741211,0.0,955.9301147460938
08102025RollingResistanceTestP4.parquet,-3.25,461.0,593.0,1453.0,10.90000057220459,87.70000457763672,0.0099945068359375,0.91692715883255,87.5999984741211,0.0,955.9301147460938
08102025RollingResistanceTestP4.parquet,-3.24,451.0,593.0,1453.0,10.90000057220459,87.5999984741211,0.1100006103515625,10.091798782348633,87.5999984741211,-0.100006103515625,954.8400268554688
08102025RollingResistanceTestP4.parquet,-3.23,451.0,593.0,1453.0,10.90000057220459,87.5999984741211,0.1100006103515625,10.091798782348633,87.5999984741211,0.0,954.8400268554688
08102025RollingResistanceTestP4.parquet,-3.22,448.0,593.0,1445.0,10.90000057220459,87.5999984741211,0.1100006103515625,10.091798782348633,87.5999984741211,0.0,954.8400268554688
08102025RollingResistanceTestP4.parquet,-3.21,448.0,593.0,1445.0,10.90000057220459,87.5999984741211,0.1100006103515625,10.091798782348633,87.5999984741211,0.0,954.8400268554688
08102025RollingResistanceTestP4.parquet,-3.2,459.0,593.0,1445.0,10.90000057220459,87.5999984741211,0.1100006103515625,10.091798782348633,87.5999984741211,0.0,954.8400268554688
08102025RollingResistanceTestP4.parquet,-3.19,459.0,593.0,1445.0,10.90000057220459,87.5999984741211,0.1100006103515625,10.091798782348633,87.5999984741211,0.0,954.8400268554688
08102025RollingResistanceTestP4.parquet,-3.18,458.0,593.0,1432.0,10.90000057220459,87.5999984741211,0.1100006103515625,10.091798782348633,87.5999984741211,0.0,954.8400268554688
08102025RollingResistanceTestP4.parquet,-3.17,458.0,593.0,1432.0,10.90000057220459,87.5999984741211,0.1100006103515625,10.091798782348633,87.5999984741211,0.0,954.8400268554688
08102025RollingResistanceTestP4.parquet,-3.16,458.0,590.0,1432.0,10.800000190734863,87.5999984741211,0.1100006103515625,10.18524169921875,87.5999984741211,0.0,946.0800170898438
08102025RollingResistanceTestP4.parquet,-3.15,445.0,590.0,1432.0,10.800000190734863,87.5999984741211,0.1100006103515625,10.18524169921875,87.5999984741211,0.0,946.0800170898438
08102025RollingResistanceTestP4.parquet,-3.14,445.0,590.0,1407.0,10.800000190734863,87.5999984741211,0.1100006103515625,10.18524169921875,87.5999984741211,0.0,946.0800170898438
08102025RollingResistanceTestP4.parquet,-3.13,454.0,590.0,1407.0,10.800000190734863,87.5999984741211,0.1100006103515625,10.18524169921875,87.5999984741211,0.0,946.0800170898438
08102025RollingResistanceTestP4.parquet,-3.12,454.0,590.0,1407.0,10.800000190734863,87.5999984741211,0.1100006103515625,10.18524169921875,87.5999984741211,0.0,946.0800170898438
08102025RollingResistanceTestP4.parquet,-3.11,461.0,590.0,1407.0,10.800000190734863,87.5999984741211,0.1100006103515625,10.18524169921875,87.5999984741211,0.0,946.0800170898438
08102025RollingResistanceTestP4.parquet,-3.1,461.0,590.0,1333.0,10.800000190734863,87.5999984741211,0.1100006103515625,10.18524169921875,87.5999984741211,0.0,946.0800170898438
08102025RollingResistanceTestP4.parquet,-3.09,455.0,590.0,1333.0,10.800000190734863,87.5999984741211,0.1100006103515625,10.18524169921875,87.5999984741211,0.0,946.0800170898438
08102025RollingResistanceTestP4.parquet,-3.08,455.0,590.0,1333.0,10.800000190734863,87.70000457763672,0.0099945068359375,0.9254173040390015,87.5999984741211,0.100006103515625,947.1600952148438
08102025RollingResistanceTestP4.parquet,-3.07,451.0,590.0,1333.0,10.800000190734863,87.70000457763672,0.0099945068359375,0.9254173040390015,87.5999984741211,0.0,947.1600952148438
08102025RollingResistanceTestP4.parquet,-3.06,451.0,575.0,1143.0,10.800000190734863,87.70000457763672,0.0099945068359375,0.9254173040390015,87.5999984741211,0.0,947.1600952148438
08102025RollingResistanceTestP4.parquet,-3.05,451.0,575.0,1143.0,10.800000190734863,87.70000457763672,0.0099945068359375,0.9254173040390015,87.5999984741211,0.0,947.1600952148438
08102025RollingResistanceTestP4.parquet,-3.04,456.0,575.0,1143.0,10.600000381469727,87.70000457763672,0.0099945068359375,0.9428779482841492,87.5999984741211,0.0,929.6200561523438
08102025RollingResistanceTestP4.parquet,-3.03,456.0,575.0,1143.0,10.600000381469727,87.70000457763672,0.0099945068359375,0.9428779482841492,87.5999984741211,0.0,929.6200561523438
08102025RollingResistanceTestP4.parquet,-3.02,448.0,575.0,1156.0,10.600000381469727,87.70000457763672,0.0099945068359375,0.9428779482841492,87.5999984741211,0.0,929.6200561523438
08102025RollingResistanceTestP4.parquet,-3.01,448.0,575.0,1156.0,10.600000381469727,87.70000457763672,0.0099945068359375,0.9428779482841492,87.5999984741211,0.0,929.6200561523438
08102025RollingResistanceTestP4.parquet,-3.0,447.0,575.0,1156.0,10.600000381469727,87.70000457763672,0.0099945068359375,0.9428779482841492,87.5999984741211,0.0,929.6200561523438
08102025RollingResistanceTestP4.parquet,-2.99,447.0,575.0,1156.0,10.199999809265137,87.70000457763672,0.0099945068359375,0.9798536896705627,87.5999984741211,0.0,894.5400390625
08102025RollingResistanceTestP4.parquet,-2.98,449.0,575.0,1164.0,10.199999809265137,87.70000457763672,0.0099945068359375,0.9798536896705627,87.5999984741211,0.0,894.5400390625
08102025RollingResistanceTestP4.parquet,-2.97,449.0,575.0,1164.0,10.199999809265137,87.70000457763672,0.0099945068359375,0.9798536896705627,87.5999984741211,0.0,894.5400390625
08102025RollingResistanceTestP4.parquet,-2.96,449.0,576.0,1164.0,10.199999809265137,87.70000457763672,-7.62939453125e-6,-0.0007479798514395952,87.5999984741211,0.0,894.5400390625
08102025RollingResistanceTestP4.parquet,-2.95,449.0,576.0,1164.0,10.0,87.70000457763672,-7.62939453125e-6,-0.000762939453125,87.5999984741211,0.0,877.0000610351562
08102025RollingResistanceTestP4.parquet,-2.94,449.0,576.0,1156.0,10.0,87.70000457763672,-7.62939453125e-6,-0.000762939453125,87.5999984741211,0.0,877.0000610351562
08102025RollingResistanceTestP4.parquet,-2.93,451.0,576.0,1156.0,10.0,87.70000457763672,-7.62939453125e-6,-0.000762939453125,87.5999984741211,0.0,877.0000610351562
08102025RollingResistanceTestP4.parquet,-2.92,451.0,576.0,1156.0,10.0,87.70000457763672,-7.62939453125e-6,-0.000762939453125,87.5999984741211,0.0,877.0000610351562
08102025RollingResistanceTestP4.parquet,-2.91,451.0,576.0,1156.0,10.0,87.70000457763672,-7.62939453125e-6,-0.000762939453125,87.5999984741211,0.0,877.0000610351562
08102025RollingResistanceTestP4.parquet,-2.9,451.0,576.0,1156.0,10.0,87.70000457763672,-7.62939453125e-6,-0.000762939453125,87.5999984741211,0.0,877.0000610351562
08102025RollingResistanceTestP4.parquet,-2.89,446.0,574.0,1156.0,10.0,87.70000457763672,0.0399932861328125,3.99932861328125,87.5999984741211,0.0,877.0000610351562
08102025RollingResistanceTestP4.parquet,-2.88,446.0,574.0,1156.0,9.600000381469727,87.70000457763672,0.0399932861328125,4.165966987609863,87.5999984741211,0.0,841.9201049804688
08102025RollingResistanceTestP4.parquet,-2.87,455.0,574.0,1118.0,9.600000381469727,87.70000457763672,0.0399932861328125,4.165966987609863,87.5999984741211,0.0,841.9201049804688
08102025RollingResistanceTestP4.parquet,-2.86,455.0,574.0,1118.0,9.600000381469727,87.70000457763672,0.0399932861328125,4.165966987609863,87.5999984741211,0.0,841.9201049804688
08102025RollingResistanceTestP4.parquet,-2.85,453.0,574.0,1118.0,9.600000381469727,87.70000457763672,0.0399932861328125,4.165966987609863,87.5999984741211,0.0,841.9201049804688
08102025RollingResistanceTestP4.parquet,-2.84,453.0,574.0,1118.0,9.600000381469727,87.70000457763672,0.0399932861328125,4.165966987609863,87.5999984741211,0.0,841.9201049804688
08102025RollingResistanceTestP4.parquet,-2.83,449.0,574.0,1130.0,9.600000381469727,87.70000457763672,0.0399932861328125,4.165966987609863,87.5999984741211,0.0,841.9201049804688
08102025RollingResistanceTestP4.parquet,-2.82,449.0,574.0,1130.0,9.600000381469727,87.70000457763672,0.0399932861328125,4.165966987609863,87.5999984741211,0.0,841.9201049804688
08102025RollingResistanceTestP4.parquet,-2.81,449.0,574.0,1130.0,9.600000381469727,87.70000457763672,0.0399932861328125,4.165966987609863,87.5999984741211,0.0,841.9201049804688
08102025RollingResistanceTestP4.parquet,-2.8,453.0,574.0,1130.0,9.600000381469727,87.70000457763672,0.0399932861328125,4.165966987609863,87.5999984741211,0.0,841.9201049804688
08102025RollingResistanceTestP4.parquet,-2.79,453.0,573.0,1103.0,9.600000381469727,87.70000457763672,0.0399932861328125,4.165966987609863,87.5999984741211,0.0,841.9201049804688
08102025RollingResistanceTestP4.parquet,-2.78,455.0,573.0,1103.0,9.600000381469727,87.70000457763672,0.0399932861328125,4.165966987609863,87.5999984741211,0.0,841.9201049804688
08102025RollingResistanceTestP4.parquet,-2.77,455.0,573.0,1103.0,9.600000381469727,87.70000457763672,0.0399932861328125,4.165966987609863,87.5999984741211,0.0,841.9201049804688
08102025RollingResistanceTestP4.parquet,-2.76,449.0,573.0,1103.0,9.600000381469727,87.70000457763672,0.0399932861328125,4.165966987609863,87.5999984741211,0.0,841.9201049804688
08102025RollingResistanceTestP4.parquet,-2.75,449.0,573.0,1103.0,9.600000381469727,87.70000457763672,0.0399932861328125,4.165966987609863,87.5999984741211,0.0,841.9201049804688
08102025RollingResistanceTestP4.parquet,-2.74,448.0,573.0,1103.0,9.600000381469727,87.70000457763672,0.0399932861328125,4.165966987609863,87.5999984741211,0.0,841.9201049804688
08102025RollingResistanceTestP4.parquet,-2.73,448.0,573.0,1103.0,9.600000381469727,87.70000457763672,0.0399932861328125,4.165966987609863,87.5999984741211,0.0,841.9201049804688
08102025RollingResistanceTestP4.parquet,-2.72,447.0,573.0,1103.0,9.600000381469727,87.70000457763672,0.0399932861328125,4.165966987609863,87.5999984741211,0.0,841.9201049804688
08102025RollingResistanceTestP4.parquet,-2.71,447.0,573.0,1057.0,9.5,87.70000457763672,0.0399932861328125,4.209819793701172,87.5999984741211,0.0,833.1500244140625
08102025RollingResistanceTestP4.parquet,-2.7,447.0,573.0,1057.0,9.5,87.70000457763672,0.0399932861328125,4.209819793701172,87.5999984741211,0.0,833.1500244140625
08102025RollingResistanceTestP4.parquet,-2.69,447.0,571.0,1057.0,9.5,87.70000457763672,0.0399932861328125,4.209819793701172,87.5999984741211,0.0,833.1500244140625
08102025RollingResistanceTestP4.parquet,-2.68,447.0,571.0,1057.0,9.5,87.70000457763672,0.0399932861328125,4.209819793701172,87.5999984741211,0.0,833.1500244140625
08102025RollingResistanceTestP4.parquet,-2.67,448.0,571.0,1071.0,9.40000057220459,87.70000457763672,0.0399932861328125,4.254604816436768,87.5999984741211,0.0,824.3800659179688
08102025RollingResistanceTestP4.parquet,-2.66,448.0,571.0,1071.0,9.40000057220459,87.70000457763672,0.0399932861328125,4.254604816436768,87.5999984741211,0.0,824.3800659179688
08102025RollingResistanceTestP4.parquet,-2.65,447.0,571.0,1071.0,9.40000057220459,87.70000457763672,0.0399932861328125,4.254604816436768,87.5999984741211,0.0,824.3800659179688
08102025RollingResistanceTestP4.parquet,-2.64,447.0,571.0,1071.0,9.40000057220459,87.70000457763672,0.0399932861328125,4.254604816436768,87.5999984741211,0.0,824.3800659179688
08102025RollingResistanceTestP4.parquet,-2.63,447.0,571.0,1071.0,9.300000190734863,87.70000457763672,0.0399932861328125,4.300353050231934,87.5999984741211,0.0,815.6100463867188
08102025RollingResistanceTestP4.parquet,-2.62,447.0,571.0,1071.0,9.300000190734863,87.70000457763672,0.0399932861328125,4.300353050231934,87.5999984741211,0.0,815.6100463867188
08102025RollingResistanceTestP4.parquet,-2.61,447.0,571.0,1071.0,9.300000190734863,87.70000457763672,0.0399932861328125,4.300353050231934,87.5999984741211,0.0,815.6100463867188
08102025RollingResistanceTestP4.parquet,-2.6,447.0,571.0,1071.0,9.300000190734863,87.70000457763672,0.0399932861328125,4.300353050231934,87.5999984741211,0.0,815.6100463867188
08102025RollingResistanceTestP4.parquet,-2.59,443.0,571.0,1057.0,9.300000190734863,87.80000305175781,-0.06000518798828125,-6.4521708488464355,87.70000457763672,0.09999847412109375,816.5400390625
08102025RollingResistanceTestP4.parquet,-2.58,443.0,571.0,1057.0,9.300000190734863,87.80000305175781,-0.06000518798828125,-6.4521708488464355,87.70000457763672,0.0,816.5400390625
08102025RollingResistanceTestP4.parquet,-2.57,442.0,571.0,1057.0,9.300000190734863,87.80000305175781,-0.06000518798828125,-6.4521708488464355,87.70000457763672,0.0,816.5400390625
08102025RollingResistanceTestP4.parquet,-2.56,442.0,571.0,1057.0,9.300000190734863,87.80000305175781,-0.06000518798828125,-6.4521708488464355,87.70000457763672,0.0,816.5400390625
08102025RollingResistanceTestP4.parquet,-2.55,451.0,571.0,1071.0,9.199999809265137,87.70000457763672,0.0399932861328125,4.347095966339111,87.70000457763672,-0.09999847412109375,806.8400268554688
08102025RollingResistanceTestP4.parquet,-2.54,451.0,571.0,1071.0,9.199999809265137,87.70000457763672,0.0399932861328125,4.347095966339111,87.70000457763672,0.0,806.8400268554688
08102025RollingResistanceTestP4.parquet,-2.53,451.0,571.0,1071.0,9.199999809265137,87.70000457763672,0.0399932861328125,4.347095966339111,87.70000457763672,0.0,806.8400268554688
08102025RollingResistanceTestP4.parquet,-2.52,450.0,571.0,1071.0,9.199999809265137,87.70000457763672,0.0399932861328125,4.347095966339111,87.70000457763672,0.0,806.8400268554688
08102025RollingResistanceTestP4.parquet,-2.51,450.0,571.0,1017.0,9.300000190734863,87.70000457763672,0.0399932861328125,4.300353050231934,87.70000457763672,0.0,815.6100463867188
08102025RollingResistanceTestP4.parquet,-2.5,445.0,571.0,1017.0,9.300000190734863,87.70000457763672,0.0399932861328125,4.300353050231934,87.70000457763672,0.0,815.6100463867188
08102025RollingResistanceTestP4.parquet,-2.49,445.0,570.0,1017.0,9.300000190734863,87.70000457763672,0.04999542236328125,5.375852108001709,87.70000457763672,0.0,815.6100463867188
08102025RollingResistanceTestP4.parquet,-2.48,447.0,570.0,1017.0,9.300000190734863,87.70000457763672,0.04999542236328125,5.375852108001709,87.70000457763672,0.0,815.6100463867188
08102025RollingResistanceTestP4.parquet,-2.47,447.0,570.0,1025.0,9.199999809265137,87.70000457763672,0.04999542236328125,5.4342851638793945,87.70000457763672,0.0,806.8400268554688
08102025RollingResistanceTestP4.parquet,-2.46,450.0,570.0,1025.0,9.199999809265137,87.70000457763672,0.04999542236328125,5.4342851638793945,87.70000457763672,0.0,806.8400268554688
08102025RollingResistanceTestP4.parquet,-2.45,450.0,570.0,1025.0,9.199999809265137,87.70000457763672,0.04999542236328125,5.4342851638793945,87.70000457763672,0.0,806.8400268554688
08102025RollingResistanceTestP4.parquet,-2.44,445.0,570.0,1025.0,9.199999809265137,87.70000457763672,0.04999542236328125,5.4342851638793945,87.70000457763672,0.0,806.8400268554688
08102025RollingResistanceTestP4.parquet,-2.43,445.0,570.0,1032.0,9.199999809265137,87.70000457763672,0.04999542236328125,5.4342851638793945,87.70000457763672,0.0,806.8400268554688
08102025RollingResistanceTestP4.parquet,-2.42,445.0,570.0,1032.0,9.199999809265137,87.80000305175781,-0.0500030517578125,-5.43511438369751,87.70000457763672,0.09999847412109375,807.760009765625
08102025RollingResistanceTestP4.parquet,-2.41,449.0,570.0,1032.0,9.199999809265137,87.80000305175781,-0.0500030517578125,-5.43511438369751,87.70000457763672,0.0,807.760009765625
08102025RollingResistanceTestP4.parquet,-2.4,449.0,570.0,1032.0,9.199999809265137,87.80000305175781,-0.0500030517578125,-5.43511438369751,87.70000457763672,0.0,807.760009765625
08102025RollingResistanceTestP4.parquet,-2.39,449.0,569.0,1025.0,9.199999809265137,87.80000305175781,-0.0500030517578125,-5.43511438369751,87.70000457763672,0.0,807.760009765625
08102025RollingResistanceTestP4.parquet,-2.38,449.0,569.0,1025.0,9.199999809265137,87.70000457763672,0.04999542236328125,5.4342851638793945,87.70000457763672,-0.09999847412109375,806.8400268554688
08102025RollingResistanceTestP4.parquet,-2.37,448.0,569.0,1025.0,9.199999809265137,87.70000457763672,0.04999542236328125,5.4342851638793945,87.70000457763672,0.0,806.8400268554688
08102025RollingResistanceTestP4.parquet,-2.36,448.0,569.0,1025.0,9.199999809265137,87.70000457763672,0.04999542236328125,5.4342851638793945,87.70000457763672,0.0,806.8400268554688
08102025RollingResistanceTestP4.parquet,-2.35,443.0,569.0,998.0,9.199999809265137,87.70000457763672,0.04999542236328125,5.4342851638793945,87.70000457763672,0.0,806.8400268554688
08102025RollingResistanceTestP4.parquet,-2.34,443.0,569.0,998.0,9.199999809265137,87.70000457763672,0.04999542236328125,5.4342851638793945,87.70000457763672,0.0,806.8400268554688
08102025RollingResistanceTestP4.parquet,-2.33,443.0,569.0,998.0,9.199999809265137,87.70000457763672,0.04999542236328125,5.4342851638793945,87.70000457763672,0.0,806.8400268554688
08102025RollingResistanceTestP4.parquet,-2.32,443.0,569.0,998.0,9.199999809265137,87.70000457763672,0.04999542236328125,5.4342851638793945,87.70000457763672,0.0,806.8400268554688
08102025RollingResistanceTestP4.parquet,-2.31,445.0,569.0,1006.0,9.199999809265137,87.70000457763672,0.04999542236328125,5.4342851638793945,87.70000457763672,0.0,806.8400268554688
08102025RollingResistanceTestP4.parquet,-2.3,445.0,569.0,1006.0,9.100000381469727,87.80000305175781,-0.0500030517578125,-5.494840621948242,87.70000457763672,0.09999847412109375,798.9800415039062
08102025RollingResistanceTestP4.parquet,-2.29,446.0,568.0,1006.0,9.100000381469727,87.80000305175781,-0.06000518798828125,-6.5939764976501465,87.70000457763672,0.0,798.9800415039062
08102025RollingResistanceTestP4.parquet,-2.28,446.0,568.0,1006.0,9.100000381469727,87.80000305175781,-0.06000518798828125,-6.5939764976501465,87.70000457763672,0.0,798.9800415039062
08102025RollingResistanceTestP4.parquet,-2.27,446.0,568.0,987.0,9.100000381469727,87.80000305175781,-0.06000518798828125,-6.5939764976501465,87.70000457763672,0.0,798.9800415039062
08102025RollingResistanceTestP4.parquet,-2.26,446.0,568.0,987.0,9.100000381469727,87.80000305175781,-0.06000518798828125,-6.5939764976501465,87.70000457763672,0.0,798.9800415039062
08102025RollingResistanceTestP4.parquet,-2.25,446.0,568.0,987.0,9.100000381469727,87.80000305175781,-0.06000518798828125,-6.5939764976501465,87.70000457763672,0.0,798.9800415039062
08102025RollingResistanceTestP4.parquet,-2.24,442.0,568.0,987.0,9.100000381469727,87.80000305175781,-0.06000518798828125,-6.5939764976501465,87.70000457763672,0.0,798.9800415039062
08102025RollingResistanceTestP4.parquet,-2.23,442.0,568.0,1000.0,9.100000381469727,87.80000305175781,-0.06000518798828125,-6.5939764976501465,87.70000457763672,0.0,798.9800415039062
08102025RollingResistanceTestP4.parquet,-2.22,441.0,568.0,1000.0,9.0,87.80000305175781,-0.06000518798828125,-6.667243480682373,87.70000457763672,0.0,790.2000122070312
08102025RollingResistanceTestP4.parquet,-2.21,441.0,568.0,1000.0,9.0,87.80000305175781,-0.06000518798828125,-6.667243480682373,87.70000457763672,0.0,790.2000122070312
08102025RollingResistanceTestP4.parquet,-2.2,441.0,568.0,1000.0,9.0,87.80000305175781,-0.06000518798828125,-6.667243480682373,87.70000457763672,0.0,790.2000122070312
08102025RollingResistanceTestP4.parquet,-2.19,441.0,568.0,994.0,9.0,87.80000305175781,-0.06000518798828125,-6.667243480682373,87.70000457763672,0.0,790.2000122070312
08102025RollingResistanceTestP4.parquet,-2.18,436.0,568.0,994.0,9.0,87.70000457763672,0.0399932861328125,4.443698406219482,87.70000457763672,-0.09999847412109375,789.300048828125
08102025RollingResistanceTestP4.parquet,-2.17,436.0,568.0,994.0,9.0,87.70000457763672,0.0399932861328125,4.443698406219482,87.70000457763672,0.0,789.300048828125
08102025RollingResistanceTestP4.parquet,-2.16,440.0,568.0,994.0,9.0,87.70000457763672,0.0399932861328125,4.443698406219482,87.70000457763672,0.0,789.300048828125
08102025RollingResistanceTestP4.parquet,-2.15,440.0,568.0,1000.0,9.0,87.70000457763672,0.0399932861328125,4.443698406219482,87.70000457763672,0.0,789.300048828125
08102025RollingResistanceTestP4.parquet,-2.14,447.0,568.0,1000.0,9.0,87.80000305175781,-0.06000518798828125,-6.667243480682373,87.70000457763672,0.09999847412109375,790.2000122070312
08102025RollingResistanceTestP4.parquet,-2.13,447.0,568.0,1000.0,9.0,87.80000305175781,-0.06000518798828125,-6.667243480682373,87.70000457763672,0.0,790.2000122070312
08102025RollingResistanceTestP4.parquet,-2.12,447.0,568.0,1000.0,9.0,87.80000305175781,-0.06000518798828125,-6.667243480682373,87.70000457763672,0.0,790.2000122070312
08102025RollingResistanceTestP4.parquet,-2.11,447.0,568.0,1000.0,9.0,87.80000305175781,-0.06000518798828125,-6.667243480682373,87.70000457763672,0.0,790.2000122070312
08102025RollingResistanceTestP4.parquet,-2.1,447.0,568.0,973.0,9.0,87.80000305175781,-0.06000518798828125,-6.667243480682373,87.70000457763672,0.0,790.2000122070312
08102025RollingResistanceTestP4.parquet,-2.09,447.0,568.0,973.0,9.0,87.80000305175781,-0.06000518798828125,-6.667243480682373,87.70000457763672,0.0,790.2000122070312
08102025RollingResistanceTestP4.parquet,-2.08,438.0,568.0,973.0,8.90000057220459,87.70000457763672,0.0399932861328125,4.493627071380615,87.70000457763672,-0.09999847412109375,780.5300903320312
08102025RollingResistanceTestP4.parquet,-2.07,438.0,568.0,973.0,8.90000057220459,87.70000457763672,0.0399932861328125,4.493627071380615,87.70000457763672,0.0,780.5300903320312
08102025RollingResistanceTestP4.parquet,-2.06,438.0,568.0,972.0,8.90000057220459,87.70000457763672,0.0399932861328125,4.493627071380615,87.70000457763672,0.0,780.5300903320312
08102025RollingResistanceTestP4.parquet,-2.05,438.0,568.0,972.0,8.90000057220459,87.70000457763672,0.0399932861328125,4.493627071380615,87.70000457763672,0.0,780.5300903320312
08102025RollingResistanceTestP4.parquet,-2.04,438.0,565.0,972.0,8.90000057220459,87.80000305175781,-0.06000518798828125,-6.7421555519104,87.70000457763672,0.09999847412109375,781.4201049804688
08102025RollingResistanceTestP4.parquet,-2.03,438.0,565.0,972.0,8.90000057220459,87.80000305175781,-0.06000518798828125,-6.7421555519104,87.70000457763672,0.0,781.4201049804688
08102025RollingResistanceTestP4.parquet,-2.02,437.0,565.0,966.0,8.90000057220459,87.80000305175781,-0.06000518798828125,-6.7421555519104,87.70000457763672,0.0,781.4201049804688
08102025RollingResistanceTestP4.parquet,-2.01,437.0,565.0,966.0,8.90000057220459,87.80000305175781,-0.06000518798828125,-6.7421555519104,87.70000457763672,0.0,781.4201049804688
08102025RollingResistanceTestP4.parquet,-2.0,439.0,565.0,966.0,8.90000057220459,87.70000457763672,0.0399932861328125,4.493627071380615,87.70000457763672,-0.09999847412109375,780.5300903320312
08102025RollingResistanceTestP4.parquet,-1.99,439.0,565.0,966.0,8.90000057220459,87.70000457763672,0.0399932861328125,4.493627071380615,87.70000457763672,0.0,780.5300903320312
08102025RollingResistanceTestP4.parquet,-1.98,437.0,565.0,973.0,8.90000057220459,87.70000457763672,0.0399932861328125,4.493627071380615,87.70000457763672,0.0,780.5300903320312
08102025RollingResistanceTestP4.parquet,-1.97,437.0,565.0,973.0,8.90000057220459,87.70000457763672,0.0399932861328125,4.493627071380615,87.70000457763672,0.0,780.5300903320312
08102025RollingResistanceTestP4.parquet,-1.96,437.0,565.0,973.0,8.90000057220459,87.70000457763672,0.0399932861328125,4.493627071380615,87.70000457763672,0.0,780.5300903320312
08102025RollingResistanceTestP4.parquet,-1.95,432.0,565.0,973.0,8.90000057220459,87.70000457763672,0.0399932861328125,4.493627071380615,87.70000457763672,0.0,780.5300903320312
08102025RollingResistanceTestP4.parquet,-1.94,432.0,565.0,935.0,8.90000057220459,87.70000457763672,0.04999542236328125,5.617463111877441,87.70000457763672,0.0,780.5300903320312
08102025RollingResistanceTestP4.parquet,-1.93,429.0,565.0,935.0,8.90000057220459,87.70000457763672,0.04999542236328125,5.617463111877441,87.70000457763672,0.0,780.5300903320312
08102025RollingResistanceTestP4.parquet,-1.92,429.0,565.0,935.0,8.90000057220459,87.70000457763672,0.04999542236328125,5.617463111877441,87.70000457763672,0.0,780.5300903320312
08102025RollingResistanceTestP4.parquet,-1.91,431.0,565.0,935.0,8.800000190734863,87.70000457763672,0.04999542236328125,5.681297779083252,87.70000457763672,0.0,771.7600708007812
08102025RollingResistanceTestP4.parquet,-1.9,431.0,565.0,926.0,8.800000190734863,87.70000457763672,0.04999542236328125,5.681297779083252,87.70000457763672,0.0,771.7600708007812
08102025RollingResistanceTestP4.parquet,-1.89,431.0,565.0,926.0,8.800000190734863,87.70000457763672,0.04999542236328125,5.681297779083252,87.70000457763672,0.0,771.7600708007812
08102025RollingResistanceTestP4.parquet,-1.88,431.0,565.0,926.0,8.800000190734863,87.70000457763672,0.04999542236328125,5.681297779083252,87.70000457763672,0.0,771.7600708007812
08102025RollingResistanceTestP4.parquet,-1.87,430.0,565.0,926.0,8.699999809265137,87.80000305175781,-0.0500030517578125,-5.7474775314331055,87.70000457763672,0.09999847412109375,763.8599853515625
08102025RollingResistanceTestP4.parquet,-1.86,430.0,565.0,922.0,8.699999809265137,87.80000305175781,-0.0500030517578125,-5.7474775314331055,87.70000457763672,0.0,763.8599853515625
08102025RollingResistanceTestP4.parquet,-1.85,430.0,565.0,922.0,8.699999809265137,87.80000305175781,-0.0500030517578125,-5.7474775314331055,87.70000457763672,0.0,763.8599853515625
08102025RollingResistanceTestP4.parquet,-1.84,432.0,564.0,922.0,8.699999809265137,87.80000305175781,-0.0500030517578125,-5.7474775314331055,87.70000457763672,0.0,763.8599853515625
08102025RollingResistanceTestP4.parquet,-1.83,432.0,564.0,922.0,8.699999809265137,87.70000457763672,0.04999542236328125,5.746600151062012,87.70000457763672,-0.09999847412109375,762.9900512695312
08102025RollingResistanceTestP4.parquet,-1.82,433.0,564.0,920.0,8.699999809265137,87.70000457763672,0.04999542236328125,5.746600151062012,87.70000457763672,0.0,762.9900512695312
08102025RollingResistanceTestP4.parquet,-1.81,433.0,564.0,920.0,8.699999809265137,87.70000457763672,0.04999542236328125,5.746600151062012,87.70000457763672,0.0,762.9900512695312
08102025RollingResistanceTestP4.parquet,-1.8,432.0,564.0,920.0,8.699999809265137,87.70000457763672,0.04999542236328125,5.746600151062012,87.70000457763672,0.0,762.9900512695312
08102025RollingResistanceTestP4.parquet,-1.79,432.0,564.0,920.0,8.699999809265137,87.70000457763672,0.04999542236328125,5.746600151062012,87.70000457763672,0.0,762.9900512695312
08102025RollingResistanceTestP4.parquet,-1.78,425.0,564.0,926.0,8.699999809265137,87.70000457763672,0.04999542236328125,5.746600151062012,87.70000457763672,0.0,762.9900512695312
08102025RollingResistanceTestP4.parquet,-1.77,425.0,564.0,926.0,8.699999809265137,87.70000457763672,0.04999542236328125,5.746600151062012,87.70000457763672,0.0,762.9900512695312
08102025RollingResistanceTestP4.parquet,-1.76,427.0,564.0,926.0,8.699999809265137,87.70000457763672,0.04999542236328125,5.746600151062012,87.70000457763672,0.0,762.9900512695312
08102025RollingResistanceTestP4.parquet,-1.75,427.0,564.0,926.0,8.600000381469727,87.80000305175781,-0.0500030517578125,-5.814308166503906,87.70000457763672,0.09999847412109375,755.080078125
08102025RollingResistanceTestP4.parquet,-1.74,427.0,560.0,861.0,8.600000381469727,87.80000305175781,-0.04001617431640625,-4.653043270111084,87.70000457763672,0.0,755.080078125
08102025RollingResistanceTestP4.parquet,-1.73,440.0,560.0,861.0,8.600000381469727,87.80000305175781,-0.04001617431640625,-4.653043270111084,87.70000457763672,0.0,755.080078125
08102025RollingResistanceTestP4.parquet,-1.72,440.0,560.0,861.0,8.600000381469727,87.80000305175781,-0.04001617431640625,-4.653043270111084,87.70000457763672,0.0,755.080078125
08102025RollingResistanceTestP4.parquet,-1.71,437.0,560.0,861.0,8.600000381469727,87.70000457763672,0.0599822998046875,6.974686145782471,87.70000457763672,-0.09999847412109375,754.2200927734375
08102025RollingResistanceTestP4.parquet,-1.7,437.0,560.0,783.0,8.600000381469727,87.70000457763672,0.0599822998046875,6.974686145782471,87.70000457763672,0.0,754.2200927734375
08102025RollingResistanceTestP4.parquet,-1.69,424.0,560.0,783.0,8.600000381469727,87.70000457763672,0.0599822998046875,6.974686145782471,87.70000457763672,0.0,754.2200927734375
08102025RollingResistanceTestP4.parquet,-1.68,424.0,560.0,783.0,8.600000381469727,87.70000457763672,0.0599822998046875,6.974686145782471,87.70000457763672,0.0,754.2200927734375
08102025RollingResistanceTestP4.parquet,-1.67,426.0,560.0,783.0,8.600000381469727,87.70000457763672,0.0599822998046875,6.974686145782471,87.70000457763672,0.0,754.2200927734375
08102025RollingResistanceTestP4.parquet,-1.66,426.0,560.0,790.0,8.40000057220459,87.70000457763672,0.0599822998046875,7.140749454498291,87.70000457763672,0.0,736.6801147460938
08102025RollingResistanceTestP4.parquet,-1.65,426.0,560.0,790.0,8.40000057220459,87.70000457763672,0.0599822998046875,7.140749454498291,87.70000457763672,0.0,736.6801147460938
08102025RollingResistanceTestP4.parquet,-1.64,427.0,556.0,790.0,8.40000057220459,87.70000457763672,0.0599822998046875,7.140749454498291,87.70000457763672,0.0,736.6801147460938
08102025RollingResistanceTestP4.parquet,-1.63,428.0,556.0,790.0,8.40000057220459,87.70000457763672,0.0599822998046875,7.140749454498291,87.70000457763672,0.0,736.6801147460938
08102025RollingResistanceTestP4.parquet,-1.62,428.0,556.0,784.0,8.300000190734863,87.80000305175781,-0.04001617431640625,-4.821225643157959,87.70000457763672,0.09999847412109375,728.7400512695312
08102025RollingResistanceTestP4.parquet,-1.61,428.0,556.0,784.0,8.300000190734863,87.80000305175781,-0.04001617431640625,-4.821225643157959,87.70000457763672,0.0,728.7400512695312
08102025RollingResistanceTestP4.parquet,-1.6,434.0,556.0,784.0,8.300000190734863,87.80000305175781,-0.04001617431640625,-4.821225643157959,87.70000457763672,0.0,728.7400512695312
08102025RollingResistanceTestP4.parquet,-1.59,434.0,556.0,784.0,8.300000190734863,87.80000305175781,-0.04001617431640625,-4.821225643157959,87.70000457763672,0.0,728.7400512695312
08102025RollingResistanceTestP4.parquet,-1.58,439.0,556.0,783.0,8.199999809265137,87.70000457763672,0.0599822998046875,7.314914703369141,87.70000457763672,-0.09999847412109375,719.1400146484375
08102025RollingResistanceTestP4.parquet,-1.57,439.0,556.0,783.0,8.199999809265137,87.70000457763672,0.0599822998046875,7.314914703369141,87.70000457763672,0.0,719.1400146484375
08102025RollingResistanceTestP4.parquet,-1.56,432.0,556.0,783.0,8.199999809265137,87.70000457763672,0.0599822998046875,7.314914703369141,87.70000457763672,0.0,719.1400146484375
08102025RollingResistanceTestP4.parquet,-1.55,432.0,556.0,783.0,8.199999809265137,87.70000457763672,0.0599822998046875,7.314914703369141,87.70000457763672,0.0,719.1400146484375
08102025RollingResistanceTestP4.parquet,-1.54,425.0,556.0,777.0,8.199999809265137,87.70000457763672,0.07999420166015625,9.755391120910645,87.70000457763672,0.0,719.1400146484375
08102025RollingResistanceTestP4.parquet,-1.53,425.0,556.0,777.0,8.199999809265137,87.70000457763672,0.07999420166015625,9.755391120910645,87.70000457763672,0.0,719.1400146484375
08102025RollingResistanceTestP4.parquet,-1.52,425.0,556.0,777.0,8.199999809265137,87.70000457763672,0.07999420166015625,9.755391120910645,87.70000457763672,0.0,719.1400146484375
08102025RollingResistanceTestP4.parquet,-1.51,429.0,556.0,777.0,8.199999809265137,87.70000457763672,0.07999420166015625,9.755391120910645,87.70000457763672,0.0,719.1400146484375
08102025RollingResistanceTestP4.parquet,-1.5,429.0,556.0,764.0,8.199999809265137,87.70000457763672,0.07999420166015625,9.755391120910645,87.70000457763672,0.0,719.1400146484375
08102025RollingResistanceTestP4.parquet,-1.49,427.0,556.0,764.0,8.100000381469727,87.70000457763672,0.07999420166015625,9.875826835632324,87.70000457763672,0.0,710.3700561523438
08102025RollingResistanceTestP4.parquet,-1.48,427.0,556.0,764.0,8.100000381469727,87.70000457763672,0.07999420166015625,9.875826835632324,87.70000457763672,0.0,710.3700561523438
08102025RollingResistanceTestP4.parquet,-1.47,426.0,556.0,764.0,8.100000381469727,87.70000457763672,0.07999420166015625,9.875826835632324,87.70000457763672,0.0,710.3700561523438
08102025RollingResistanceTestP4.parquet,-1.46,426.0,556.0,770.0,8.100000381469727,87.70000457763672,0.07999420166015625,9.875826835632324,87.70000457763672,0.0,710.3700561523438
08102025RollingResistanceTestP4.parquet,-1.45,430.0,556.0,770.0,8.100000381469727,87.80000305175781,-0.0200042724609375,-2.469663143157959,87.70000457763672,0.09999847412109375,711.1800537109375
08102025RollingResistanceTestP4.parquet,-1.44,430.0,555.0,770.0,8.100000381469727,87.80000305175781,-0.03000640869140625,-3.7044947147369385,87.70000457763672,0.0,711.1800537109375
08102025RollingResistanceTestP4.parquet,-1.43,427.0,555.0,770.0,8.100000381469727,87.80000305175781,-0.03000640869140625,-3.7044947147369385,87.70000457763672,0.0,711.1800537109375
08102025RollingResistanceTestP4.parquet,-1.42,427.0,555.0,764.0,8.100000381469727,87.80000305175781,-0.03000640869140625,-3.7044947147369385,87.70000457763672,0.0,711.1800537109375
08102025RollingResistanceTestP4.parquet,-1.41,427.0,555.0,764.0,8.100000381469727,87.80000305175781,-0.03000640869140625,-3.7044947147369385,87.70000457763672,0.0,711.1800537109375
08102025RollingResistanceTestP4.parquet,-1.4,422.0,555.0,764.0,8.100000381469727,87.80000305175781,-0.03000640869140625,-3.7044947147369385,87.70000457763672,0.0,711.1800537109375
08102025RollingResistanceTestP4.parquet,-1.39,422.0,555.0,764.0,8.100000381469727,87.80000305175781,-0.03000640869140625,-3.7044947147369385,87.70000457763672,0.0,711.1800537109375
08102025RollingResistanceTestP4.parquet,-1.38,426.0,555.0,764.0,8.100000381469727,87.80000305175781,-0.03000640869140625,-3.7044947147369385,87.70000457763672,0.0,711.1800537109375
08102025RollingResistanceTestP4.parquet,-1.37,426.0,555.0,764.0,8.0,87.80000305175781,-0.03000640869140625,-3.7508010864257812,87.70000457763672,0.0,702.4000244140625
08102025RollingResistanceTestP4.parquet,-1.36,429.0,555.0,764.0,8.0,87.80000305175781,-0.03000640869140625,-3.7508010864257812,87.70000457763672,0.0,702.4000244140625
08102025RollingResistanceTestP4.parquet,-1.35,429.0,555.0,764.0,8.0,87.80000305175781,-0.03000640869140625,-3.7508010864257812,87.70000457763672,0.0,702.4000244140625
08102025RollingResistanceTestP4.parquet,-1.34,430.0,556.0,770.0,8.0,87.80000305175781,-0.03000640869140625,-3.7508010864257812,87.70000457763672,0.0,702.4000244140625
08102025RollingResistanceTestP4.parquet,-1.33,430.0,556.0,770.0,8.0,87.80000305175781,-0.03000640869140625,-3.7508010864257812,87.70000457763672,0.0,702.4000244140625
08102025RollingResistanceTestP4.parquet,-1.32,430.0,556.0,770.0,8.0,87.80000305175781,-0.03000640869140625,-3.7508010864257812,87.70000457763672,0.0,702.4000244140625
08102025RollingResistanceTestP4.parquet,-1.31,430.0,556.0,770.0,8.0,87.80000305175781,-0.03000640869140625,-3.7508010864257812,87.70000457763672,0.0,702.4000244140625
08102025RollingResistanceTestP4.parquet,-1.3,430.0,556.0,770.0,8.0,87.80000305175781,-0.03000640869140625,-3.7508010864257812,87.70000457763672,0.0,702.4000244140625
08102025RollingResistanceTestP4.parquet,-1.29,425.0,555.0,758.0,8.0,87.80000305175781,-0.03000640869140625,-3.7508010864257812,87.70000457763672,0.0,702.4000244140625
08102025RollingResistanceTestP4.parquet,-1.28,425.0,555.0,758.0,8.0,87.80000305175781,-0.03000640869140625,-3.7508010864257812,87.70000457763672,0.0,702.4000244140625
08102025RollingResistanceTestP4.parquet,-1.27,426.0,555.0,758.0,7.900000095367432,87.70000457763672,0.0699920654296875,8.859755516052246,87.70000457763672,-0.09999847412109375,692.8300170898438
08102025RollingResistanceTestP4.parquet,-1.26,426.0,555.0,758.0,7.900000095367432,87.70000457763672,0.0699920654296875,8.859755516052246,87.70000457763672,0.0,692.8300170898438
08102025RollingResistanceTestP4.parquet,-1.25,428.0,555.0,771.0,7.900000095367432,87.70000457763672,0.0699920654296875,8.859755516052246,87.70000457763672,0.0,692.8300170898438
08102025RollingResistanceTestP4.parquet,-1.24,428.0,555.0,771.0,7.900000095367432,87.70000457763672,0.0699920654296875,8.859755516052246,87.70000457763672,0.0,692.8300170898438
08102025RollingResistanceTestP4.parquet,-1.23,430.0,555.0,771.0,7.900000095367432,87.80000305175781,-0.03000640869140625,-3.7982795238494873,87.70000457763672,0.09999847412109375,693.6200561523438
08102025RollingResistanceTestP4.parquet,-1.22,430.0,555.0,771.0,7.900000095367432,87.80000305175781,-0.03000640869140625,-3.7982795238494873,87.70000457763672,0.0,693.6200561523438
08102025RollingResistanceTestP4.parquet,-1.21,430.0,555.0,765.0,7.900000095367432,87.80000305175781,-0.03000640869140625,-3.7982795238494873,87.70000457763672,0.0,693.6200561523438
08102025RollingResistanceTestP4.parquet,-1.2,430.0,555.0,765.0,7.900000095367432,87.80000305175781,-0.03000640869140625,-3.7982795238494873,87.70000457763672,0.0,693.6200561523438
08102025RollingResistanceTestP4.parquet,-1.19,430.0,556.0,765.0,8.0,87.70000457763672,0.0699920654296875,8.749008178710938,87.70000457763672,-0.09999847412109375,701.6000366210938
08102025RollingResistanceTestP4.parquet,-1.18,430.0,556.0,765.0,8.0,87.70000457763672,0.0699920654296875,8.749008178710938,87.70000457763672,0.0,701.6000366210938
08102025RollingResistanceTestP4.parquet,-1.17,424.0,556.0,758.0,8.0,87.70000457763672,0.0699920654296875,8.749008178710938,87.70000457763672,0.0,701.6000366210938
08102025RollingResistanceTestP4.parquet,-1.16,424.0,556.0,758.0,8.0,87.70000457763672,0.0699920654296875,8.749008178710938,87.70000457763672,0.0,701.6000366210938
08102025RollingResistanceTestP4.parquet,-1.15,421.0,556.0,758.0,8.0,87.80000305175781,-0.03000640869140625,-3.7508010864257812,87.70000457763672,0.09999847412109375,702.4000244140625
08102025RollingResistanceTestP4.parquet,-1.14,421.0,556.0,758.0,8.0,87.80000305175781,-0.03000640869140625,-3.7508010864257812,87.70000457763672,0.0,702.4000244140625
08102025RollingResistanceTestP4.parquet,-1.13,421.0,556.0,767.0,8.0,87.80000305175781,-0.03000640869140625,-3.7508010864257812,87.70000457763672,0.0,702.4000244140625
08102025RollingResistanceTestP4.parquet,-1.12,423.0,556.0,767.0,8.0,87.80000305175781,-0.03000640869140625,-3.7508010864257812,87.70000457763672,0.0,702.4000244140625
08102025RollingResistanceTestP4.parquet,-1.11,423.0,556.0,767.0,8.0,87.80000305175781,-0.03000640869140625,-3.7508010864257812,87.70000457763672,0.0,702.4000244140625
08102025RollingResistanceTestP4.parquet,-1.1,425.0,556.0,767.0,8.0,87.80000305175781,-0.03000640869140625,-3.7508010864257812,87.70000457763672,0.0,702.4000244140625
08102025RollingResistanceTestP4.parquet,-1.09,425.0,556.0,765.0,8.0,87.80000305175781,-0.03000640869140625,-3.7508010864257812,87.70000457763672,0.0,702.4000244140625
08102025RollingResistanceTestP4.parquet,-1.08,421.0,556.0,765.0,8.0,87.80000305175781,-0.03000640869140625,-3.7508010864257812,87.70000457763672,0.0,702.4000244140625
08102025RollingResistanceTestP4.parquet,-1.07,421.0,556.0,765.0,8.0,87.80000305175781,-0.03000640869140625,-3.7508010864257812,87.70000457763672,0.0,702.4000244140625
08102025RollingResistanceTestP4.parquet,-1.06,424.0,556.0,765.0,8.0,87.80000305175781,-0.03000640869140625,-3.7508010864257812,87.70000457763672,0.0,702.4000244140625
08102025RollingResistanceTestP4.parquet,-1.05,424.0,556.0,773.0,8.0,87.80000305175781,-0.03000640869140625,-3.7508010864257812,87.70000457763672,0.0,702.4000244140625
08102025RollingResistanceTestP4.parquet,-1.04,430.0,556.0,773.0,8.0,87.80000305175781,-0.03000640869140625,-3.7508010864257812,87.70000457763672,0.0,702.4000244140625
08102025RollingResistanceTestP4.parquet,-1.03,430.0,556.0,773.0,8.0,87.70000457763672,0.0699920654296875,8.749008178710938,87.70000457763672,-0.09999847412109375,701.6000366210938
08102025RollingResistanceTestP4.parquet,-1.02,428.0,556.0,773.0,8.0,87.70000457763672,0.0699920654296875,8.749008178710938,87.70000457763672,0.0,701.6000366210938
08102025RollingResistanceTestP4.parquet,-1.01,428.0,556.0,759.0,8.0,87.70000457763672,0.0699920654296875,8.749008178710938,87.70000457763672,0.0,701.6000366210938
08102025RollingResistanceTestP4.parquet,-1.0,419.0,556.0,759.0,8.0,87.70000457763672,0.0699920654296875,8.749008178710938,87.70000457763672,0.0,701.6000366210938
08102025RollingResistanceTestP4.parquet,-0.99,419.0,558.0,759.0,8.0,87.70000457763672,0.0699920654296875,8.749008178710938,87.70000457763672,0.0,701.6000366210938
08102025RollingResistanceTestP4.parquet,-0.98,419.0,558.0,759.0,8.0,87.70000457763672,0.0699920654296875,8.749008178710938,87.70000457763672,0.0,701.6000366210938
08102025RollingResistanceTestP4.parquet,-0.97,424.0,558.0,759.0,8.0,87.70000457763672,0.0699920654296875,8.749008178710938,87.70000457763672,0.0,701.6000366210938
08102025RollingResistanceTestP4.parquet,-0.96,424.0,558.0,759.0,8.0,87.70000457763672,0.0699920654296875,8.749008178710938,87.70000457763672,0.0,701.6000366210938
08102025RollingResistanceTestP4.parquet,-0.95,429.0,558.0,759.0,8.0,87.70000457763672,0.0699920654296875,8.749008178710938,87.70000457763672,0.0,701.6000366210938
08102025RollingResistanceTestP4.parquet,-0.94,429.0,558.0,759.0,8.0,87.70000457763672,0.0699920654296875,8.749008178710938,87.70000457763672,0.0,701.6000366210938
08102025RollingResistanceTestP4.parquet,-0.93,426.0,558.0,767.0,8.0,87.70000457763672,0.0699920654296875,8.749008178710938,87.70000457763672,0.0,701.6000366210938
08102025RollingResistanceTestP4.parquet,-0.92,426.0,558.0,767.0,8.0,87.70000457763672,0.0699920654296875,8.749008178710938,87.70000457763672,0.0,701.6000366210938
08102025RollingResistanceTestP4.parquet,-0.91,424.0,558.0,767.0,8.0,87.70000457763672,0.0699920654296875,8.749008178710938,87.70000457763672,0.0,701.6000366210938
08102025RollingResistanceTestP4.parquet,-0.9,424.0,558.0,767.0,8.0,87.70000457763672,0.0699920654296875,8.749008178710938,87.70000457763672,0.0,701.6000366210938
08102025RollingResistanceTestP4.parquet,-0.89,424.0,561.0,803.0,8.0,87.70000457763672,0.0699920654296875,8.749008178710938,87.70000457763672,0.0,701.6000366210938
08102025RollingResistanceTestP4.parquet,-0.88,427.0,561.0,803.0,8.0,87.70000457763672,0.0699920654296875,8.749008178710938,87.70000457763672,0.0,701.6000366210938
08102025RollingResistanceTestP4.parquet,-0.87,427.0,561.0,803.0,8.0,87.70000457763672,0.0699920654296875,8.749008178710938,87.70000457763672,0.0,701.6000366210938
08102025RollingResistanceTestP4.parquet,-0.86,424.0,561.0,803.0,8.0,87.70000457763672,0.0699920654296875,8.749008178710938,87.70000457763672,0.0,701.6000366210938
08102025RollingResistanceTestP4.parquet,-0.85,424.0,561.0,841.0,8.0,87.70000457763672,0.0699920654296875,8.749008178710938,87.70000457763672,0.0,701.6000366210938
08102025RollingResistanceTestP4.parquet,-0.84,427.0,561.0,841.0,8.0,87.70000457763672,0.0699920654296875,8.749008178710938,87.70000457763672,0.0,701.6000366210938
08102025RollingResistanceTestP4.parquet,-0.83,427.0,561.0,841.0,8.0,87.70000457763672,0.0699920654296875,8.749008178710938,87.70000457763672,0.0,701.6000366210938
08102025RollingResistanceTestP4.parquet,-0.82,430.0,561.0,841.0,8.0,87.70000457763672,0.0699920654296875,8.749008178710938,87.70000457763672,0.0,701.6000366210938
08102025RollingResistanceTestP4.parquet,-0.81,430.0,561.0,855.0,8.0,87.70000457763672,0.0699920654296875,8.749008178710938,87.70000457763672,0.0,701.6000366210938
08102025RollingResistanceTestP4.parquet,-0.8,424.0,561.0,855.0,8.0,87.70000457763672,0.0699920654296875,8.749008178710938,87.70000457763672,0.0,701.6000366210938
08102025RollingResistanceTestP4.parquet,-0.79,424.0,566.0,855.0,8.0,87.70000457763672,0.0699920654296875,8.749008178710938,87.70000457763672,0.0,701.6000366210938
08102025RollingResistanceTestP4.parquet,-0.78,424.0,566.0,855.0,8.0,87.70000457763672,0.0699920654296875,8.749008178710938,87.70000457763672,0.0,701.6000366210938
08102025RollingResistanceTestP4.parquet,-0.77,422.0,566.0,875.0,8.100000381469727,87.70000457763672,0.0699920654296875,8.640995025634766,87.70000457763672,0.0,710.3700561523438
08102025RollingResistanceTestP4.parquet,-0.76,422.0,566.0,875.0,8.100000381469727,87.70000457763672,0.0699920654296875,8.640995025634766,87.70000457763672,0.0,710.3700561523438
08102025RollingResistanceTestP4.parquet,-0.75,429.0,566.0,875.0,8.100000381469727,87.70000457763672,0.0699920654296875,8.640995025634766,87.70000457763672,0.0,710.3700561523438
08102025RollingResistanceTestP4.parquet,-0.74,429.0,566.0,875.0,8.100000381469727,87.70000457763672,0.0699920654296875,8.640995025634766,87.70000457763672,0.0,710.3700561523438
08102025RollingResistanceTestP4.parquet,-0.73,432.0,566.0,1007.0,8.199999809265137,87.70000457763672,0.0699920654296875,8.53561782836914,87.70000457763672,0.0,719.1400146484375
08102025RollingResistanceTestP4.parquet,-0.72,432.0,566.0,1007.0,8.199999809265137,87.70000457763672,0.0699920654296875,8.53561782836914,87.70000457763672,0.0,719.1400146484375
08102025RollingResistanceTestP4.parquet,-0.71,428.0,566.0,1007.0,8.199999809265137,87.70000457763672,0.0699920654296875,8.53561782836914,87.70000457763672,0.0,719.1400146484375
08102025RollingResistanceTestP4.parquet,-0.7,428.0,566.0,1007.0,8.199999809265137,87.70000457763672,0.0699920654296875,8.53561782836914,87.70000457763672,0.0,719.1400146484375
08102025RollingResistanceTestP4.parquet,-0.69,425.0,573.0,998.0,8.40000057220459,87.80000305175781,-0.04001617431640625,-4.763830184936523,87.70000457763672,0.09999847412109375,737.5200805664062
08102025RollingResistanceTestP4.parquet,-0.68,425.0,573.0,998.0,8.40000057220459,87.80000305175781,-0.04001617431640625,-4.763830184936523,87.70000457763672,0.0,737.5200805664062
08102025RollingResistanceTestP4.parquet,-0.67,424.0,573.0,998.0,8.40000057220459,87.80000305175781,-0.04001617431640625,-4.763830184936523,87.70000457763672,0.0,737.5200805664062
08102025RollingResistanceTestP4.parquet,-0.66,424.0,573.0,998.0,8.40000057220459,87.80000305175781,-0.04001617431640625,-4.763830184936523,87.70000457763672,0.0,737.5200805664062
08102025RollingResistanceTestP4.parquet,-0.65,424.0,573.0,1058.0,8.5,87.70000457763672,0.0599822998046875,7.056741237640381,87.70000457763672,-0.09999847412109375,745.4500122070312
08102025RollingResistanceTestP4.parquet,-0.64,423.0,573.0,1058.0,8.5,87.70000457763672,0.0599822998046875,7.056741237640381,87.70000457763672,0.0,745.4500122070312
08102025RollingResistanceTestP4.parquet,-0.63,423.0,573.0,1058.0,8.5,87.70000457763672,0.0599822998046875,7.056741237640381,87.70000457763672,0.0,745.4500122070312
08102025RollingResistanceTestP4.parquet,-0.62,429.0,573.0,1058.0,8.5,87.70000457763672,0.0599822998046875,7.056741237640381,87.70000457763672,0.0,745.4500122070312
08102025RollingResistanceTestP4.parquet,-0.61,429.0,573.0,1077.0,8.699999809265137,87.70000457763672,0.0599822998046875,6.894517421722412,87.70000457763672,0.0,762.9900512695312
08102025RollingResistanceTestP4.parquet,-0.6,432.0,573.0,1077.0,8.699999809265137,87.70000457763672,0.0599822998046875,6.894517421722412,87.70000457763672,0.0,762.9900512695312
08102025RollingResistanceTestP4.parquet,-0.59,432.0,578.0,1077.0,8.699999809265137,87.70000457763672,0.0599822998046875,6.894517421722412,87.70000457763672,0.0,762.9900512695312
08102025RollingResistanceTestP4.parquet,-0.58,427.0,578.0,1077.0,8.699999809265137,87.70000457763672,0.0599822998046875,6.894517421722412,87.70000457763672,0.0,762.9900512695312
08102025RollingResistanceTestP4.parquet,-0.57,427.0,578.0,1077.0,8.800000190734863,87.70000457763672,0.0599822998046875,6.8161702156066895,87.70000457763672,0.0,771.7600708007812
08102025RollingResistanceTestP4.parquet,-0.56,427.0,578.0,1077.0,8.800000190734863,87.70000457763672,0.0599822998046875,6.8161702156066895,87.70000457763672,0.0,771.7600708007812
08102025RollingResistanceTestP4.parquet,-0.55,422.0,578.0,1077.0,8.800000190734863,87.70000457763672,0.0599822998046875,6.8161702156066895,87.70000457763672,0.0,771.7600708007812
08102025RollingResistanceTestP4.parquet,-0.54,422.0,578.0,1077.0,8.800000190734863,87.70000457763672,0.0599822998046875,6.8161702156066895,87.70000457763672,0.0,771.7600708007812
08102025RollingResistanceTestP4.parquet,-0.53,427.0,578.0,1083.0,8.90000057220459,87.70000457763672,0.0599822998046875,6.739583969116211,87.70000457763672,0.0,780.5300903320312
08102025RollingResistanceTestP4.parquet,-0.52,427.0,578.0,1083.0,8.90000057220459,87.70000457763672,0.0599822998046875,6.739583969116211,87.70000457763672,0.0,780.5300903320312
08102025RollingResistanceTestP4.parquet,-0.51,427.0,578.0,1597.0,8.90000057220459,87.70000457763672,0.0599822998046875,6.739583969116211,87.70000457763672,0.0,780.5300903320312
08102025RollingResistanceTestP4.parquet,-0.5,427.0,578.0,1597.0,9.300000190734863,87.70000457763672,0.0599822998046875,6.449709415435791,87.70000457763672,0.0,815.6100463867188
08102025RollingResistanceTestP4.parquet,-0.49,441.0,578.0,1597.0,9.300000190734863,87.70000457763672,0.0599822998046875,6.449709415435791,87.70000457763672,0.0,815.6100463867188
08102025RollingResistanceTestP4.parquet,-0.48,441.0,578.0,1597.0,9.300000190734863,87.70000457763672,0.0599822998046875,6.449709415435791,87.70000457763672,0.0,815.6100463867188
08102025RollingResistanceTestP4.parquet,-0.47,439.0,578.0,1597.0,9.300000190734863,87.70000457763672,0.0599822998046875,6.449709415435791,87.70000457763672,0.0,815.6100463867188
08102025RollingResistanceTestP4.parquet,-0.46,439.0,578.0,1831.0,10.0,87.5999984741211,0.1599884033203125,15.99884033203125,87.5999984741211,-0.100006103515625,876.0
08102025RollingResistanceTestP4.parquet,-0.45,439.0,578.0,1831.0,10.0,87.5999984741211,0.1599884033203125,15.99884033203125,87.5999984741211,0.0,876.0
08102025RollingResistanceTestP4.parquet,-0.44,430.0,578.0,1831.0,10.0,87.5999984741211,0.1599884033203125,15.99884033203125,87.5999984741211,0.0,876.0
08102025RollingResistanceTestP4.parquet,-0.43,430.0,578.0,1831.0,10.0,87.5999984741211,0.1599884033203125,15.99884033203125,87.5999984741211,0.0,876.0
08102025RollingResistanceTestP4.parquet,-0.42,437.0,630.0,2008.0,10.0,87.5999984741211,0.12000274658203125,12.000274658203125,87.5999984741211,0.0,876.0
08102025RollingResistanceTestP4.parquet,-0.41,437.0,630.0,2008.0,10.699999809265137,87.5999984741211,0.12000274658203125,11.2152099609375,87.5999984741211,0.0,937.3199462890625
08102025RollingResistanceTestP4.parquet,-0.4,439.0,630.0,2008.0,10.699999809265137,87.5999984741211,0.12000274658203125,11.2152099609375,87.5999984741211,0.0,937.3199462890625
08102025RollingResistanceTestP4.parquet,-0.39,439.0,630.0,2008.0,10.699999809265137,87.5999984741211,0.12000274658203125,11.2152099609375,87.5999984741211,0.0,937.3199462890625
08102025RollingResistanceTestP4.parquet,-0.38,432.0,630.0,3084.0,10.699999809265137,87.5999984741211,0.12000274658203125,11.2152099609375,87.5999984741211,0.0,937.3199462890625
08102025RollingResistanceTestP4.parquet,-0.37,432.0,630.0,3084.0,11.600000381469727,87.5,0.220001220703125,18.965621948242188,87.5,-0.09999847412109375,1015.0000610351562
08102025RollingResistanceTestP4.parquet,-0.36,432.0,630.0,3084.0,11.600000381469727,87.5,0.220001220703125,18.965621948242188,87.5,0.0,1015.0000610351562
08102025RollingResistanceTestP4.parquet,-0.35,456.0,630.0,3084.0,11.600000381469727,87.5,0.220001220703125,18.965621948242188,87.5,0.0,1015.0000610351562
08102025RollingResistanceTestP4.parquet,-0.34,456.0,630.0,4916.0,11.600000381469727,87.5,0.220001220703125,18.965621948242188,87.5,0.0,1015.0000610351562
08102025RollingResistanceTestP4.parquet,-0.33,456.0,630.0,4916.0,14.5,87.30000305175781,0.4199981689453125,28.965391159057617,87.30000305175781,-0.1999969482421875,1265.85009765625
08102025RollingResistanceTestP4.parquet,-0.32,456.0,837.0,4916.0,14.5,87.30000305175781,0.30999755859375,21.379140853881836,87.30000305175781,0.0,1265.85009765625
08102025RollingResistanceTestP4.parquet,-0.31,464.0,837.0,4916.0,14.5,87.30000305175781,0.30999755859375,21.379140853881836,87.30000305175781,0.0,1265.85009765625
08102025RollingResistanceTestP4.parquet,-0.3,464.0,837.0,6924.0,14.5,87.30000305175781,0.30999755859375,21.379140853881836,87.30000305175781,0.0,1265.85009765625
08102025RollingResistanceTestP4.parquet,-0.29,464.0,837.0,6924.0,19.5,87.0,0.6100006103515625,31.282081604003906,87.0,-0.3000030517578125,1696.5
08102025RollingResistanceTestP4.parquet,-0.28,462.0,837.0,6924.0,19.5,87.0,0.6100006103515625,31.282081604003906,87.0,0.0,1696.5
08102025RollingResistanceTestP4.parquet,-0.27,462.0,837.0,6924.0,19.5,87.0,0.6100006103515625,31.282081604003906,87.0,0.0,1696.5
08102025RollingResistanceTestP4.parquet,-0.26,490.0,837.0,10847.0,19.5,87.0,0.6100006103515625,31.282081604003906,87.0,0.0,1696.5
08102025RollingResistanceTestP4.parquet,-0.25,490.0,837.0,10847.0,19.5,87.0,0.6100006103515625,31.282081604003906,87.0,0.0,1696.5
08102025RollingResistanceTestP4.parquet,-0.24,504.0,837.0,10847.0,27.399999618530273,86.4000015258789,1.2099990844726562,44.160552978515625,86.4000015258789,-0.5999984741210938,2367.360107421875
08102025RollingResistanceTestP4.parquet,-0.23,504.0,837.0,10847.0,27.399999618530273,86.4000015258789,1.2099990844726562,44.160552978515625,86.4000015258789,0.0,2367.360107421875
08102025RollingResistanceTestP4.parquet,-0.22,511.0,1229.0,13039.0,27.399999618530273,86.4000015258789,1.2099990844726562,44.160552978515625,86.4000015258789,0.0,2367.360107421875
08102025RollingResistanceTestP4.parquet,-0.21,511.0,1229.0,13039.0,27.399999618530273,86.4000015258789,1.2099990844726562,44.160552978515625,86.4000015258789,0.0,2367.360107421875
08102025RollingResistanceTestP4.parquet,-0.2,509.0,1229.0,13039.0,41.60000228881836,85.80000305175781,1.80999755859375,43.50955581665039,85.80000305175781,-0.5999984741210938,3569.2802734375
08102025RollingResistanceTestP4.parquet,-0.19,509.0,1229.0,13039.0,41.60000228881836,85.80000305175781,1.80999755859375,43.50955581665039,85.80000305175781,0.0,3569.2802734375
08102025RollingResistanceTestP4.parquet,-0.18,525.0,1229.0,16780.0,41.60000228881836,85.80000305175781,1.80999755859375,43.50955581665039,85.80000305175781,0.0,3569.2802734375
08102025RollingResistanceTestP4.parquet,-0.17,525.0,1229.0,16780.0,41.60000228881836,85.80000305175781,1.80999755859375,43.50955581665039,85.80000305175781,0.0,3569.2802734375
08102025RollingResistanceTestP4.parquet,-0.16,574.0,1229.0,16780.0,55.29999923706055,85.0,2.6100006103515625,47.19711685180664,85.0,-0.8000030517578125,4700.5
08102025RollingResistanceTestP4.parquet,-0.15,574.0,1229.0,16780.0,55.29999923706055,85.0,2.6100006103515625,47.19711685180664,85.0,0.0,4700.5
08102025RollingResistanceTestP4.parquet,-0.14,596.0,1229.0,21345.0,55.29999923706055,85.0,2.6100006103515625,47.19711685180664,85.0,0.0,4700.5
08102025RollingResistanceTestP4.parquet,-0.13,596.0,1229.0,21345.0,55.29999923706055,85.0,2.6100006103515625,47.19711685180664,85.0,0.0,4700.5
08102025RollingResistanceTestP4.parquet,-0.12,596.0,1824.0,21345.0,80.30000305175781,83.5,2.4899978637695312,31.00868797302246,83.5,-1.5,6705.05029296875
08102025RollingResistanceTestP4.parquet,-0.11,596.0,1824.0,21345.0,80.30000305175781,83.5,2.4899978637695312,31.00868797302246,83.5,0.0,6705.05029296875
08102025RollingResistanceTestP4.parquet,-0.1,596.0,1824.0,26097.0,80.30000305175781,83.5,2.4899978637695312,31.00868797302246,83.5,0.0,6705.05029296875
08102025RollingResistanceTestP4.parquet,-0.09,686.0,1824.0,26097.0,80.30000305175781,83.5,2.4899978637695312,31.00868797302246,83.5,0.0,6705.05029296875
08102025RollingResistanceTestP4.parquet,-0.08,686.0,1824.0,26097.0,114.0999984741211,81.5,4.489997863769531,39.35142517089844,81.5,-2.0,9299.1494140625
08102025RollingResistanceTestP4.parquet,-0.07,686.0,1824.0,26097.0,114.0999984741211,81.5,4.489997863769531,39.35142517089844,81.5,0.0,9299.1494140625
08102025RollingResistanceTestP4.parquet,-0.06,686.0,1824.0,28117.0,114.0999984741211,81.5,4.489997863769531,39.35142517089844,81.5,0.0,9299.1494140625
08102025RollingResistanceTestP4.parquet,-0.05,708.0,1824.0,28117.0,114.0999984741211,81.5,4.489997863769531,39.35142517089844,81.5,0.0,9299.1494140625
08102025RollingResistanceTestP4.parquet,-0.04,708.0,1824.0,28117.0,152.90000915527344,80.0999984741211,5.8899993896484375,38.52190399169922,80.0999984741211,-1.4000015258789062,12247.2900390625
08102025RollingResistanceTestP4.parquet,-0.03,708.0,1824.0,28117.0,152.90000915527344,80.0999984741211,5.8899993896484375,38.52190399169922,80.0999984741211,0.0,12247.2900390625
08102025RollingResistanceTestP4.parquet,-0.02,798.0,2075.0,28702.0,152.90000915527344,80.0999984741211,5.8899993896484375,38.52190399169922,80.0999984741211,0.0,12247.2900390625
08102025RollingResistanceTestP4.parquet,-0.01,798.0,2075.0,28702.0,152.90000915527344,80.0999984741211,5.8899993896484375,38.52190399169922,80.0999984741211,0.0,12247.2900390625
08172025_22_6LapsAndWeirdCurrData.parquet,-5.0,1992.0,1155.0,12179.0,167.40000915527344,101.4000015258789,0.9599990844726562,5.7347612380981445,101.4000015258789,-0.1999969482421875,16974.361328125
08172025_22_6LapsAndWeirdCurrData.parquet,-5.0,0.0,446.0,0.0,2.299999952316284,109.0999984741211,0.23999786376953125,104.3469009399414,109.0,0.0,250.92999267578125
08172025_22_6LapsAndWeirdCurrData.parquet,-5.0,384.0,912.0,7447.0,26.899999618530273,107.70000457763672,0.3799896240234375,14.126008033752441,107.70000457763672,0.0,2897.130126953125
08172025_22_6LapsAndWeirdCurrData.parquet,-5.0,124.0,746.0,4555.0,9.600000381469727,108.9000015258789,0.339996337890625,35.416282653808594,108.9000015258789,0.0,1045.4400634765625
08172025_22_6LapsAndWeirdCurrData.parquet,-4.99,1992.0,1155.0,12534.0,167.40000915527344,101.4000015258789,0.9599990844726562,5.7347612380981445,101.4000015258789,0.0,16974.361328125
08172025_22_6LapsAndWeirdCurrData.parquet,-4.99,389.0,912.0,7447.0,26.899999618530273,107.70000457763672,0.3799896240234375,14.126008033752441,107.70000457763672,0.0,2897.130126953125
08172025_22_6LapsAndWeirdCurrData.parquet,-4.99,0.0,446.0,0.0,2.299999952316284,109.0999984741211,0.23999786376953125,104.3469009399414,109.0,0.0,250.92999267578125
08172025_22_6LapsAndWeirdCurrData.parquet,-4.99,124.0,746.0,4555.0,9.800000190734863,108.9000015258789,0.339996337890625,34.69350051879883,108.9000015258789,0.0,1067.2200927734375
08172025_22_6LapsAndWeirdCurrData.parquet,-4.98,0.0,446.0,0.0,2.299999952316284,109.0999984741211,0.23999786376953125,104.3469009399414,109.0,0.0,250.92999267578125
08172025_22_6LapsAndWeirdCurrData.parquet,-4.98,1992.0,1155.0,12534.0,167.40000915527344,101.4000015258789,0.9599990844726562,5.7347612380981445,101.4000015258789,0.0,16974.361328125
08172025_22_6LapsAndWeirdCurrData.parquet,-4.98,389.0,912.0,7447.0,26.899999618530273,107.70000457763672,0.3799896240234375,14.126008033752441,107.70000457763672,0.0,2897.130126953125
08172025_22_6LapsAndWeirdCurrData.parquet,-4.98,108.0,746.0,4968.0,9.800000190734863,108.9000015258789,0.339996337890625,34.69350051879883,108.9000015258789,0.0,1067.2200927734375
08172025_22_6LapsAndWeirdCurrData.parquet,-4.97,389.0,914.0,7488.0,27.700000762939453,107.5999984741211,0.4799957275390625,17.328365325927734,107.5999984741211,-0.100006103515625,2980.52001953125
08172025_22_6LapsAndWeirdCurrData.parquet,-4.97,108.0,746.0,4968.0,9.800000190734863,108.9000015258789,0.339996337890625,34.69350051879883,108.9000015258789,0.0,1067.2200927734375
08172025_22_6LapsAndWeirdCurrData.parquet,-4.97,1989.0,1155.0,12534.0,167.40000915527344,101.4000015258789,0.9599990844726562,5.7347612380981445,101.4000015258789,0.0,16974.361328125
08172025_22_6LapsAndWeirdCurrData.parquet,-4.97,0.0,444.0,0.0,2.299999952316284,109.0,0.339996337890625,147.82449340820312,109.0,-0.09999847412109375,250.6999969482422
08172025_22_6LapsAndWeirdCurrData.parquet,-4.96,133.0,784.0,4968.0,9.800000190734863,108.9000015258789,0.339996337890625,34.69350051879883,108.9000015258789,0.0,1067.2200927734375
08172025_22_6LapsAndWeirdCurrData.parquet,-4.96,1989.0,1155.0,12534.0,167.40000915527344,101.4000015258789,0.9599990844726562,5.7347612380981445,101.4000015258789,0.0,16974.361328125
08172025_22_6LapsAndWeirdCurrData.parquet,-4.96,0.0,444.0,0.0,2.299999952316284,109.0,0.339996337890625,147.82449340820312,109.0,0.0,250.6999969482422
08172025_22_6LapsAndWeirdCurrData.parquet,-4.96,389.0,914.0,7488.0,27.700000762939453,107.5999984741211,0.4799957275390625,17.328365325927734,107.5999984741211,0.0,2980.52001953125
08172025_22_6LapsAndWeirdCurrData.parquet,-4.95,133.0,784.0,4968.0,9.800000190734863,108.9000015258789,0.339996337890625,34.69350051879883,108.9000015258789,0.0,1067.2200927734375
08172025_22_6LapsAndWeirdCurrData.parquet,-4.95,2013.0,1155.0,12420.0,171.40000915527344,101.20000457763672,1.1599960327148438,6.767771244049072,101.20000457763672,-0.1999969482421875,17345.681640625
08172025_22_6LapsAndWeirdCurrData.parquet,-4.95,0.0,444.0,0.0,2.299999952316284,109.0,0.339996337890625,147.82449340820312,109.0,0.0,250.6999969482422
08172025_22_6LapsAndWeirdCurrData.parquet,-4.95,389.0,914.0,7488.0,27.700000762939453,107.5999984741211,0.4799957275390625,17.328365325927734,107.5999984741211,0.0,2980.52001953125
08172025_22_6LapsAndWeirdCurrData.parquet,-4.94,2013.0,1155.0,12420.0,171.40000915527344,101.20000457763672,1.1599960327148438,6.767771244049072,101.20000457763672,0.0,17345.681640625
08172025_22_6LapsAndWeirdCurrData.parquet,-4.94,142.0,784.0,5112.0,9.800000190734863,108.9000015258789,0.339996337890625,34.69350051879883,108.9000015258789,0.0,1067.2200927734375
08172025_22_6LapsAndWeirdCurrData.parquet,-4.94,0.0,444.0,0.0,2.299999952316284,109.0,0.339996337890625,147.82449340820312,109.0,0.0,250.6999969482422
08172025_22_6LapsAndWeirdCurrData.parquet,-4.94,395.0,914.0,7488.0,27.700000762939453,107.5999984741211,0.4799957275390625,17.328365325927734,107.5999984741211,0.0,2980.52001953125
08172025_22_6LapsAndWeirdCurrData.parquet,-4.93,0.0,444.0,0.0,2.299999952316284,109.0,0.339996337890625,147.82449340820312,109.0,0.0,250.6999969482422
08172025_22_6LapsAndWeirdCurrData.parquet,-4.93,142.0,784.0,5112.0,9.800000190734863,108.9000015258789,0.339996337890625,34.69350051879883,108.9000015258789,0.0,1067.2200927734375
08172025_22_6LapsAndWeirdCurrData.parquet,-4.93,2017.0,1155.0,12420.0,171.40000915527344,101.20000457763672,1.1599960327148438,6.767771244049072,101.20000457763672,0.0,17345.681640625
08172025_22_6LapsAndWeirdCurrData.parquet,-4.93,395.0,914.0,7487.0,27.700000762939453,107.5999984741211,0.4799957275390625,17.328365325927734,107.5999984741211,0.0,2980.52001953125
08172025_22_6LapsAndWeirdCurrData.parquet,-4.92,118.0,784.0,5112.0,9.800000190734863,108.9000015258789,0.339996337890625,34.69350051879883,108.9000015258789,0.0,1067.2200927734375
08172025_22_6LapsAndWeirdCurrData.parquet,-4.92,0.0,444.0,0.0,2.299999952316284,109.0,0.339996337890625,147.82449340820312,109.0,0.0,250.6999969482422
08172025_22_6LapsAndWeirdCurrData.parquet,-4.92,407.0,914.0,7487.0,28.0,107.5999984741211,0.40999603271484375,14.642715454101562,107.5999984741211,0.0,3012.800048828125
08172025_22_6LapsAndWeirdCurrData.parquet,-4.92,2017.0,1155.0,12420.0,171.40000915527344,101.20000457763672,1.1599960327148438,6.767771244049072,101.20000457763672,0.0,17345.681640625
08172025_22_6LapsAndWeirdCurrData.parquet,-4.91,2031.0,1155.0,12054.0,174.8000030517578,101.20000457763672,1.1599960327148438,6.636132717132568,101.20000457763672,0.0,17689.76171875
08172025_22_6LapsAndWeirdCurrData.parquet,-4.91,407.0,914.0,7487.0,28.0,107.5999984741211,0.40999603271484375,14.642715454101562,107.5999984741211,0.0,3012.800048828125
08172025_22_6LapsAndWeirdCurrData.parquet,-4.91,0.0,444.0,0.0,2.299999952316284,109.0,0.339996337890625,147.82449340820312,109.0,0.0,250.6999969482422
08172025_22_6LapsAndWeirdCurrData.parquet,-4.91,118.0,784.0,5112.0,10.600000381469727,108.9000015258789,0.339996337890625,32.07512664794922,108.9000015258789,0.0,1154.340087890625
08172025_22_6LapsAndWeirdCurrData.parquet,-4.9,0.0,444.0,0.0,2.299999952316284,109.0,0.339996337890625,147.82449340820312,109.0,0.0,250.6999969482422
08172025_22_6LapsAndWeirdCurrData.parquet,-4.9,2031.0,1155.0,12054.0,174.8000030517578,101.20000457763672,1.1599960327148438,6.636132717132568,101.20000457763672,0.0,17689.76171875
08172025_22_6LapsAndWeirdCurrData.parquet,-4.9,429.0,914.0,7487.0,28.0,107.5999984741211,0.40999603271484375,14.642715454101562,107.5999984741211,0.0,3012.800048828125
08172025_22_6LapsAndWeirdCurrData.parquet,-4.9,118.0,784.0,5112.0,10.600000381469727,108.9000015258789,0.339996337890625,32.07512664794922,108.9000015258789,0.0,1154.340087890625
08172025_22_6LapsAndWeirdCurrData.parquet,-4.89,2031.0,1155.0,12054.0,174.8000030517578,101.20000457763672,1.1599960327148438,6.636132717132568,101.20000457763672,0.0,17689.76171875
08172025_22_6LapsAndWeirdCurrData.parquet,-4.89,429.0,914.0,7485.0,28.0,107.5999984741211,0.40999603271484375,14.642715454101562,107.5999984741211,0.0,3012.800048828125
08172025_22_6LapsAndWeirdCurrData.parquet,-4.89,140.0,784.0,5112.0,10.600000381469727,108.9000015258789,0.339996337890625,32.07512664794922,108.9000015258789,0.0,1154.340087890625
08172025_22_6LapsAndWeirdCurrData.parquet,-4.89,0.0,444.0,0.0,2.200000047683716,109.0999984741211,0.23999786376953125,109.08993530273438,109.0,0.09999847412109375,240.02000427246094
08172025_22_6LapsAndWeirdCurrData.parquet,-4.88,2055.0,1155.0,12054.0,174.8000030517578,101.20000457763672,1.1599960327148438,6.636132717132568,101.20000457763672,0.0,17689.76171875
08172025_22_6LapsAndWeirdCurrData.parquet,-4.88,429.0,914.0,7485.0,29.0,107.5999984741211,0.40999603271484375,14.137794494628906,107.5999984741211,0.0,3120.39990234375
08172025_22_6LapsAndWeirdCurrData.parquet,-4.88,140.0,784.0,5112.0,10.600000381469727,108.9000015258789,0.339996337890625,32.07512664794922,108.9000015258789,0.0,1154.340087890625
08172025_22_6LapsAndWeirdCurrData.parquet,-4.88,0.0,444.0,0.0,2.200000047683716,109.0999984741211,0.23999786376953125,109.08993530273438,109.0,0.0,240.02000427246094
08172025_22_6LapsAndWeirdCurrData.parquet,-4.87,145.0,784.0,5112.0,11.699999809265137,108.80000305175781,0.43999481201171875,37.60639572143555,108.80000305175781,-0.09999847412109375,1272.9599609375
08172025_22_6LapsAndWeirdCurrData.parquet,-4.87,2055.0,1155.0,12054.0,176.10000610351562,101.20000457763672,1.1599960327148438,6.587143421173096,101.20000457763672,0.0,17821.322265625
08172025_22_6LapsAndWeirdCurrData.parquet,-4.87,424.0,914.0,7485.0,29.0,107.5999984741211,0.40999603271484375,14.137794494628906,107.5999984741211,0.0,3120.39990234375
08172025_22_6LapsAndWeirdCurrData.parquet,-4.87,0.0,445.0,0.0,2.200000047683716,109.0999984741211,0.23999786376953125,109.08993530273438,109.0,0.0,240.02000427246094
08172025_22_6LapsAndWeirdCurrData.parquet,-4.86,2055.0,1155.0,12054.0,176.10000610351562,101.20000457763672,1.1599960327148438,6.587143421173096,101.20000457763672,0.0,17821.322265625
08172025_22_6LapsAndWeirdCurrData.parquet,-4.86,424.0,914.0,7485.0,29.0,107.5999984741211,0.40999603271484375,14.137794494628906,107.5999984741211,0.0,3120.39990234375
08172025_22_6LapsAndWeirdCurrData.parquet,-4.86,0.0,445.0,0.0,2.200000047683716,109.0999984741211,0.23999786376953125,109.08993530273438,109.0,0.0,240.02000427246094
08172025_22_6LapsAndWeirdCurrData.parquet,-4.86,145.0,784.0,5103.0,11.699999809265137,108.80000305175781,0.43999481201171875,37.60639572143555,108.80000305175781,0.0,1272.9599609375
08172025_22_6LapsAndWeirdCurrData.parquet,-4.85,174.0,784.0,5103.0,11.699999809265137,108.80000305175781,0.3499908447265625,29.913747787475586,108.80000305175781,0.0,1272.9599609375
08172025_22_6LapsAndWeirdCurrData.parquet,-4.85,424.0,914.0,7485.0,29.0,107.5999984741211,0.40999603271484375,14.137794494628906,107.5999984741211,0.0,3120.39990234375
08172025_22_6LapsAndWeirdCurrData.parquet,-4.85,2055.0,1155.0,12054.0,176.10000610351562,101.20000457763672,1.1599960327148438,6.587143421173096,101.20000457763672,0.0,17821.322265625
08172025_22_6LapsAndWeirdCurrData.parquet,-4.85,0.0,445.0,0.0,2.200000047683716,109.0,0.339996337890625,154.54379272460938,109.0,-0.09999847412109375,239.8000030517578
08172025_22_6LapsAndWeirdCurrData.parquet,-4.84,0.0,445.0,0.0,2.200000047683716,109.0,0.339996337890625,154.54379272460938,109.0,0.0,239.8000030517578
08172025_22_6LapsAndWeirdCurrData.parquet,-4.84,2098.0,1155.0,12054.0,176.10000610351562,101.20000457763672,1.1599960327148438,6.587143421173096,101.20000457763672,0.0,17821.322265625
08172025_22_6LapsAndWeirdCurrData.parquet,-4.84,174.0,784.0,5103.0,11.699999809265137,108.80000305175781,0.3499908447265625,29.913747787475586,108.80000305175781,0.0,1272.9599609375
08172025_22_6LapsAndWeirdCurrData.parquet,-4.84,424.0,914.0,7485.0,30.30000114440918,107.5999984741211,0.40999603271484375,13.531222343444824,107.5999984741211,0.0,3260.280029296875
08172025_22_6LapsAndWeirdCurrData.parquet,-4.83,162.0,784.0,5103.0,11.699999809265137,108.80000305175781,0.3499908447265625,29.913747787475586,108.80000305175781,0.0,1272.9599609375
08172025_22_6LapsAndWeirdCurrData.parquet,-4.83,457.0,914.0,7485.0,30.30000114440918,107.5999984741211,0.40999603271484375,13.531222343444824,107.5999984741211,0.0,3260.280029296875
08172025_22_6LapsAndWeirdCurrData.parquet,-4.83,2098.0,1155.0,11936.0,177.0,101.20000457763672,1.1599960327148438,6.55364990234375,101.20000457763672,0.0,17912.400390625
08172025_22_6LapsAndWeirdCurrData.parquet,-4.83,0.0,445.0,0.0,2.200000047683716,109.0,0.339996337890625,154.54379272460938,109.0,0.0,239.8000030517578
08172025_22_6LapsAndWeirdCurrData.parquet,-4.82,162.0,784.0,5083.0,12.40000057220459,108.80000305175781,0.3499908447265625,28.225065231323242,108.80000305175781,0.0,1349.1201171875
08172025_22_6LapsAndWeirdCurrData.parquet,-4.82,457.0,914.0,7485.0,30.30000114440918,107.5999984741211,0.40999603271484375,13.531222343444824,107.5999984741211,0.0,3260.280029296875
08172025_22_6LapsAndWeirdCurrData.parquet,-4.82,2080.0,1155.0,11936.0,177.0,101.20000457763672,0.5399932861328125,3.050809383392334,101.20000457763672,0.0,17912.400390625
08172025_22_6LapsAndWeirdCurrData.parquet,-4.82,0.0,445.0,0.0,2.200000047683716,109.0,0.34999847412109375,159.0902099609375,109.0,0.0,239.8000030517578
08172025_22_6LapsAndWeirdCurrData.parquet,-4.81,2080.0,1155.0,11936.0,177.0,101.20000457763672,0.5399932861328125,3.050809383392334,101.20000457763672,0.0,17912.400390625
08172025_22_6LapsAndWeirdCurrData.parquet,-4.81,162.0,784.0,5083.0,12.40000057220459,108.80000305175781,0.3499908447265625,28.225065231323242,108.80000305175781,0.0,1349.1201171875
08172025_22_6LapsAndWeirdCurrData.parquet,-4.81,469.0,912.0,7472.0,30.30000114440918,107.5999984741211,0.40999603271484375,13.531222343444824,107.5999984741211,0.0,3260.280029296875
08172025_22_6LapsAndWeirdCurrData.parquet,-4.81,0.0,445.0,0.0,2.200000047683716,109.0,0.34999847412109375,159.0902099609375,109.0,0.0,239.8000030517578
08172025_22_6LapsAndWeirdCurrData.parquet,-4.8,469.0,912.0,7472.0,31.0,107.5,0.5099945068359375,16.451435089111328,107.5,-0.09999847412109375,3332.5
08172025_22_6LapsAndWeirdCurrData.parquet,-4.8,0.0,445.0,0.0,2.200000047683716,109.0,0.34999847412109375,159.0902099609375,109.0,0.0,239.8000030517578
08172025_22_6LapsAndWeirdCurrData.parquet,-4.8,154.0,779.0,5083.0,12.40000057220459,108.80000305175781,0.3499908447265625,28.225065231323242,108.80000305175781,0.0,1349.1201171875
08172025_22_6LapsAndWeirdCurrData.parquet,-4.8,2080.0,1155.0,11936.0,177.0,101.20000457763672,0.5399932861328125,3.050809383392334,101.20000457763672,0.0,17912.400390625
08172025_22_6LapsAndWeirdCurrData.parquet,-4.79,0.0,445.0,0.0,2.200000047683716,109.0,0.34999847412109375,159.0902099609375,109.0,0.0,239.8000030517578
08172025_22_6LapsAndWeirdCurrData.parquet,-4.79,474.0,912.0,7472.0,31.0,107.5,0.5099945068359375,16.451435089111328,107.5,0.0,3332.5
08172025_22_6LapsAndWeirdCurrData.parquet,-4.79,154.0,779.0,5083.0,12.40000057220459,108.80000305175781,0.3499908447265625,28.225065231323242,108.80000305175781,0.0,1349.1201171875
08172025_22_6LapsAndWeirdCurrData.parquet,-4.79,2201.0,1155.0,12152.0,177.90000915527344,101.0,0.7399978637695312,4.159627914428711,101.0,-0.20000457763671875,17967.900390625
08172025_22_6LapsAndWeirdCurrData.parquet,-4.78,0.0,445.0,0.0,2.200000047683716,109.0,0.34999847412109375,159.0902099609375,109.0,0.0,239.8000030517578
08172025_22_6LapsAndWeirdCurrData.parquet,-4.78,2201.0,1155.0,12152.0,177.90000915527344,101.0,0.7399978637695312,4.159627914428711,101.0,0.0,17967.900390625
08172025_22_6LapsAndWeirdCurrData.parquet,-4.78,474.0,912.0,7472.0,31.0,107.5,0.5099945068359375,16.451435089111328,107.5,0.0,3332.5
08172025_22_6LapsAndWeirdCurrData.parquet,-4.78,183.0,779.0,5075.0,12.800000190734863,108.80000305175781,0.3499908447265625,27.343034744262695,108.80000305175781,0.0,1392.6400146484375
08172025_22_6LapsAndWeirdCurrData.parquet,-4.77,485.0,912.0,7473.0,31.0,107.5,0.40999603271484375,13.225678443908691,107.5,0.0,3332.5
08172025_22_6LapsAndWeirdCurrData.parquet,-4.77,2291.0,1155.0,12152.0,177.90000915527344,101.0,0.7399978637695312,4.159627914428711,101.0,0.0,17967.900390625
08172025_22_6LapsAndWeirdCurrData.parquet,-4.77,183.0,779.0,5075.0,12.800000190734863,108.80000305175781,0.3499908447265625,27.343034744262695,108.80000305175781,0.0,1392.6400146484375
08172025_22_6LapsAndWeirdCurrData.parquet,-4.77,0.0,444.0,0.0,2.200000047683716,109.0999984741211,0.25,113.63636016845703,109.0,0.09999847412109375,240.02000427246094
08172025_22_6LapsAndWeirdCurrData.parquet,-4.76,485.0,912.0,7473.0,31.30000114440918,107.5999984741211,0.30999755859375,9.904075622558594,107.5,0.09999847412109375,3367.880126953125
08172025_22_6LapsAndWeirdCurrData.parquet,-4.76,0.0,444.0,0.0,2.200000047683716,109.0999984741211,0.25,113.63636016845703,109.0,0.0,240.02000427246094
08172025_22_6LapsAndWeirdCurrData.parquet,-4.76,2291.0,1155.0,12152.0,177.90000915527344,101.0,0.7399978637695312,4.159627914428711,101.0,0.0,17967.900390625
08172025_22_6LapsAndWeirdCurrData.parquet,-4.76,185.0,779.0,5075.0,12.800000190734863,108.80000305175781,0.3499908447265625,27.343034744262695,108.80000305175781,0.0,1392.6400146484375
08172025_22_6LapsAndWeirdCurrData.parquet,-4.75,0.0,444.0,0.0,2.200000047683716,109.0999984741211,0.25,113.63636016845703,109.0,0.0,240.02000427246094
08172025_22_6LapsAndWeirdCurrData.parquet,-4.75,487.0,912.0,7473.0,31.30000114440918,107.5999984741211,0.30999755859375,9.904075622558594,107.5,0.0,3367.880126953125
08172025_22_6LapsAndWeirdCurrData.parquet,-4.75,2194.0,1155.0,10860.0,184.90000915527344,100.70000457763672,1.0399932861328125,5.624625205993652,100.70000457763672,-0.29999542236328125,18619.431640625
08172025_22_6LapsAndWeirdCurrData.parquet,-4.75,185.0,779.0,5075.0,12.800000190734863,108.80000305175781,0.32999420166015625,25.78079605102539,108.80000305175781,0.0,1392.6400146484375
08172025_22_6LapsAndWeirdCurrData.parquet,-4.74,169.0,779.0,5060.0,13.199999809265137,108.80000305175781,0.32999420166015625,24.999561309814453,108.80000305175781,0.0,1436.1600341796875
08172025_22_6LapsAndWeirdCurrData.parquet,-4.74,487.0,912.0,7473.0,31.30000114440918,107.5999984741211,0.30999755859375,9.904075622558594,107.5,0.0,3367.880126953125
08172025_22_6LapsAndWeirdCurrData.parquet,-4.74,2194.0,1155.0,10860.0,184.90000915527344,100.70000457763672,1.0399932861328125,5.624625205993652,100.70000457763672,0.0,18619.431640625
08172025_22_6LapsAndWeirdCurrData.parquet,-4.74,0.0,444.0,0.0,2.200000047683716,109.0999984741211,0.25,113.63636016845703,109.0,0.0,240.02000427246094
08172025_22_6LapsAndWeirdCurrData.parquet,-4.73,169.0,779.0,5060.0,13.199999809265137,108.80000305175781,0.32999420166015625,24.999561309814453,108.80000305175781,0.0,1436.1600341796875
08172025_22_6LapsAndWeirdCurrData.parquet,-4.73,2194.0,1155.0,10860.0,184.90000915527344,100.70000457763672,1.0399932861328125,5.624625205993652,100.70000457763672,0.0,18619.431640625
08172025_22_6LapsAndWeirdCurrData.parquet,-4.73,487.0,912.0,7451.0,31.30000114440918,107.5999984741211,0.30999755859375,9.904075622558594,107.5,0.0,3367.880126953125
08172025_22_6LapsAndWeirdCurrData.parquet,-4.73,0.0,444.0,0.0,2.200000047683716,109.0999984741211,0.25,113.63636016845703,109.0,0.0,240.02000427246094
08172025_22_6LapsAndWeirdCurrData.parquet,-4.72,188.0,779.0,5060.0,13.199999809265137,108.80000305175781,0.32999420166015625,24.999561309814453,108.80000305175781,0.0,1436.1600341796875
08172025_22_6LapsAndWeirdCurrData.parquet,-4.72,487.0,912.0,7451.0,32.29999923706055,107.5,0.40999603271484375,12.693376541137695,107.5,-0.09999847412109375,3472.25
08172025_22_6LapsAndWeirdCurrData.parquet,-4.72,2233.0,1155.0,10860.0,184.90000915527344,100.70000457763672,1.0399932861328125,5.624625205993652,100.70000457763672,0.0,18619.431640625
08172025_22_6LapsAndWeirdCurrData.parquet,-4.72,0.0,444.0,0.0,2.200000047683716,109.0999984741211,0.25,113.63636016845703,109.0,0.0,240.02000427246094
08172025_22_6LapsAndWeirdCurrData.parquet,-4.71,188.0,779.0,5060.0,13.199999809265137,108.80000305175781,0.32999420166015625,24.999561309814453,108.80000305175781,0.0,1436.1600341796875
08172025_22_6LapsAndWeirdCurrData.parquet,-4.71,487.0,912.0,7451.0,32.29999923706055,107.5,0.40999603271484375,12.693376541137695,107.5,0.0,3472.25
08172025_22_6LapsAndWeirdCurrData.parquet,-4.71,2177.0,1155.0,10860.0,184.90000915527344,100.70000457763672,1.0399932861328125,5.624625205993652,100.70000457763672,0.0,18619.431640625
08172025_22_6LapsAndWeirdCurrData.parquet,-4.71,0.0,444.0,0.0,2.200000047683716,109.0999984741211,0.25,113.63636016845703,109.0,0.0,240.02000427246094
08172025_22_6LapsAndWeirdCurrData.parquet,-4.7,2177.0,1155.0,10860.0,184.90000915527344,100.70000457763672,1.0399932861328125,5.624625205993652,100.70000457763672,0.0,18619.431640625
08172025_22_6LapsAndWeirdCurrData.parquet,-4.7,503.0,912.0,7451.0,32.29999923706055,107.5,0.40999603271484375,12.693376541137695,107.5,0.0,3472.25
08172025_22_6LapsAndWeirdCurrData.parquet,-4.7,206.0,781.0,5083.0,13.199999809265137,108.80000305175781,0.32999420166015625,24.999561309814453,108.80000305175781,0.0,1436.1600341796875
08172025_22_6LapsAndWeirdCurrData.parquet,-4.7,0.0,444.0,0.0,2.200000047683716,109.0999984741211,0.25,113.63636016845703,109.0,0.0,240.02000427246094
08172025_22_6LapsAndWeirdCurrData.parquet,-4.69,503.0,912.0,7473.0,32.29999923706055,107.5,0.40999603271484375,12.693376541137695,107.5,0.0,3472.25
08172025_22_6LapsAndWeirdCurrData.parquet,-4.69,2177.0,1155.0,10860.0,184.90000915527344,100.70000457763672,1.0399932861328125,5.624625205993652,100.70000457763672,0.0,18619.431640625
08172025_22_6LapsAndWeirdCurrData.parquet,-4.69,206.0,781.0,5083.0,13.199999809265137,108.80000305175781,0.32999420166015625,24.999561309814453,108.80000305175781,0.0,1436.1600341796875
08172025_22_6LapsAndWeirdCurrData.parquet,-4.69,0.0,444.0,0.0,2.299999952316284,109.0999984741211,0.25,108.6956558227539,109.0,0.0,250.92999267578125
08172025_22_6LapsAndWeirdCurrData.parquet,-4.68,0.0,444.0,0.0,2.299999952316284,109.0999984741211,0.25,108.6956558227539,109.0,0.0,250.92999267578125
08172025_22_6LapsAndWeirdCurrData.parquet,-4.68,195.0,781.0,5083.0,13.199999809265137,108.80000305175781,0.32999420166015625,24.999561309814453,108.80000305175781,0.0,1436.1600341796875
08172025_22_6LapsAndWeirdCurrData.parquet,-4.68,513.0,912.0,7473.0,32.29999923706055,107.5,0.40999603271484375,12.693376541137695,107.5,0.0,3472.25
08172025_22_6LapsAndWeirdCurrData.parquet,-4.68,2189.0,1155.0,10860.0,184.90000915527344,100.70000457763672,1.0399932861328125,5.624625205993652,100.70000457763672,0.0,18619.431640625
08172025_22_6LapsAndWeirdCurrData.parquet,-4.67,513.0,912.0,7473.0,32.79999923706055,107.5,0.29999542236328125,9.146202087402344,107.5,0.0,3526.0
08172025_22_6LapsAndWeirdCurrData.parquet,-4.67,0.0,444.0,0.0,2.299999952316284,109.0999984741211,0.25,108.6956558227539,109.0,0.0,250.92999267578125
08172025_22_6LapsAndWeirdCurrData.parquet,-4.67,2189.0,1155.0,11030.0,175.40000915527344,101.4000015258789,0.339996337890625,1.9384053945541382,100.70000457763672,0.6999969482421875,17785.560546875
08172025_22_6LapsAndWeirdCurrData.parquet,-4.67,195.0,781.0,5083.0,13.199999809265137,108.80000305175781,0.32999420166015625,24.999561309814453,108.80000305175781,0.0,1436.1600341796875
08172025_22_6LapsAndWeirdCurrData.parquet,-4.66,0.0,444.0,0.0,2.299999952316284,109.0999984741211,0.25,108.6956558227539,109.0,0.0,250.92999267578125
08172025_22_6LapsAndWeirdCurrData.parquet,-4.66,2219.0,1155.0,11030.0,175.40000915527344,101.4000015258789,-0.43000030517578125,-2.451540946960449,100.70000457763672,0.0,17785.560546875
08172025_22_6LapsAndWeirdCurrData.parquet,-4.66,514.0,912.0,7473.0,32.79999923706055,107.5,0.29999542236328125,9.146202087402344,107.5,0.0,3526.0
08172025_22_6LapsAndWeirdCurrData.parquet,-4.66,195.0,781.0,5083.0,13.699999809265137,108.80000305175781,0.32999420166015625,24.087167739868164,108.80000305175781,0.0,1490.56005859375
08172025_22_6LapsAndWeirdCurrData.parquet,-4.65,0.0,444.0,0.0,2.299999952316284,109.0,0.34999847412109375,152.17324829101562,109.0,-0.09999847412109375,250.6999969482422
08172025_22_6LapsAndWeirdCurrData.parquet,-4.65,2219.0,1155.0,11030.0,175.40000915527344,101.4000015258789,-0.43000030517578125,-2.451540946960449,100.70000457763672,0.0,17785.560546875
08172025_22_6LapsAndWeirdCurrData.parquet,-4.65,514.0,912.0,7459.0,32.79999923706055,107.5,0.29999542236328125,9.146202087402344,107.5,0.0,3526.0
08172025_22_6LapsAndWeirdCurrData.parquet,-4.65,189.0,781.0,5083.0,13.699999809265137,108.80000305175781,0.32999420166015625,24.087167739868164,108.80000305175781,0.0,1490.56005859375
08172025_22_6LapsAndWeirdCurrData.parquet,-4.64,2231.0,1155.0,11030.0,175.40000915527344,101.4000015258789,-0.43000030517578125,-2.451540946960449,100.70000457763672,0.0,17785.560546875
08172025_22_6LapsAndWeirdCurrData.parquet,-4.64,189.0,781.0,5083.0,13.699999809265137,108.80000305175781,0.32999420166015625,24.087167739868164,108.80000305175781,0.0,1490.56005859375
08172025_22_6LapsAndWeirdCurrData.parquet,-4.64,0.0,444.0,0.0,2.299999952316284,109.0,0.34999847412109375,152.17324829101562,109.0,0.0,250.6999969482422
08172025_22_6LapsAndWeirdCurrData.parquet,-4.64,514.0,912.0,7459.0,32.79999923706055,107.5,0.29999542236328125,9.146202087402344,107.5,0.0,3526.0
08172025_22_6LapsAndWeirdCurrData.parquet,-4.63,2231.0,1155.0,10780.0,175.40000915527344,101.20000457763672,-0.23000335693359375,-1.3113075494766235,100.70000457763672,-0.1999969482421875,17750.482421875
08172025_22_6LapsAndWeirdCurrData.parquet,-4.63,529.0,912.0,7459.0,33.70000076293945,107.4000015258789,0.399993896484375,11.869254112243652,107.4000015258789,-0.09999847412109375,3619.380126953125
08172025_22_6LapsAndWeirdCurrData.parquet,-4.63,223.0,781.0,5083.0,13.699999809265137,108.80000305175781,0.32999420166015625,24.087167739868164,108.80000305175781,0.0,1490.56005859375
08172025_22_6LapsAndWeirdCurrData.parquet,-4.63,0.0,444.0,0.0,2.299999952316284,109.0,0.34999847412109375,152.17324829101562,109.0,0.0,250.6999969482422
08172025_22_6LapsAndWeirdCurrData.parquet,-4.62,223.0,781.0,5177.0,13.699999809265137,108.80000305175781,0.32999420166015625,24.087167739868164,108.80000305175781,0.0,1490.56005859375
08172025_22_6LapsAndWeirdCurrData.parquet,-4.62,0.0,444.0,0.0,2.299999952316284,109.0,0.34999847412109375,152.17324829101562,109.0,0.0,250.6999969482422
08172025_22_6LapsAndWeirdCurrData.parquet,-4.62,529.0,911.0,7459.0,33.70000076293945,107.4000015258789,0.399993896484375,11.869254112243652,107.4000015258789,0.0,3619.380126953125
08172025_22_6LapsAndWeirdCurrData.parquet,-4.62,2225.0,1155.0,10780.0,175.40000915527344,101.20000457763672,-0.23000335693359375,-1.3113075494766235,100.70000457763672,0.0,17750.482421875
08172025_22_6LapsAndWeirdCurrData.parquet,-4.61,0.0,444.0,0.0,2.299999952316284,109.0999984741211,0.25,108.6956558227539,109.0,0.09999847412109375,250.92999267578125
08172025_22_6LapsAndWeirdCurrData.parquet,-4.61,211.0,781.0,5177.0,13.800000190734863,108.80000305175781,0.32999420166015625,23.91262435913086,108.80000305175781,0.0,1501.4400634765625
08172025_22_6LapsAndWeirdCurrData.parquet,-4.61,529.0,911.0,7459.0,33.70000076293945,107.4000015258789,0.399993896484375,11.869254112243652,107.4000015258789,0.0,3619.380126953125
08172025_22_6LapsAndWeirdCurrData.parquet,-4.61,2225.0,1155.0,10780.0,175.40000915527344,101.20000457763672,-0.23000335693359375,-1.3113075494766235,100.70000457763672,0.0,17750.482421875
08172025_22_6LapsAndWeirdCurrData.parquet,-4.6,211.0,787.0,5177.0,13.800000190734863,108.80000305175781,0.32999420166015625,23.91262435913086,108.80000305175781,0.0,1501.4400634765625
08172025_22_6LapsAndWeirdCurrData.parquet,-4.6,0.0,444.0,0.0,2.299999952316284,109.0999984741211,0.25,108.6956558227539,109.0,0.0,250.92999267578125
08172025_22_6LapsAndWeirdCurrData.parquet,-4.6,2225.0,1155.0,10780.0,175.40000915527344,101.20000457763672,-0.23000335693359375,-1.3113075494766235,100.70000457763672,0.0,17750.482421875
08172025_22_6LapsAndWeirdCurrData.parquet,-4.6,529.0,911.0,7459.0,33.70000076293945,107.4000015258789,0.399993896484375,11.869254112243652,107.4000015258789,0.0,3619.380126953125
08172025_22_6LapsAndWeirdCurrData.parquet,-4.59,531.0,911.0,7459.0,34.10000228881836,107.4000015258789,0.399993896484375,11.730025291442871,107.4000015258789,0.0,3662.34033203125
08172025_22_6LapsAndWeirdCurrData.parquet,-4.59,211.0,787.0,5177.0,13.800000190734863,108.80000305175781,0.32999420166015625,23.91262435913086,108.80000305175781,0.0,1501.4400634765625
08172025_22_6LapsAndWeirdCurrData.parquet,-4.59,2257.0,1155.0,11092.0,175.40000915527344,101.20000457763672,-0.23000335693359375,-1.3113075494766235,100.70000457763672,0.0,17750.482421875
08172025_22_6LapsAndWeirdCurrData.parquet,-4.59,0.0,444.0,0.0,2.299999952316284,109.0999984741211,0.25,108.6956558227539,109.0,0.0,250.92999267578125
08172025_22_6LapsAndWeirdCurrData.parquet,-4.58,211.0,787.0,5179.0,13.800000190734863,108.80000305175781,0.32999420166015625,23.91262435913086,108.80000305175781,0.0,1501.4400634765625
08172025_22_6LapsAndWeirdCurrData.parquet,-4.58,531.0,911.0,7459.0,34.10000228881836,107.4000015258789,0.399993896484375,11.730025291442871,107.4000015258789,0.0,3662.34033203125
08172025_22_6LapsAndWeirdCurrData.parquet,-4.58,2257.0,1155.0,11092.0,174.40000915527344,101.30000305175781,-0.3300018310546875,-1.892212152481079,100.70000457763672,0.09999847412109375,17666.720703125
08172025_22_6LapsAndWeirdCurrData.parquet,-4.58,0.0,444.0,0.0,2.299999952316284,109.0999984741211,0.25,108.6956558227539,109.0,0.0,250.92999267578125
08172025_22_6LapsAndWeirdCurrData.parquet,-4.57,2260.0,1155.0,11092.0,174.40000915527344,101.30000305175781,-0.3300018310546875,-1.892212152481079,100.70000457763672,0.0,17666.720703125
08172025_22_6LapsAndWeirdCurrData.parquet,-4.57,0.0,445.0,0.0,2.299999952316284,109.0,0.34999847412109375,152.17324829101562,109.0,-0.09999847412109375,250.6999969482422
08172025_22_6LapsAndWeirdCurrData.parquet,-4.57,550.0,911.0,7436.0,34.10000228881836,107.4000015258789,0.399993896484375,11.730025291442871,107.4000015258789,0.0,3662.34033203125
08172025_22_6LapsAndWeirdCurrData.parquet,-4.57,236.0,787.0,5179.0,14.5,108.80000305175781,0.32999420166015625,22.758220672607422,108.80000305175781,0.0,1577.60009765625
08172025_22_6LapsAndWeirdCurrData.parquet,-4.56,2260.0,1155.0,11092.0,174.40000915527344,101.30000305175781,0.46999359130859375,2.6949172019958496,100.70000457763672,0.0,17666.720703125
08172025_22_6LapsAndWeirdCurrData.parquet,-4.56,0.0,445.0,0.0,2.299999952316284,109.0,0.34999847412109375,152.17324829101562,109.0,0.0,250.6999969482422
08172025_22_6LapsAndWeirdCurrData.parquet,-4.56,550.0,911.0,7436.0,34.10000228881836,107.4000015258789,0.399993896484375,11.730025291442871,107.4000015258789,0.0,3662.34033203125
08172025_22_6LapsAndWeirdCurrData.parquet,-4.56,236.0,787.0,5179.0,14.5,108.80000305175781,0.32999420166015625,22.758220672607422,108.80000305175781,0.0,1577.60009765625
08172025_22_6LapsAndWeirdCurrData.parquet,-4.55,236.0,787.0,5179.0,14.5,108.80000305175781,0.2599945068359375,17.930654525756836,108.80000305175781,0.0,1577.60009765625
08172025_22_6LapsAndWeirdCurrData.parquet,-4.55,2275.0,1155.0,11788.0,174.40000915527344,101.30000305175781,0.46999359130859375,2.6949172019958496,100.70000457763672,0.0,17666.720703125
08172025_22_6LapsAndWeirdCurrData.parquet,-4.55,550.0,911.0,7436.0,34.5,107.5,0.29999542236328125,8.69551944732666,107.4000015258789,0.09999847412109375,3708.75
08172025_22_6LapsAndWeirdCurrData.parquet,-4.55,0.0,445.0,0.0,2.299999952316284,109.0,0.34999847412109375,152.17324829101562,109.0,0.0,250.6999969482422
08172025_22_6LapsAndWeirdCurrData.parquet,-4.54,0.0,445.0,0.0,2.299999952316284,109.0,0.34999847412109375,152.17324829101562,109.0,0.0,250.6999969482422
08172025_22_6LapsAndWeirdCurrData.parquet,-4.54,550.0,911.0,7436.0,34.5,107.5,0.29999542236328125,8.69551944732666,107.4000015258789,0.0,3708.75
08172025_22_6LapsAndWeirdCurrData.parquet,-4.54,2275.0,1155.0,11788.0,176.0,101.0999984741211,0.6699981689453125,3.80680775642395,100.70000457763672,-0.20000457763671875,17793.599609375
08172025_22_6LapsAndWeirdCurrData.parquet,-4.54,228.0,787.0,5196.0,14.5,108.80000305175781,0.2599945068359375,17.930654525756836,108.80000305175781,0.0,1577.60009765625
08172025_22_6LapsAndWeirdCurrData.parquet,-4.53,2391.0,1155.0,11788.0,176.0,101.0999984741211,0.6699981689453125,3.80680775642395,100.70000457763672,0.0,17793.599609375
08172025_22_6LapsAndWeirdCurrData.parquet,-4.53,550.0,911.0,7444.0,34.5,107.5,0.29999542236328125,8.69551944732666,107.4000015258789,0.0,3708.75
08172025_22_6LapsAndWeirdCurrData.parquet,-4.53,0.0,445.0,0.0,2.299999952316284,109.0,0.34999847412109375,152.17324829101562,109.0,0.0,250.6999969482422
08172025_22_6LapsAndWeirdCurrData.parquet,-4.53,228.0,787.0,5196.0,14.5,108.70000457763672,0.35999298095703125,24.827102661132812,108.70000457763672,-0.09999847412109375,1576.1500244140625
08172025_22_6LapsAndWeirdCurrData.parquet,-4.52,558.0,910.0,7444.0,34.5,107.5,0.29999542236328125,8.69551944732666,107.4000015258789,0.0,3708.75
08172025_22_6LapsAndWeirdCurrData.parquet,-4.52,0.0,445.0,0.0,2.299999952316284,109.0999984741211,0.25,108.6956558227539,109.0,0.09999847412109375,250.92999267578125
08172025_22_6LapsAndWeirdCurrData.parquet,-4.52,2391.0,1155.0,11788.0,176.0,101.0999984741211,0.6699981689453125,3.80680775642395,100.70000457763672,0.0,17793.599609375
08172025_22_6LapsAndWeirdCurrData.parquet,-4.52,227.0,787.0,5196.0,14.5,108.70000457763672,0.35999298095703125,24.827102661132812,108.70000457763672,0.0,1576.1500244140625
08172025_22_6LapsAndWeirdCurrData.parquet,-4.51,0.0,445.0,0.0,2.299999952316284,109.0999984741211,0.25,108.6956558227539,109.0,0.0,250.92999267578125
08172025_22_6LapsAndWeirdCurrData.parquet,-4.51,558.0,910.0,7444.0,34.5,107.5,0.29999542236328125,8.69551944732666,107.4000015258789,0.0,3708.75
08172025_22_6LapsAndWeirdCurrData.parquet,-4.51,2387.0,1155.0,11788.0,185.60000610351562,100.4000015258789,1.3699951171875,7.381438732147217,100.4000015258789,-0.6999969482421875,18634.240234375
08172025_22_6LapsAndWeirdCurrData.parquet,-4.51,227.0,787.0,5196.0,14.5,108.70000457763672,0.35999298095703125,24.827102661132812,108.70000457763672,0.0,1576.1500244140625
08172025_22_6LapsAndWeirdCurrData.parquet,-4.5,2387.0,1155.0,11788.0,185.60000610351562,100.4000015258789,1.3699951171875,7.381438732147217,100.4000015258789,0.0,18634.240234375
08172025_22_6LapsAndWeirdCurrData.parquet,-4.5,568.0,910.0,7444.0,34.5,107.5,0.29999542236328125,8.69551944732666,107.4000015258789,0.0,3708.75
08172025_22_6LapsAndWeirdCurrData.parquet,-4.5,0.0,445.0,0.0,2.299999952316284,109.0999984741211,0.25,108.6956558227539,109.0,0.0,250.92999267578125
08172025_22_6LapsAndWeirdCurrData.parquet,-4.5,245.0,795.0,5309.0,14.5,108.70000457763672,0.35999298095703125,24.827102661132812,108.70000457763672,0.0,1576.1500244140625
08172025_22_6LapsAndWeirdCurrData.parquet,-4.49,2301.0,1155.0,11788.0,185.60000610351562,100.4000015258789,1.3699951171875,7.381438732147217,100.4000015258789,0.0,18634.240234375
08172025_22_6LapsAndWeirdCurrData.parquet,-4.49,568.0,910.0,7451.0,34.5,107.5,0.29999542236328125,8.69551944732666,107.4000015258789,0.0,3708.75
08172025_22_6LapsAndWeirdCurrData.parquet,-4.49,0.0,445.0,0.0,2.299999952316284,109.0999984741211,0.25,108.6956558227539,109.0,0.0,250.92999267578125
08172025_22_6LapsAndWeirdCurrData.parquet,-4.49,245.0,795.0,5309.0,14.5,108.70000457763672,0.35999298095703125,24.827102661132812,108.70000457763672,0.0,1576.1500244140625
08172025_22_6LapsAndWeirdCurrData.parquet,-4.48,571.0,910.0,7451.0,34.5,107.5,0.29999542236328125,8.69551944732666,107.4000015258789,0.0,3708.75
08172025_22_6LapsAndWeirdCurrData.parquet,-4.48,245.0,795.0,5309.0,14.5,108.70000457763672,0.35999298095703125,24.827102661132812,108.70000457763672,0.0,1576.1500244140625
08172025_22_6LapsAndWeirdCurrData.parquet,-4.48,0.0,445.0,0.0,2.200000047683716,109.0999984741211,0.25,113.63636016845703,109.0,0.0,240.02000427246094
08172025_22_6LapsAndWeirdCurrData.parquet,-4.48,2301.0,1155.0,11788.0,185.60000610351562,100.4000015258789,1.3699951171875,7.381438732147217,100.4000015258789,0.0,18634.240234375
08172025_22_6LapsAndWeirdCurrData.parquet,-4.47,0.0,445.0,0.0,2.200000047683716,109.0999984741211,0.25,113.63636016845703,109.0,0.0,240.02000427246094
08172025_22_6LapsAndWeirdCurrData.parquet,-4.47,2301.0,1155.0,9008.0,185.60000610351562,100.4000015258789,1.3699951171875,7.381438732147217,100.4000015258789,0.0,18634.240234375
08172025_22_6LapsAndWeirdCurrData.parquet,-4.47,571.0,910.0,7451.0,36.10000228881836,107.4000015258789,0.31999969482421875,8.864256858825684,107.4000015258789,-0.09999847412109375,3877.140380859375
08172025_22_6LapsAndWeirdCurrData.parquet,-4.47,245.0,795.0,5309.0,14.5,108.70000457763672,0.35999298095703125,24.827102661132812,108.70000457763672,0.0,1576.1500244140625
08172025_22_6LapsAndWeirdCurrData.parquet,-4.46,586.0,910.0,7451.0,36.10000228881836,107.4000015258789,0.31999969482421875,8.864256858825684,107.4000015258789,0.0,3877.140380859375
08172025_22_6LapsAndWeirdCurrData.parquet,-4.46,246.0,795.0,5393.0,14.5,108.70000457763672,0.35999298095703125,24.827102661132812,108.70000457763672,0.0,1576.1500244140625
08172025_22_6LapsAndWeirdCurrData.parquet,-4.46,2269.0,1155.0,9008.0,183.0,101.0,0.7699966430664062,4.207632064819336,100.4000015258789,0.5999984741210938,18483.0
08172025_22_6LapsAndWeirdCurrData.parquet,-4.46,0.0,445.0,0.0,2.200000047683716,109.0999984741211,0.25,113.63636016845703,109.0,0.0,240.02000427246094
08172025_22_6LapsAndWeirdCurrData.parquet,-4.45,586.0,910.0,7421.0,36.10000228881836,107.4000015258789,0.31999969482421875,8.864256858825684,107.4000015258789,0.0,3877.140380859375
08172025_22_6LapsAndWeirdCurrData.parquet,-4.45,246.0,795.0,5393.0,15.800000190734863,108.70000457763672,0.35999298095703125,22.784364700317383,108.70000457763672,0.0,1717.4600830078125
08172025_22_6LapsAndWeirdCurrData.parquet,-4.45,2269.0,1155.0,9008.0,183.0,101.0,0.7699966430664062,4.207632064819336,100.4000015258789,0.0,18483.0
08172025_22_6LapsAndWeirdCurrData.parquet,-4.45,0.0,445.0,0.0,2.200000047683716,109.0999984741211,0.25,113.63636016845703,109.0,0.0,240.02000427246094
08172025_22_6LapsAndWeirdCurrData.parquet,-4.44,586.0,910.0,7421.0,36.10000228881836,107.4000015258789,0.31999969482421875,8.864256858825684,107.4000015258789,0.0,3877.140380859375
08172025_22_6LapsAndWeirdCurrData.parquet,-4.44,0.0,445.0,0.0,2.200000047683716,109.0999984741211,0.25,113.63636016845703,109.0,0.0,240.02000427246094
08172025_22_6LapsAndWeirdCurrData.parquet,-4.44,2258.0,1155.0,9008.0,183.0,101.0,0.7699966430664062,4.207632064819336,100.4000015258789,0.0,18483.0
08172025_22_6LapsAndWeirdCurrData.parquet,-4.44,255.0,795.0,5393.0,15.800000190734863,108.70000457763672,0.35999298095703125,22.784364700317383,108.70000457763672,0.0,1717.4600830078125
08172025_22_6LapsAndWeirdCurrData.parquet,-4.43,591.0,910.0,7421.0,36.70000076293945,107.4000015258789,0.31999969482421875,8.719337463378906,107.4000015258789,0.0,3941.580078125
08172025_22_6LapsAndWeirdCurrData.parquet,-4.43,0.0,445.0,0.0,2.200000047683716,109.0999984741211,0.25,113.63636016845703,109.0,0.0,240.02000427246094
08172025_22_6LapsAndWeirdCurrData.parquet,-4.43,2258.0,1155.0,9846.0,183.0,101.0,0.7699966430664062,4.207632064819336,100.4000015258789,0.0,18483.0
08172025_22_6LapsAndWeirdCurrData.parquet,-4.43,255.0,795.0,5393.0,15.800000190734863,108.70000457763672,0.35999298095703125,22.784364700317383,108.70000457763672,0.0,1717.4600830078125
08172025_22_6LapsAndWeirdCurrData.parquet,-4.42,591.0,910.0,7408.0,36.70000076293945,107.4000015258789,0.31999969482421875,8.719337463378906,107.4000015258789,0.0,3941.580078125
08172025_22_6LapsAndWeirdCurrData.parquet,-4.42,2272.0,1155.0,9846.0,170.8000030517578,102.0,-0.23000335693359375,-1.3466238975524902,100.4000015258789,1.0,17421.599609375
08172025_22_6LapsAndWeirdCurrData.parquet,-4.42,265.0,795.0,5368.0,15.800000190734863,108.70000457763672,0.35999298095703125,22.784364700317383,108.70000457763672,0.0,1717.4600830078125
08172025_22_6LapsAndWeirdCurrData.parquet,-4.42,0.0,445.0,0.0,2.200000047683716,109.0999984741211,0.25,113.63636016845703,109.0,0.0,240.02000427246094
08172025_22_6LapsAndWeirdCurrData.parquet,-4.41,0.0,445.0,0.0,2.200000047683716,109.0999984741211,0.25,113.63636016845703,109.0,0.0,240.02000427246094
08172025_22_6LapsAndWeirdCurrData.parquet,-4.41,265.0,795.0,5368.0,15.90000057220459,108.70000457763672,0.35999298095703125,22.64106559753418,108.70000457763672,0.0,1728.330078125
08172025_22_6LapsAndWeirdCurrData.parquet,-4.41,2310.0,1155.0,9846.0,170.8000030517578,102.0,-0.23000335693359375,-1.3466238975524902,100.4000015258789,0.0,17421.599609375
08172025_22_6LapsAndWeirdCurrData.parquet,-4.41,591.0,910.0,7408.0,36.70000076293945,107.4000015258789,0.31999969482421875,8.719337463378906,107.4000015258789,0.0,3941.580078125
08172025_22_6LapsAndWeirdCurrData.parquet,-4.4,2310.0,1155.0,9846.0,170.8000030517578,102.0,-0.23000335693359375,-1.3466238975524902,100.4000015258789,0.0,17421.599609375
08172025_22_6LapsAndWeirdCurrData.parquet,-4.4,591.0,910.0,7408.0,36.70000076293945,107.4000015258789,0.31999969482421875,8.719337463378906,107.4000015258789,0.0,3941.580078125
08172025_22_6LapsAndWeirdCurrData.parquet,-4.4,0.0,445.0,0.0,2.200000047683716,109.0999984741211,0.25,113.63636016845703,109.0,0.0,240.02000427246094
08172025_22_6LapsAndWeirdCurrData.parquet,-4.4,265.0,798.0,5368.0,15.90000057220459,108.70000457763672,0.35999298095703125,22.64106559753418,108.70000457763672,0.0,1728.330078125
08172025_22_6LapsAndWeirdCurrData.parquet,-4.39,2310.0,1155.0,17397.0,170.8000030517578,102.0,-0.23000335693359375,-1.3466238975524902,100.4000015258789,0.0,17421.599609375
08172025_22_6LapsAndWeirdCurrData.parquet,-4.39,265.0,798.0,5368.0,15.90000057220459,108.70000457763672,0.35999298095703125,22.64106559753418,108.70000457763672,0.0,1728.330078125
08172025_22_6LapsAndWeirdCurrData.parquet,-4.39,0.0,445.0,0.0,2.200000047683716,109.0999984741211,0.25,113.63636016845703,109.0,0.0,240.02000427246094
08172025_22_6LapsAndWeirdCurrData.parquet,-4.39,600.0,910.0,7408.0,36.70000076293945,107.4000015258789,0.31999969482421875,8.719337463378906,107.4000015258789,0.0,3941.580078125
08172025_22_6LapsAndWeirdCurrData.parquet,-4.38,600.0,910.0,7408.0,37.10000228881836,107.4000015258789,0.31999969482421875,8.625328063964844,107.4000015258789,0.0,3984.540283203125
08172025_22_6LapsAndWeirdCurrData.parquet,-4.38,265.0,798.0,5374.0,15.90000057220459,108.70000457763672,0.35999298095703125,22.64106559753418,108.70000457763672,0.0,1728.330078125
08172025_22_6LapsAndWeirdCurrData.parquet,-4.38,2550.0,1155.0,17397.0,169.5,101.30000305175781,0.46999359130859375,2.7728233337402344,100.4000015258789,-0.6999969482421875,17170.349609375
08172025_22_6LapsAndWeirdCurrData.parquet,-4.38,0.0,445.0,0.0,2.200000047683716,109.0999984741211,0.25,113.63636016845703,109.0,0.0,240.02000427246094
08172025_22_6LapsAndWeirdCurrData.parquet,-4.37,611.0,910.0,7344.0,37.10000228881836,107.4000015258789,0.31999969482421875,8.625328063964844,107.4000015258789,0.0,3984.540283203125
08172025_22_6LapsAndWeirdCurrData.parquet,-4.37,2550.0,1155.0,17397.0,169.5,101.30000305175781,0.46999359130859375,2.7728233337402344,100.4000015258789,0.0,17170.349609375
08172025_22_6LapsAndWeirdCurrData.parquet,-4.37,0.0,445.0,0.0,2.200000047683716,109.0999984741211,0.25,113.63636016845703,109.0,0.0,240.02000427246094
08172025_22_6LapsAndWeirdCurrData.parquet,-4.37,275.0,798.0,5374.0,16.200000762939453,108.70000457763672,0.35999298095703125,22.22178840637207,108.70000457763672,0.0,1760.940185546875
08172025_22_6LapsAndWeirdCurrData.parquet,-4.36,611.0,910.0,7344.0,37.10000228881836,107.4000015258789,0.31999969482421875,8.625328063964844,107.4000015258789,0.0,3984.540283203125
08172025_22_6LapsAndWeirdCurrData.parquet,-4.36,275.0,798.0,5374.0,16.200000762939453,108.70000457763672,0.35999298095703125,22.22178840637207,108.70000457763672,0.0,1760.940185546875
08172025_22_6LapsAndWeirdCurrData.parquet,-4.36,0.0,445.0,0.0,2.200000047683716,109.0999984741211,0.25,113.63636016845703,109.0,0.0,240.02000427246094
08172025_22_6LapsAndWeirdCurrData.parquet,-4.36,2708.0,1155.0,17397.0,169.5,101.30000305175781,0.43999481201171875,2.595839500427246,100.4000015258789,0.0,17170.349609375
08172025_22_6LapsAndWeirdCurrData.parquet,-4.35,618.0,910.0,7344.0,37.10000228881836,107.4000015258789,0.31999969482421875,8.625328063964844,107.4000015258789,0.0,3984.540283203125
08172025_22_6LapsAndWeirdCurrData.parquet,-4.35,0.0,445.0,0.0,2.200000047683716,109.0999984741211,0.25,113.63636016845703,109.0,0.0,240.02000427246094
08172025_22_6LapsAndWeirdCurrData.parquet,-4.35,277.0,798.0,5374.0,16.200000762939453,108.70000457763672,0.30998992919921875,19.13517951965332,108.70000457763672,0.0,1760.940185546875
08172025_22_6LapsAndWeirdCurrData.parquet,-4.35,2708.0,1155.0,22476.0,169.5,101.30000305175781,0.43999481201171875,2.595839500427246,100.4000015258789,0.0,17170.349609375
08172025_22_6LapsAndWeirdCurrData.parquet,-4.34,618.0,910.0,7344.0,37.79999923706055,107.30000305175781,0.4199981689453125,11.111063003540039,107.30000305175781,-0.09999847412109375,4055.93994140625
08172025_22_6LapsAndWeirdCurrData.parquet,-4.34,0.0,445.0,0.0,2.200000047683716,109.0999984741211,0.25,113.63636016845703,109.0,0.0,240.02000427246094
08172025_22_6LapsAndWeirdCurrData.parquet,-4.34,2708.0,1155.0,22476.0,222.8000030517578,95.9000015258789,5.839996337890625,26.21183204650879,95.9000015258789,-5.400001525878906,21366.521484375
08172025_22_6LapsAndWeirdCurrData.parquet,-4.34,277.0,798.0,5394.0,16.200000762939453,108.70000457763672,0.30998992919921875,19.13517951965332,108.70000457763672,0.0,1760.940185546875
08172025_22_6LapsAndWeirdCurrData.parquet,-4.33,618.0,910.0,7321.0,37.79999923706055,107.30000305175781,0.4199981689453125,11.111063003540039,107.30000305175781,0.0,4055.93994140625
08172025_22_6LapsAndWeirdCurrData.parquet,-4.33,0.0,445.0,0.0,2.200000047683716,109.0999984741211,0.25,113.63636016845703,109.0,0.0,240.02000427246094
08172025_22_6LapsAndWeirdCurrData.parquet,-4.33,2860.0,1155.0,22476.0,222.8000030517578,95.9000015258789,5.839996337890625,26.21183204650879,95.9000015258789,0.0,21366.521484375
08172025_22_6LapsAndWeirdCurrData.parquet,-4.33,287.0,798.0,5394.0,16.200000762939453,108.70000457763672,0.30998992919921875,19.13517951965332,108.70000457763672,0.0,1760.940185546875
08172025_22_6LapsAndWeirdCurrData.parquet,-4.32,622.0,904.0,7321.0,37.79999923706055,107.30000305175781,0.4199981689453125,11.111063003540039,107.30000305175781,0.0,4055.93994140625
08172025_22_6LapsAndWeirdCurrData.parquet,-4.32,0.0,446.0,0.0,2.299999952316284,109.0,0.34999847412109375,152.17324829101562,109.0,-0.09999847412109375,250.6999969482422
08172025_22_6LapsAndWeirdCurrData.parquet,-4.32,287.0,798.0,5394.0,16.700000762939453,108.70000457763672,0.30998992919921875,18.562271118164062,108.70000457763672,0.0,1815.2901611328125
08172025_22_6LapsAndWeirdCurrData.parquet,-4.32,2860.0,1155.0,22476.0,222.8000030517578,95.9000015258789,5.839996337890625,26.21183204650879,95.9000015258789,0.0,21366.521484375
08172025_22_6LapsAndWeirdCurrData.parquet,-4.31,0.0,446.0,0.0,2.299999952316284,109.0,0.34999847412109375,152.17324829101562,109.0,0.0,250.6999969482422
08172025_22_6LapsAndWeirdCurrData.parquet,-4.31,291.0,798.0,5394.0,16.700000762939453,108.70000457763672,0.30998992919921875,18.562271118164062,108.70000457763672,0.0,1815.2901611328125
08172025_22_6LapsAndWeirdCurrData.parquet,-4.31,2661.0,1155.0,22476.0,222.8000030517578,95.9000015258789,5.839996337890625,26.21183204650879,95.9000015258789,0.0,21366.521484375
08172025_22_6LapsAndWeirdCurrData.parquet,-4.31,622.0,904.0,7321.0,37.79999923706055,107.30000305175781,0.4199981689453125,11.111063003540039,107.30000305175781,0.0,4055.93994140625
08172025_22_6LapsAndWeirdCurrData.parquet,-4.3,0.0,446.0,0.0,2.299999952316284,109.0,0.34999847412109375,152.17324829101562,109.0,0.0,250.6999969482422
08172025_22_6LapsAndWeirdCurrData.parquet,-4.3,291.0,804.0,5478.0,16.700000762939453,108.70000457763672,0.30998992919921875,18.562271118164062,108.70000457763672,0.0,1815.2901611328125
08172025_22_6LapsAndWeirdCurrData.parquet,-4.3,2661.0,1155.0,22476.0,285.70001220703125,94.30000305175781,7.439994812011719,26.041282653808594,94.30000305175781,-1.5999984741210938,26941.51171875
08172025_22_6LapsAndWeirdCurrData.parquet,-4.3,629.0,904.0,7321.0,38.5,107.30000305175781,0.4199981689453125,10.909043312072754,107.30000305175781,0.0,4131.05029296875
08172025_22_6LapsAndWeirdCurrData.parquet,-4.29,2297.0,1155.0,22476.0,285.70001220703125,94.30000305175781,7.439994812011719,26.041282653808594,94.30000305175781,0.0,26941.51171875
08172025_22_6LapsAndWeirdCurrData.parquet,-4.29,0.0,446.0,0.0,2.299999952316284,109.0,0.34999847412109375,152.17324829101562,109.0,0.0,250.6999969482422
08172025_22_6LapsAndWeirdCurrData.parquet,-4.29,291.0,804.0,5478.0,16.700000762939453,108.70000457763672,0.30998992919921875,18.562271118164062,108.70000457763672,0.0,1815.2901611328125
08172025_22_6LapsAndWeirdCurrData.parquet,-4.29,629.0,904.0,7323.0,38.5,107.30000305175781,0.4199981689453125,10.909043312072754,107.30000305175781,0.0,4131.05029296875
08172025_22_6LapsAndWeirdCurrData.parquet,-4.28,0.0,446.0,0.0,2.200000047683716,109.0999984741211,0.25,113.63636016845703,109.0,0.09999847412109375,240.02000427246094
08172025_22_6LapsAndWeirdCurrData.parquet,-4.28,291.0,804.0,5478.0,17.100000381469727,108.70000457763672,0.30998992919921875,18.12806510925293,108.70000457763672,0.0,1858.7701416015625
08172025_22_6LapsAndWeirdCurrData.parquet,-4.28,2297.0,1155.0,22476.0,285.70001220703125,94.30000305175781,7.439994812011719,26.041282653808594,94.30000305175781,0.0,26941.51171875
08172025_22_6LapsAndWeirdCurrData.parquet,-4.28,640.0,904.0,7323.0,38.5,107.30000305175781,0.4199981689453125,10.909043312072754,107.30000305175781,0.0,4131.05029296875
08172025_22_6LapsAndWeirdCurrData.parquet,-4.27,640.0,904.0,7323.0,38.5,107.30000305175781,0.35999298095703125,9.350467681884766,107.30000305175781,0.0,4131.05029296875
08172025_22_6LapsAndWeirdCurrData.parquet,-4.27,0.0,446.0,0.0,2.200000047683716,109.0999984741211,0.25,113.63636016845703,109.0,0.0,240.02000427246094
08172025_22_6LapsAndWeirdCurrData.parquet,-4.27,291.0,804.0,5478.0,17.100000381469727,108.70000457763672,0.30998992919921875,18.12806510925293,108.70000457763672,0.0,1858.7701416015625
08172025_22_6LapsAndWeirdCurrData.parquet,-4.27,2319.0,1155.0,9234.0,285.70001220703125,94.30000305175781,7.439994812011719,26.041282653808594,94.30000305175781,0.0,26941.51171875
08172025_22_6LapsAndWeirdCurrData.parquet,-4.26,0.0,446.0,0.0,2.200000047683716,109.0999984741211,0.25,113.63636016845703,109.0,0.0,240.02000427246094
08172025_22_6LapsAndWeirdCurrData.parquet,-4.26,299.0,804.0,5722.0,17.100000381469727,108.70000457763672,0.30998992919921875,18.12806510925293,108.70000457763672,0.0,1858.7701416015625
08172025_22_6LapsAndWeirdCurrData.parquet,-4.26,652.0,904.0,7323.0,38.400001525878906,107.30000305175781,0.35999298095703125,9.37481689453125,107.30000305175781,0.0,4120.3203125
08172025_22_6LapsAndWeirdCurrData.parquet,-4.26,2319.0,1155.0,9234.0,285.70001220703125,94.30000305175781,7.439994812011719,26.041282653808594,94.30000305175781,0.0,26941.51171875
08172025_22_6LapsAndWeirdCurrData.parquet,-4.25,0.0,446.0,0.0,2.200000047683716,109.0999984741211,0.25,113.63636016845703,109.0,0.0,240.02000427246094
08172025_22_6LapsAndWeirdCurrData.parquet,-4.25,652.0,904.0,7321.0,38.400001525878906,107.30000305175781,0.35999298095703125,9.37481689453125,107.30000305175781,0.0,4120.3203125
08172025_22_6LapsAndWeirdCurrData.parquet,-4.25,299.0,804.0,5722.0,17.100000381469727,108.70000457763672,0.30998992919921875,18.12806510925293,108.70000457763672,0.0,1858.7701416015625
08172025_22_6LapsAndWeirdCurrData.parquet,-4.25,2352.0,1155.0,9234.0,273.3000183105469,98.20000457763672,3.5399932861328125,12.952774047851562,94.30000305175781,3.9000015258789062,26838.0625
08172025_22_6LapsAndWeirdCurrData.parquet,-4.24,312.0,804.0,5722.0,17.899999618530273,108.5999984741211,0.40999603271484375,22.904808044433594,108.5999984741211,-0.100006103515625,1943.93994140625
08172025_22_6LapsAndWeirdCurrData.parquet,-4.24,2352.0,1155.0,9234.0,273.3000183105469,98.20000457763672,3.5399932861328125,12.952774047851562,94.30000305175781,0.0,26838.0625
08172025_22_6LapsAndWeirdCurrData.parquet,-4.24,652.0,904.0,7321.0,38.400001525878906,107.30000305175781,0.35999298095703125,9.37481689453125,107.30000305175781,0.0,4120.3203125
08172025_22_6LapsAndWeirdCurrData.parquet,-4.24,0.0,446.0,0.0,2.200000047683716,109.0999984741211,0.25,113.63636016845703,109.0,0.0,240.02000427246094
08172025_22_6LapsAndWeirdCurrData.parquet,-4.23,647.0,904.0,7321.0,38.400001525878906,107.30000305175781,0.35999298095703125,9.37481689453125,107.30000305175781,0.0,4120.3203125
08172025_22_6LapsAndWeirdCurrData.parquet,-4.23,312.0,804.0,5722.0,17.899999618530273,108.5999984741211,0.40999603271484375,22.904808044433594,108.5999984741211,0.0,1943.93994140625
08172025_22_6LapsAndWeirdCurrData.parquet,-4.23,2327.0,1155.0,12625.0,273.3000183105469,98.20000457763672,3.5399932861328125,12.952774047851562,94.30000305175781,0.0,26838.0625
08172025_22_6LapsAndWeirdCurrData.parquet,-4.23,0.0,446.0,0.0,2.200000047683716,109.0999984741211,0.25,113.63636016845703,109.0,0.0,240.02000427246094
08172025_22_6LapsAndWeirdCurrData.parquet,-4.22,0.0,444.0,0.0,2.200000047683716,109.0999984741211,0.25,113.63636016845703,109.0,0.0,240.02000427246094
08172025_22_6LapsAndWeirdCurrData.parquet,-4.22,647.0,895.0,7213.0,39.5,107.20000457763672,0.459991455078125,11.645353317260742,107.20000457763672,-0.09999847412109375,4234.400390625
08172025_22_6LapsAndWeirdCurrData.parquet,-4.22,313.0,804.0,6004.0,17.899999618530273,108.5999984741211,0.40999603271484375,22.904808044433594,108.5999984741211,0.0,1943.93994140625
08172025_22_6LapsAndWeirdCurrData.parquet,-4.22,2327.0,1155.0,12625.0,273.3000183105469,98.20000457763672,3.5399932861328125,12.952774047851562,94.30000305175781,0.0,26838.0625
08172025_22_6LapsAndWeirdCurrData.parquet,-4.21,313.0,804.0,6004.0,17.899999618530273,108.5999984741211,0.40999603271484375,22.904808044433594,108.5999984741211,0.0,1943.93994140625
08172025_22_6LapsAndWeirdCurrData.parquet,-4.21,0.0,444.0,0.0,2.299999952316284,109.0999984741211,0.25,108.6956558227539,109.0,0.0,250.92999267578125
08172025_22_6LapsAndWeirdCurrData.parquet,-4.21,2327.0,1155.0,12625.0,236.90000915527344,100.9000015258789,0.839996337890625,3.5457844734191895,94.30000305175781,2.6999969482421875,23903.2109375
08172025_22_6LapsAndWeirdCurrData.parquet,-4.21,647.0,895.0,7213.0,39.5,107.20000457763672,0.459991455078125,11.645353317260742,107.20000457763672,0.0,4234.400390625
08172025_22_6LapsAndWeirdCurrData.parquet,-4.2,313.0,836.0,6004.0,17.899999618530273,108.5999984741211,0.40999603271484375,22.904808044433594,108.5999984741211,0.0,1943.93994140625
08172025_22_6LapsAndWeirdCurrData.parquet,-4.2,0.0,444.0,0.0,2.299999952316284,109.0999984741211,0.25,108.6956558227539,109.0,0.0,250.92999267578125
08172025_22_6LapsAndWeirdCurrData.parquet,-4.2,647.0,895.0,7213.0,39.5,107.20000457763672,0.459991455078125,11.645353317260742,107.20000457763672,0.0,4234.400390625
08172025_22_6LapsAndWeirdCurrData.parquet,-4.2,2327.0,1155.0,12625.0,236.90000915527344,100.9000015258789,0.839996337890625,3.5457844734191895,94.30000305175781,0.0,23903.2109375
08172025_22_6LapsAndWeirdCurrData.parquet,-4.19,0.0,444.0,0.0,2.299999952316284,109.0999984741211,0.25,108.6956558227539,109.0,0.0,250.92999267578125
08172025_22_6LapsAndWeirdCurrData.parquet,-4.19,665.0,895.0,7213.0,39.5,107.20000457763672,0.459991455078125,11.645353317260742,107.20000457763672,0.0,4234.400390625
08172025_22_6LapsAndWeirdCurrData.parquet,-4.19,313.0,836.0,6004.0,17.899999618530273,108.5999984741211,0.40999603271484375,22.904808044433594,108.5999984741211,0.0,1943.93994140625
08172025_22_6LapsAndWeirdCurrData.parquet,-4.19,2327.0,1155.0,12594.0,236.90000915527344,100.9000015258789,0.839996337890625,3.5457844734191895,94.30000305175781,0.0,23903.2109375
08172025_22_6LapsAndWeirdCurrData.parquet,-4.18,665.0,895.0,7213.0,39.400001525878906,107.30000305175781,0.35999298095703125,9.136877059936523,107.20000457763672,0.09999847412109375,4227.6201171875
08172025_22_6LapsAndWeirdCurrData.parquet,-4.18,2464.0,1155.0,12594.0,236.90000915527344,100.9000015258789,0.839996337890625,3.5457844734191895,94.30000305175781,0.0,23903.2109375
08172025_22_6LapsAndWeirdCurrData.parquet,-4.18,313.0,836.0,6116.0,17.899999618530273,108.5999984741211,0.40999603271484375,22.904808044433594,108.5999984741211,0.0,1943.93994140625
08172025_22_6LapsAndWeirdCurrData.parquet,-4.18,0.0,444.0,0.0,2.299999952316284,109.0999984741211,0.25,108.6956558227539,109.0,0.0,250.92999267578125
08172025_22_6LapsAndWeirdCurrData.parquet,-4.17,325.0,836.0,6116.0,17.899999618530273,108.5999984741211,0.40999603271484375,22.904808044433594,108.5999984741211,0.0,1943.93994140625
08172025_22_6LapsAndWeirdCurrData.parquet,-4.17,0.0,444.0,0.0,2.299999952316284,109.0999984741211,0.25,108.6956558227539,109.0,0.0,250.92999267578125
08172025_22_6LapsAndWeirdCurrData.parquet,-4.17,678.0,895.0,7139.0,39.400001525878906,107.30000305175781,0.30999755859375,7.8679585456848145,107.20000457763672,0.0,4227.6201171875
08172025_22_6LapsAndWeirdCurrData.parquet,-4.17,2464.0,1155.0,12594.0,231.8000030517578,99.5999984741211,2.1399993896484375,9.232093811035156,94.30000305175781,-1.3000030517578125,23087.279296875
08172025_22_6LapsAndWeirdCurrData.parquet,-4.16,325.0,836.0,6116.0,19.80000114440918,108.5999984741211,0.40999603271484375,20.70686912536621,108.5999984741211,0.0,2150.280029296875
08172025_22_6LapsAndWeirdCurrData.parquet,-4.16,678.0,895.0,7139.0,39.400001525878906,107.30000305175781,0.30999755859375,7.8679585456848145,107.20000457763672,0.0,4227.6201171875
08172025_22_6LapsAndWeirdCurrData.parquet,-4.16,0.0,444.0,0.0,2.299999952316284,109.0,0.34999847412109375,152.17324829101562,109.0,-0.09999847412109375,250.6999969482422
08172025_22_6LapsAndWeirdCurrData.parquet,-4.16,2545.0,1155.0,12594.0,231.8000030517578,99.5999984741211,-3.7099990844726562,-16.005172729492188,94.30000305175781,0.0,23087.279296875
08172025_22_6LapsAndWeirdCurrData.parquet,-4.15,0.0,444.0,0.0,2.299999952316284,109.0,0.34999847412109375,152.17324829101562,109.0,0.0,250.6999969482422
08172025_22_6LapsAndWeirdCurrData.parquet,-4.15,2545.0,1155.0,12438.0,231.8000030517578,99.5999984741211,-3.7099990844726562,-16.005172729492188,94.30000305175781,0.0,23087.279296875
08172025_22_6LapsAndWeirdCurrData.parquet,-4.15,328.0,836.0,6116.0,19.80000114440918,108.5999984741211,0.3600006103515625,18.181846618652344,108.5999984741211,0.0,2150.280029296875
08172025_22_6LapsAndWeirdCurrData.parquet,-4.15,676.0,895.0,7139.0,39.400001525878906,107.30000305175781,0.30999755859375,7.8679585456848145,107.20000457763672,0.0,4227.6201171875
08172025_22_6LapsAndWeirdCurrData.parquet,-4.14,328.0,836.0,6476.0,19.80000114440918,108.5999984741211,0.3600006103515625,18.181846618652344,108.5999984741211,0.0,2150.280029296875
08172025_22_6LapsAndWeirdCurrData.parquet,-4.14,676.0,895.0,7139.0,40.20000076293945,107.20000457763672,0.40999603271484375,10.198905944824219,107.20000457763672,-0.09999847412109375,4309.4404296875
08172025_22_6LapsAndWeirdCurrData.parquet,-4.14,2528.0,1155.0,12438.0,231.8000030517578,99.5999984741211,-3.7099990844726562,-16.005172729492188,94.30000305175781,0.0,23087.279296875
08172025_22_6LapsAndWeirdCurrData.parquet,-4.14,0.0,444.0,0.0,2.299999952316284,109.0,0.34999847412109375,152.17324829101562,109.0,0.0,250.6999969482422
08172025_22_6LapsAndWeirdCurrData.parquet,-4.13,690.0,895.0,6798.0,40.20000076293945,107.20000457763672,0.40999603271484375,10.198905944824219,107.20000457763672,0.0,4309.4404296875
08172025_22_6LapsAndWeirdCurrData.parquet,-4.13,0.0,444.0,0.0,2.299999952316284,109.0,0.34999847412109375,152.17324829101562,109.0,0.0,250.6999969482422
08172025_22_6LapsAndWeirdCurrData.parquet,-4.13,337.0,836.0,6476.0,19.80000114440918,108.5999984741211,0.3600006103515625,18.181846618652344,108.5999984741211,0.0,2150.280029296875
08172025_22_6LapsAndWeirdCurrData.parquet,-4.13,2528.0,1155.0,12438.0,230.90000915527344,99.4000015258789,-3.5100021362304688,-15.201394081115723,94.30000305175781,-0.1999969482421875,22951.4609375
08172025_22_6LapsAndWeirdCurrData.parquet,-4.12,689.0,863.0,6798.0,40.20000076293945,107.20000457763672,0.40999603271484375,10.198905944824219,107.20000457763672,0.0,4309.4404296875
08172025_22_6LapsAndWeirdCurrData.parquet,-4.12,0.0,445.0,0.0,2.200000047683716,109.0999984741211,0.25,113.63636016845703,109.0,0.09999847412109375,240.02000427246094
08172025_22_6LapsAndWeirdCurrData.parquet,-4.12,337.0,836.0,6476.0,19.80000114440918,108.5999984741211,0.3600006103515625,18.181846618652344,108.5999984741211,0.0,2150.280029296875
08172025_22_6LapsAndWeirdCurrData.parquet,-4.12,2620.0,1155.0,12438.0,230.90000915527344,99.4000015258789,-3.5100021362304688,-15.201394081115723,94.30000305175781,0.0,22951.4609375
08172025_22_6LapsAndWeirdCurrData.parquet,-4.11,689.0,863.0,6798.0,40.20000076293945,107.20000457763672,0.40999603271484375,10.198905944824219,107.20000457763672,0.0,4309.4404296875
08172025_22_6LapsAndWeirdCurrData.parquet,-4.11,0.0,445.0,0.0,2.200000047683716,109.0999984741211,0.25,113.63636016845703,109.0,0.0,240.02000427246094
08172025_22_6LapsAndWeirdCurrData.parquet,-4.11,342.0,836.0,6476.0,20.200000762939453,108.5,0.45999908447265625,22.77223014831543,108.5,-0.09999847412109375,2191.7001953125
08172025_22_6LapsAndWeirdCurrData.parquet,-4.11,2620.0,1155.0,12438.0,230.90000915527344,99.4000015258789,-3.5100021362304688,-15.201394081115723,94.30000305175781,0.0,22951.4609375
08172025_22_6LapsAndWeirdCurrData.parquet,-4.1,2775.0,1155.0,12438.0,230.90000915527344,99.4000015258789,-3.5100021362304688,-15.201394081115723,94.30000305175781,0.0,22951.4609375
08172025_22_6LapsAndWeirdCurrData.parquet,-4.1,0.0,445.0,0.0,2.200000047683716,109.0999984741211,0.25,113.63636016845703,109.0,0.0,240.02000427246094
08172025_22_6LapsAndWeirdCurrData.parquet,-4.1,342.0,898.0,7192.0,20.200000762939453,108.5,0.31999969482421875,15.841567993164062,108.5,0.0,2191.7001953125
08172025_22_6LapsAndWeirdCurrData.parquet,-4.1,689.0,863.0,6798.0,39.900001525878906,107.30000305175781,0.30999755859375,7.769361972808838,107.20000457763672,0.09999847412109375,4281.2705078125
08172025_22_6LapsAndWeirdCurrData.parquet,-4.09,2775.0,1155.0,12438.0,238.5,98.0999984741211,-2.2099990844726562,-9.266242980957031,94.30000305175781,-1.3000030517578125,23396.849609375
08172025_22_6LapsAndWeirdCurrData.parquet,-4.09,342.0,898.0,7192.0,20.200000762939453,108.5,0.31999969482421875,15.841567993164062,108.5,0.0,2191.7001953125
08172025_22_6LapsAndWeirdCurrData.parquet,-4.09,689.0,863.0,6634.0,39.900001525878906,107.30000305175781,0.30999755859375,7.769361972808838,107.20000457763672,0.0,4281.2705078125
08172025_22_6LapsAndWeirdCurrData.parquet,-4.09,0.0,445.0,0.0,2.200000047683716,109.0999984741211,0.25,113.63636016845703,109.0,0.0,240.02000427246094
08172025_22_6LapsAndWeirdCurrData.parquet,-4.08,0.0,445.0,0.0,2.200000047683716,109.0999984741211,0.25,113.63636016845703,109.0,0.0,240.02000427246094
08172025_22_6LapsAndWeirdCurrData.parquet,-4.08,2775.0,1155.0,12438.0,238.5,98.0999984741211,-2.2099990844726562,-9.266242980957031,94.30000305175781,0.0,23396.849609375
08172025_22_6LapsAndWeirdCurrData.parquet,-4.08,702.0,863.0,6634.0,39.900001525878906,107.30000305175781,0.30999755859375,7.769361972808838,107.20000457763672,0.0,4281.2705078125
08172025_22_6LapsAndWeirdCurrData.parquet,-4.08,365.0,898.0,7192.0,20.200000762939453,108.5,0.31999969482421875,15.841567993164062,108.5,0.0,2191.7001953125
08172025_22_6LapsAndWeirdCurrData.parquet,-4.07,702.0,863.0,6634.0,39.900001525878906,107.30000305175781,0.30999755859375,7.769361972808838,107.20000457763672,0.0,4281.2705078125
08172025_22_6LapsAndWeirdCurrData.parquet,-4.07,365.0,898.0,7192.0,23.600000381469727,108.4000015258789,0.4199981689453125,17.796533584594727,108.4000015258789,-0.09999847412109375,2558.239990234375
08172025_22_6LapsAndWeirdCurrData.parquet,-4.07,2562.0,1155.0,15614.0,238.5,98.0999984741211,-2.2099990844726562,-9.266242980957031,94.30000305175781,0.0,23396.849609375
08172025_22_6LapsAndWeirdCurrData.parquet,-4.07,0.0,445.0,0.0,2.200000047683716,109.0999984741211,0.25,113.63636016845703,109.0,0.0,240.02000427246094
08172025_22_6LapsAndWeirdCurrData.parquet,-4.06,0.0,445.0,0.0,2.200000047683716,109.0999984741211,0.25,113.63636016845703,109.0,0.0,240.02000427246094
08172025_22_6LapsAndWeirdCurrData.parquet,-4.06,709.0,863.0,6634.0,39.900001525878906,107.30000305175781,0.30999755859375,7.769361972808838,107.20000457763672,0.0,4281.2705078125
08172025_22_6LapsAndWeirdCurrData.parquet,-4.06,2562.0,1155.0,15614.0,238.5,98.0999984741211,2.05999755859375,8.637306213378906,94.30000305175781,0.0,23396.849609375
08172025_22_6LapsAndWeirdCurrData.parquet,-4.06,365.0,898.0,7879.0,23.600000381469727,108.4000015258789,0.4199981689453125,17.796533584594727,108.4000015258789,0.0,2558.239990234375
08172025_22_6LapsAndWeirdCurrData.parquet,-4.05,0.0,445.0,0.0,2.200000047683716,109.0999984741211,0.25,113.63636016845703,109.0,0.0,240.02000427246094
08172025_22_6LapsAndWeirdCurrData.parquet,-4.05,2378.0,1155.0,15614.0,246.6999969482422,98.30000305175781,1.8599929809570312,7.539493560791016,94.30000305175781,0.20000457763671875,24250.611328125
08172025_22_6LapsAndWeirdCurrData.parquet,-4.05,709.0,863.0,6672.0,39.29999923706055,107.30000305175781,0.30999755859375,7.887979030609131,107.20000457763672,0.0,4216.89013671875
08172025_22_6LapsAndWeirdCurrData.parquet,-4.05,365.0,898.0,7879.0,23.600000381469727,108.4000015258789,0.4199981689453125,17.796533584594727,108.4000015258789,0.0,2558.239990234375
08172025_22_6LapsAndWeirdCurrData.parquet,-4.04,389.0,943.0,7879.0,23.600000381469727,108.4000015258789,0.4199981689453125,17.796533584594727,108.4000015258789,0.0,2558.239990234375
08172025_22_6LapsAndWeirdCurrData.parquet,-4.04,0.0,445.0,0.0,2.200000047683716,109.0999984741211,0.25,113.63636016845703,109.0,0.0,240.02000427246094
08172025_22_6LapsAndWeirdCurrData.parquet,-4.04,2378.0,1155.0,15614.0,246.6999969482422,98.30000305175781,1.8599929809570312,7.539493560791016,94.30000305175781,0.0,24250.611328125
08172025_22_6LapsAndWeirdCurrData.parquet,-4.04,731.0,863.0,6672.0,39.29999923706055,107.30000305175781,0.30999755859375,7.887979030609131,107.20000457763672,0.0,4216.89013671875
08172025_22_6LapsAndWeirdCurrData.parquet,-4.03,389.0,943.0,7879.0,23.600000381469727,108.4000015258789,0.4199981689453125,17.796533584594727,108.4000015258789,0.0,2558.239990234375
08172025_22_6LapsAndWeirdCurrData.parquet,-4.03,2503.0,1155.0,13844.0,246.6999969482422,98.30000305175781,1.8599929809570312,7.539493560791016,94.30000305175781,0.0,24250.611328125
08172025_22_6LapsAndWeirdCurrData.parquet,-4.03,731.0,863.0,6672.0,39.29999923706055,107.30000305175781,0.30999755859375,7.887979030609131,107.20000457763672,0.0,4216.89013671875
08172025_22_6LapsAndWeirdCurrData.parquet,-4.03,0.0,445.0,0.0,2.299999952316284,109.0,0.34999847412109375,152.17324829101562,109.0,-0.09999847412109375,250.6999969482422
08172025_22_6LapsAndWeirdCurrData.parquet,-4.02,2503.0,1155.0,13844.0,246.6999969482422,98.30000305175781,1.8599929809570312,7.539493560791016,94.30000305175781,0.0,24250.611328125
08172025_22_6LapsAndWeirdCurrData.parquet,-4.02,395.0,943.0,8345.0,23.600000381469727,108.4000015258789,0.4199981689453125,17.796533584594727,108.4000015258789,0.0,2558.239990234375
08172025_22_6LapsAndWeirdCurrData.parquet,-4.02,727.0,863.0,6511.0,39.29999923706055,107.30000305175781,0.30999755859375,7.887979030609131,107.20000457763672,0.0,4216.89013671875
08172025_22_6LapsAndWeirdCurrData.parquet,-4.02,0.0,445.0,0.0,2.299999952316284,109.0,0.34999847412109375,152.17324829101562,109.0,0.0,250.6999969482422
08172025_22_6LapsAndWeirdCurrData.parquet,-4.01,0.0,445.0,0.0,2.299999952316284,109.0,0.34999847412109375,152.17324829101562,109.0,0.0,250.6999969482422
08172025_22_6LapsAndWeirdCurrData.parquet,-4.01,727.0,863.0,6511.0,39.29999923706055,107.30000305175781,0.29999542236328125,7.633471488952637,107.20000457763672,0.0,4216.89013671875
08172025_22_6LapsAndWeirdCurrData.parquet,-4.01,2518.0,1155.0,13844.0,246.6999969482422,98.30000305175781,1.8599929809570312,7.539493560791016,94.30000305175781,0.0,24250.611328125
08172025_22_6LapsAndWeirdCurrData.parquet,-4.01,395.0,943.0,8345.0,23.600000381469727,108.4000015258789,0.4199981689453125,17.796533584594727,108.4000015258789,0.0,2558.239990234375
08172025_22_6LapsAndWeirdCurrData.parquet,-4.0,0.0,445.0,0.0,2.299999952316284,109.0,0.34999847412109375,152.17324829101562,109.0,0.0,250.6999969482422
08172025_22_6LapsAndWeirdCurrData.parquet,-4.0,405.0,943.0,8345.0,23.600000381469727,108.4000015258789,0.4199981689453125,17.796533584594727,108.4000015258789,0.0,2558.239990234375
08172025_22_6LapsAndWeirdCurrData.parquet,-4.0,742.0,863.0,6511.0,39.29999923706055,107.30000305175781,0.29999542236328125,7.633471488952637,107.20000457763672,0.0,4216.89013671875
08172025_22_6LapsAndWeirdCurrData.parquet,-4.0,2518.0,1155.0,13844.0,246.6999969482422,98.30000305175781,1.8599929809570312,7.539493560791016,94.30000305175781,0.0,24250.611328125
08172025_22_6LapsAndWeirdCurrData.parquet,-3.99,405.0,943.0,8345.0,27.899999618530273,108.20000457763672,0.6199951171875,22.222047805786133,108.20000457763672,-0.1999969482421875,3018.780029296875
08172025_22_6LapsAndWeirdCurrData.parquet,-3.99,0.0,445.0,0.0,2.200000047683716,109.0999984741211,0.25,113.63636016845703,109.0,0.09999847412109375,240.02000427246094
08172025_22_6LapsAndWeirdCurrData.parquet,-3.99,742.0,863.0,6511.0,39.29999923706055,107.30000305175781,0.29999542236328125,7.633471488952637,107.20000457763672,0.0,4216.89013671875
08172025_22_6LapsAndWeirdCurrData.parquet,-3.99,2415.0,1155.0,14205.0,246.6999969482422,98.30000305175781,1.8599929809570312,7.539493560791016,94.30000305175781,0.0,24250.611328125
08172025_22_6LapsAndWeirdCurrData.parquet,-3.98,408.0,943.0,8818.0,27.899999618530273,108.20000457763672,0.6199951171875,22.222047805786133,108.20000457763672,0.0,3018.780029296875
08172025_22_6LapsAndWeirdCurrData.parquet,-3.98,735.0,863.0,6525.0,39.29999923706055,107.30000305175781,0.29999542236328125,7.633471488952637,107.20000457763672,0.0,4216.89013671875
08172025_22_6LapsAndWeirdCurrData.parquet,-3.98,0.0,445.0,0.0,2.200000047683716,109.0999984741211,0.25,113.63636016845703,109.0,0.0,240.02000427246094
08172025_22_6LapsAndWeirdCurrData.parquet,-3.98,2415.0,1155.0,14205.0,246.6999969482422,98.30000305175781,1.8599929809570312,7.539493560791016,94.30000305175781,0.0,24250.611328125
08172025_22_6LapsAndWeirdCurrData.parquet,-3.97,408.0,943.0,8818.0,27.899999618530273,108.20000457763672,0.6199951171875,22.222047805786133,108.20000457763672,0.0,3018.780029296875
08172025_22_6LapsAndWeirdCurrData.parquet,-3.97,0.0,445.0,0.0,2.200000047683716,109.0999984741211,0.25,113.63636016845703,109.0,0.0,240.02000427246094
08172025_22_6LapsAndWeirdCurrData.parquet,-3.97,2415.0,1155.0,14205.0,246.6999969482422,98.30000305175781,1.8599929809570312,7.539493560791016,94.30000305175781,0.0,24250.611328125
08172025_22_6LapsAndWeirdCurrData.parquet,-3.97,735.0,863.0,6525.0,39.29999923706055,107.20000457763672,0.399993896484375,10.177961349487305,107.20000457763672,-0.09999847412109375,4212.9599609375
08172025_22_6LapsAndWeirdCurrData.parquet,-3.96,408.0,943.0,8818.0,27.899999618530273,108.20000457763672,0.6199951171875,22.222047805786133,108.20000457763672,0.0,3018.780029296875
08172025_22_6LapsAndWeirdCurrData.parquet,-3.96,2513.0,1155.0,14205.0,249.90000915527344,98.5999984741211,1.55999755859375,6.242486953735352,94.30000305175781,0.29999542236328125,24640.140625
08172025_22_6LapsAndWeirdCurrData.parquet,-3.96,0.0,445.0,0.0,2.200000047683716,109.0999984741211,0.25,113.63636016845703,109.0,0.0,240.02000427246094
08172025_22_6LapsAndWeirdCurrData.parquet,-3.96,749.0,863.0,6525.0,39.29999923706055,107.20000457763672,0.399993896484375,10.177961349487305,107.20000457763672,0.0,4212.9599609375
08172025_22_6LapsAndWeirdCurrData.parquet,-3.95,415.0,943.0,8818.0,29.80000114440918,108.0999984741211,0.720001220703125,24.161113739013672,108.0999984741211,-0.100006103515625,3221.380126953125
08172025_22_6LapsAndWeirdCurrData.parquet,-3.95,0.0,445.0,0.0,2.200000047683716,109.0999984741211,0.25,113.63636016845703,109.0,0.0,240.02000427246094
08172025_22_6LapsAndWeirdCurrData.parquet,-3.95,2513.0,1238.0,14205.0,249.90000915527344,98.5999984741211,1.55999755859375,6.242486953735352,94.30000305175781,0.0,24640.140625
08172025_22_6LapsAndWeirdCurrData.parquet,-3.95,749.0,863.0,6525.0,39.29999923706055,107.20000457763672,0.399993896484375,10.177961349487305,107.20000457763672,0.0,4212.9599609375
08172025_22_6LapsAndWeirdCurrData.parquet,-3.94,2513.0,1238.0,14205.0,249.90000915527344,98.5999984741211,1.55999755859375,6.242486953735352,94.30000305175781,0.0,24640.140625
08172025_22_6LapsAndWeirdCurrData.parquet,-3.94,753.0,863.0,6570.0,39.29999923706055,107.20000457763672,0.399993896484375,10.177961349487305,107.20000457763672,0.0,4212.9599609375
08172025_22_6LapsAndWeirdCurrData.parquet,-3.94,415.0,1001.0,9086.0,29.80000114440918,108.0999984741211,0.720001220703125,24.161113739013672,108.0999984741211,0.0,3221.380126953125
08172025_22_6LapsAndWeirdCurrData.parquet,-3.94,0.0,445.0,0.0,2.200000047683716,109.0999984741211,0.25,113.63636016845703,109.0,0.0,240.02000427246094
08172025_22_6LapsAndWeirdCurrData.parquet,-3.93,2513.0,1238.0,14205.0,264.1000061035156,97.80000305175781,2.3599929809570312,8.935982704162598,94.30000305175781,-0.7999954223632812,25828.98046875
08172025_22_6LapsAndWeirdCurrData.parquet,-3.93,0.0,445.0,0.0,2.200000047683716,109.0999984741211,0.25,113.63636016845703,109.0,0.0,240.02000427246094
08172025_22_6LapsAndWeirdCurrData.parquet,-3.93,415.0,1001.0,9086.0,29.80000114440918,108.0999984741211,0.720001220703125,24.161113739013672,108.0999984741211,0.0,3221.380126953125
08172025_22_6LapsAndWeirdCurrData.parquet,-3.93,753.0,863.0,6570.0,39.400001525878906,107.30000305175781,0.29999542236328125,7.614096641540527,107.20000457763672,0.09999847412109375,4227.6201171875
08172025_22_6LapsAndWeirdCurrData.parquet,-3.92,759.0,863.0,6570.0,39.400001525878906,107.30000305175781,0.29999542236328125,7.614096641540527,107.20000457763672,0.0,4227.6201171875
08172025_22_6LapsAndWeirdCurrData.parquet,-3.92,2616.0,1238.0,14205.0,264.1000061035156,97.80000305175781,2.3599929809570312,8.935982704162598,94.30000305175781,0.0,25828.98046875
08172025_22_6LapsAndWeirdCurrData.parquet,-3.92,415.0,1001.0,9086.0,29.80000114440918,108.0999984741211,0.720001220703125,24.161113739013672,108.0999984741211,0.0,3221.380126953125
08172025_22_6LapsAndWeirdCurrData.parquet,-3.92,0.0,445.0,0.0,2.200000047683716,109.0999984741211,0.25,113.63636016845703,109.0,0.0,240.02000427246094
08172025_22_6LapsAndWeirdCurrData.parquet,-3.91,0.0,445.0,0.0,2.299999952316284,109.0999984741211,0.25,108.6956558227539,109.0,0.0,250.92999267578125
08172025_22_6LapsAndWeirdCurrData.parquet,-3.91,2616.0,1238.0,11094.0,264.1000061035156,97.80000305175781,1.0499954223632812,3.9757494926452637,94.30000305175781,0.0,25828.98046875
08172025_22_6LapsAndWeirdCurrData.parquet,-3.91,425.0,1001.0,9086.0,31.80000114440918,108.0999984741211,0.720001220703125,22.64154624938965,108.0999984741211,0.0,3437.580078125
08172025_22_6LapsAndWeirdCurrData.parquet,-3.91,759.0,863.0,6570.0,39.400001525878906,107.30000305175781,0.29999542236328125,7.614096641540527,107.20000457763672,0.0,4227.6201171875
08172025_22_6LapsAndWeirdCurrData.parquet,-3.9,759.0,863.0,6561.0,39.400001525878906,107.30000305175781,0.29999542236328125,7.614096641540527,107.20000457763672,0.0,4227.6201171875
08172025_22_6LapsAndWeirdCurrData.parquet,-3.9,2494.0,1238.0,11094.0,264.1000061035156,97.80000305175781,1.0499954223632812,3.9757494926452637,94.30000305175781,0.0,25828.98046875
08172025_22_6LapsAndWeirdCurrData.parquet,-3.9,425.0,1001.0,9216.0,31.80000114440918,108.0999984741211,0.40999603271484375,12.892956733703613,108.0999984741211,0.0,3437.580078125
08172025_22_6LapsAndWeirdCurrData.parquet,-3.9,0.0,445.0,0.0,2.299999952316284,109.0999984741211,0.25,108.6956558227539,109.0,0.0,250.92999267578125
08172025_22_6LapsAndWeirdCurrData.parquet,-3.89,0.0,445.0,0.0,2.299999952316284,109.0999984741211,0.25,108.6956558227539,109.0,0.0,250.92999267578125
08172025_22_6LapsAndWeirdCurrData.parquet,-3.89,760.0,863.0,6561.0,40.10000228881836,107.20000457763672,0.399993896484375,9.974909782409668,107.20000457763672,-0.09999847412109375,4298.72021484375
08172025_22_6LapsAndWeirdCurrData.parquet,-3.89,442.0,1001.0,9216.0,31.80000114440918,108.0999984741211,0.40999603271484375,12.892956733703613,108.0999984741211,0.0,3437.580078125
08172025_22_6LapsAndWeirdCurrData.parquet,-3.89,2494.0,1238.0,11094.0,264.1000061035156,97.80000305175781,1.0499954223632812,3.9757494926452637,94.30000305175781,0.0,25828.98046875
08172025_22_6LapsAndWeirdCurrData.parquet,-3.88,760.0,863.0,6561.0,40.10000228881836,107.20000457763672,0.399993896484375,9.974909782409668,107.20000457763672,0.0,4298.72021484375
08172025_22_6LapsAndWeirdCurrData.parquet,-3.88,2481.0,1238.0,11094.0,249.10000610351562,99.5999984741211,-0.75,-3.0108389854431152,94.30000305175781,1.7999954223632812,24810.359375
08172025_22_6LapsAndWeirdCurrData.parquet,-3.88,0.0,445.0,0.0,2.299999952316284,109.0999984741211,0.25,108.6956558227539,109.0,0.0,250.92999267578125
08172025_22_6LapsAndWeirdCurrData.parquet,-3.88,442.0,1001.0,9216.0,31.80000114440918,108.0999984741211,0.40999603271484375,12.892956733703613,108.0999984741211,0.0,3437.580078125
08172025_22_6LapsAndWeirdCurrData.parquet,-3.87,2481.0,1238.0,8301.0,249.10000610351562,99.5999984741211,-0.75,-3.0108389854431152,94.30000305175781,0.0,24810.359375
08172025_22_6LapsAndWeirdCurrData.parquet,-3.87,457.0,1001.0,9216.0,34.0,108.0,0.5099945068359375,14.999838829040527,108.0,-0.09999847412109375,3672.0
08172025_22_6LapsAndWeirdCurrData.parquet,-3.87,0.0,445.0,0.0,2.200000047683716,109.0999984741211,0.25,113.63636016845703,109.0,0.0,240.02000427246094
08172025_22_6LapsAndWeirdCurrData.parquet,-3.87,777.0,863.0,6561.0,40.10000228881836,107.20000457763672,0.399993896484375,9.974909782409668,107.20000457763672,0.0,4298.72021484375
08172025_22_6LapsAndWeirdCurrData.parquet,-3.86,777.0,863.0,6582.0,40.10000228881836,107.20000457763672,0.399993896484375,9.974909782409668,107.20000457763672,0.0,4298.72021484375
08172025_22_6LapsAndWeirdCurrData.parquet,-3.86,0.0,445.0,0.0,2.200000047683716,109.0999984741211,0.25,113.63636016845703,109.0,0.0,240.02000427246094
08172025_22_6LapsAndWeirdCurrData.parquet,-3.86,2558.0,1238.0,8301.0,249.10000610351562,99.5999984741211,-0.75,-3.0108389854431152,94.30000305175781,0.0,24810.359375
08172025_22_6LapsAndWeirdCurrData.parquet,-3.86,457.0,1001.0,9368.0,34.0,108.0,0.5099945068359375,14.999838829040527,108.0,0.0,3672.0
08172025_22_6LapsAndWeirdCurrData.parquet,-3.85,2558.0,1238.0,8301.0,249.10000610351562,99.5999984741211,-0.75,-3.0108389854431152,94.30000305175781,0.0,24810.359375
08172025_22_6LapsAndWeirdCurrData.parquet,-3.85,777.0,863.0,6582.0,40.79999923706055,107.20000457763672,0.399993896484375,9.80377197265625,107.20000457763672,0.0,4373.76025390625
08172025_22_6LapsAndWeirdCurrData.parquet,-3.85,0.0,445.0,0.0,2.200000047683716,109.0999984741211,0.25,113.63636016845703,109.0,0.0,240.02000427246094
08172025_22_6LapsAndWeirdCurrData.parquet,-3.85,459.0,1001.0,9368.0,34.0,108.0,0.5099945068359375,14.999838829040527,108.0,0.0,3672.0
08172025_22_6LapsAndWeirdCurrData.parquet,-3.84,777.0,863.0,6582.0,40.79999923706055,107.20000457763672,0.399993896484375,9.80377197265625,107.20000457763672,0.0,4373.76025390625
08172025_22_6LapsAndWeirdCurrData.parquet,-3.84,0.0,445.0,0.0,2.200000047683716,109.0999984741211,0.25,113.63636016845703,109.0,0.0,240.02000427246094
08172025_22_6LapsAndWeirdCurrData.parquet,-3.84,2559.0,1238.0,8301.0,223.3000030517578,101.0,-2.1500015258789062,-9.628310203552246,94.30000305175781,1.4000015258789062,22553.30078125
08172025_22_6LapsAndWeirdCurrData.parquet,-3.84,459.0,1023.0,9368.0,34.0,108.0,0.5099945068359375,14.999838829040527,108.0,0.0,3672.0
08172025_22_6LapsAndWeirdCurrData.parquet,-3.83,0.0,445.0,0.0,2.200000047683716,109.0999984741211,0.25,113.63636016845703,109.0,0.0,240.02000427246094
08172025_22_6LapsAndWeirdCurrData.parquet,-3.83,777.0,863.0,6582.0,40.79999923706055,107.20000457763672,0.399993896484375,9.80377197265625,107.20000457763672,0.0,4373.76025390625
08172025_22_6LapsAndWeirdCurrData.parquet,-3.83,2559.0,1238.0,8111.0,223.3000030517578,101.0,-2.1500015258789062,-9.628310203552246,94.30000305175781,0.0,22553.30078125
08172025_22_6LapsAndWeirdCurrData.parquet,-3.83,471.0,1023.0,9368.0,36.29999923706055,108.0,0.5099945068359375,14.04943561553955,108.0,0.0,3920.39990234375
08172025_22_6LapsAndWeirdCurrData.parquet,-3.82,2559.0,1238.0,8111.0,223.3000030517578,101.0,-2.1500015258789062,-9.628310203552246,94.30000305175781,0.0,22553.30078125
08172025_22_6LapsAndWeirdCurrData.parquet,-3.82,777.0,863.0,6583.0,40.79999923706055,107.20000457763672,0.399993896484375,9.80377197265625,107.20000457763672,0.0,4373.76025390625
08172025_22_6LapsAndWeirdCurrData.parquet,-3.82,471.0,1023.0,9564.0,36.29999923706055,108.0,0.5099945068359375,14.04943561553955,108.0,0.0,3920.39990234375
08172025_22_6LapsAndWeirdCurrData.parquet,-3.82,0.0,445.0,0.0,2.200000047683716,109.0999984741211,0.25,113.63636016845703,109.0,0.0,240.02000427246094
08172025_22_6LapsAndWeirdCurrData.parquet,-3.81,2638.0,1238.0,8111.0,223.3000030517578,101.0,-2.1500015258789062,-9.628310203552246,94.30000305175781,0.0,22553.30078125
08172025_22_6LapsAndWeirdCurrData.parquet,-3.81,796.0,863.0,6583.0,40.79999923706055,107.20000457763672,0.399993896484375,9.80377197265625,107.20000457763672,0.0,4373.76025390625
08172025_22_6LapsAndWeirdCurrData.parquet,-3.81,471.0,1023.0,9564.0,36.29999923706055,108.0,0.5099945068359375,14.04943561553955,108.0,0.0,3920.39990234375
08172025_22_6LapsAndWeirdCurrData.parquet,-3.81,0.0,445.0,0.0,2.200000047683716,109.0999984741211,0.25,113.63636016845703,109.0,0.0,240.02000427246094
08172025_22_6LapsAndWeirdCurrData.parquet,-3.8,2638.0,1238.0,8111.0,198.6999969482422,101.5999984741211,-2.75,-13.839960098266602,94.30000305175781,0.5999984741210938,20187.919921875
08172025_22_6LapsAndWeirdCurrData.parquet,-3.8,484.0,1023.0,9564.0,36.29999923706055,108.0,0.5099945068359375,14.04943561553955,108.0,0.0,3920.39990234375
08172025_22_6LapsAndWeirdCurrData.parquet,-3.8,796.0,863.0,6583.0,41.29999923706055,107.0999984741211,0.5,12.106537818908691,107.0999984741211,-0.100006103515625,4423.22998046875
08172025_22_6LapsAndWeirdCurrData.parquet,-3.8,0.0,445.0,0.0,2.200000047683716,109.0999984741211,0.25,113.63636016845703,109.0,0.0,240.02000427246094
08172025_22_6LapsAndWeirdCurrData.parquet,-3.79,0.0,445.0,0.0,2.200000047683716,109.0999984741211,0.25,113.63636016845703,109.0,0.0,240.02000427246094
08172025_22_6LapsAndWeirdCurrData.parquet,-3.79,2697.0,1238.0,10241.0,198.6999969482422,101.5999984741211,-2.75,-13.839960098266602,94.30000305175781,0.0,20187.919921875
08172025_22_6LapsAndWeirdCurrData.parquet,-3.79,799.0,863.0,6583.0,41.29999923706055,107.0999984741211,0.5,12.106537818908691,107.0999984741211,0.0,4423.22998046875
08172025_22_6LapsAndWeirdCurrData.parquet,-3.79,484.0,1023.0,9564.0,36.29999923706055,108.0,0.5099945068359375,14.04943561553955,108.0,0.0,3920.39990234375
08172025_22_6LapsAndWeirdCurrData.parquet,-3.78,0.0,445.0,0.0,2.200000047683716,109.0999984741211,0.25,113.63636016845703,109.0,0.0,240.02000427246094
08172025_22_6LapsAndWeirdCurrData.parquet,-3.78,2697.0,1238.0,10241.0,198.6999969482422,101.5999984741211,-2.75,-13.839960098266602,94.30000305175781,0.0,20187.919921875
08172025_22_6LapsAndWeirdCurrData.parquet,-3.78,799.0,863.0,6591.0,41.29999923706055,107.0999984741211,0.5,12.106537818908691,107.0999984741211,0.0,4423.22998046875
08172025_22_6LapsAndWeirdCurrData.parquet,-3.78,486.0,1023.0,9755.0,38.29999923706055,107.9000015258789,0.6099929809570312,15.926709175109863,107.9000015258789,-0.09999847412109375,4132.56982421875
08172025_22_6LapsAndWeirdCurrData.parquet,-3.77,0.0,445.0,0.0,2.200000047683716,109.0999984741211,0.25,113.63636016845703,109.0,0.0,240.02000427246094
08172025_22_6LapsAndWeirdCurrData.parquet,-3.77,799.0,863.0,6591.0,41.29999923706055,107.0999984741211,0.5,12.106537818908691,107.0999984741211,0.0,4423.22998046875
08172025_22_6LapsAndWeirdCurrData.parquet,-3.77,486.0,1023.0,9755.0,38.29999923706055,107.9000015258789,0.6099929809570312,15.926709175109863,107.9000015258789,0.0,4132.56982421875
08172025_22_6LapsAndWeirdCurrData.parquet,-3.77,2790.0,1238.0,10241.0,198.6999969482422,101.5999984741211,-2.75,-13.839960098266602,94.30000305175781,0.0,20187.919921875
08172025_22_6LapsAndWeirdCurrData.parquet,-3.76,0.0,445.0,0.0,2.200000047683716,109.0999984741211,0.25,113.63636016845703,109.0,0.0,240.02000427246094
08172025_22_6LapsAndWeirdCurrData.parquet,-3.76,495.0,1023.0,9755.0,38.29999923706055,107.9000015258789,0.6099929809570312,15.926709175109863,107.9000015258789,0.0,4132.56982421875
08172025_22_6LapsAndWeirdCurrData.parquet,-3.76,807.0,863.0,6591.0,41.5,107.20000457763672,0.399993896484375,9.638407707214355,107.0999984741211,0.100006103515625,4448.80029296875
08172025_22_6LapsAndWeirdCurrData.parquet,-3.76,2822.0,1238.0,10241.0,193.3000030517578,100.5999984741211,-1.75,-9.053285598754883,97.80000305175781,-1.0,19445.98046875
08172025_22_6LapsAndWeirdCurrData.parquet,-3.75,0.0,445.0,0.0,2.299999952316284,109.0999984741211,0.25,108.6956558227539,109.0,0.0,250.92999267578125
08172025_22_6LapsAndWeirdCurrData.parquet,-3.75,495.0,1023.0,9755.0,38.29999923706055,107.9000015258789,0.6099929809570312,15.926709175109863,107.9000015258789,0.0,4132.56982421875
08172025_22_6LapsAndWeirdCurrData.parquet,-3.75,807.0,863.0,6591.0,41.5,107.20000457763672,0.399993896484375,9.638407707214355,107.0999984741211,0.0,4448.80029296875
08172025_22_6LapsAndWeirdCurrData.parquet,-3.75,2822.0,1238.0,10241.0,193.3000030517578,100.5999984741211,-1.75,-9.053285598754883,97.80000305175781,0.0,19445.98046875
08172025_22_6LapsAndWeirdCurrData.parquet,-3.74,0.0,445.0,0.0,2.299999952316284,109.0999984741211,0.25,108.6956558227539,109.0,0.0,250.92999267578125
08172025_22_6LapsAndWeirdCurrData.parquet,-3.74,495.0,1051.0,10004.0,40.20000076293945,107.80000305175781,0.709991455078125,17.66147804260254,107.80000305175781,-0.09999847412109375,4333.56005859375
08172025_22_6LapsAndWeirdCurrData.parquet,-3.74,2822.0,1238.0,10241.0,193.3000030517578,100.5999984741211,-1.75,-9.053285598754883,97.80000305175781,0.0,19445.98046875
08172025_22_6LapsAndWeirdCurrData.parquet,-3.74,807.0,863.0,6628.0,41.5,107.20000457763672,0.399993896484375,9.638407707214355,107.0999984741211,0.0,4448.80029296875
08172025_22_6LapsAndWeirdCurrData.parquet,-3.73,495.0,1051.0,10004.0,40.20000076293945,107.80000305175781,0.709991455078125,17.66147804260254,107.80000305175781,0.0,4333.56005859375
08172025_22_6LapsAndWeirdCurrData.parquet,-3.73,2822.0,1238.0,10241.0,193.3000030517578,100.5999984741211,-1.75,-9.053285598754883,97.80000305175781,0.0,19445.98046875
08172025_22_6LapsAndWeirdCurrData.parquet,-3.73,0.0,445.0,0.0,2.299999952316284,109.0999984741211,0.25,108.6956558227539,109.0,0.0,250.92999267578125
08172025_22_6LapsAndWeirdCurrData.parquet,-3.73,807.0,863.0,6628.0,41.5,107.20000457763672,0.399993896484375,9.638407707214355,107.0999984741211,0.0,4448.80029296875
08172025_22_6LapsAndWeirdCurrData.parquet,-3.72,0.0,444.0,0.0,2.299999952316284,109.0999984741211,0.25,108.6956558227539,109.0,0.0,250.92999267578125
08172025_22_6LapsAndWeirdCurrData.parquet,-3.72,524.0,1051.0,10004.0,40.20000076293945,107.80000305175781,0.709991455078125,17.66147804260254,107.80000305175781,0.0,4333.56005859375
08172025_22_6LapsAndWeirdCurrData.parquet,-3.72,2652.0,1238.0,10241.0,201.1999969482422,99.80000305175781,-0.9500045776367188,-4.7216925621032715,97.80000305175781,-0.7999954223632812,20079.759765625
08172025_22_6LapsAndWeirdCurrData.parquet,-3.72,821.0,863.0,6628.0,42.400001525878906,107.0999984741211,0.5,11.792451858520508,107.0999984741211,-0.100006103515625,4541.0400390625
08172025_22_6LapsAndWeirdCurrData.parquet,-3.71,2652.0,1238.0,8815.0,201.1999969482422,99.80000305175781,2.5799942016601562,12.823033332824707,97.80000305175781,0.0,20079.759765625
08172025_22_6LapsAndWeirdCurrData.parquet,-3.71,524.0,1051.0,10004.0,40.20000076293945,107.80000305175781,0.709991455078125,17.66147804260254,107.80000305175781,0.0,4333.56005859375
08172025_22_6LapsAndWeirdCurrData.parquet,-3.71,0.0,444.0,0.0,2.299999952316284,109.0999984741211,0.25,108.6956558227539,109.0,0.0,250.92999267578125
08172025_22_6LapsAndWeirdCurrData.parquet,-3.71,821.0,863.0,6628.0,42.400001525878906,107.0999984741211,0.37000274658203125,8.726479530334473,107.0999984741211,0.0,4541.0400390625
08172025_22_6LapsAndWeirdCurrData.parquet,-3.7,524.0,1051.0,10307.0,41.79999923706055,107.80000305175781,0.48999786376953125,11.722436904907227,107.80000305175781,0.0,4506.0400390625
08172025_22_6LapsAndWeirdCurrData.parquet,-3.7,0.0,444.0,0.0,2.299999952316284,109.0999984741211,0.25,108.6956558227539,109.0,0.0,250.92999267578125
08172025_22_6LapsAndWeirdCurrData.parquet,-3.7,2580.0,1238.0,8815.0,201.1999969482422,99.80000305175781,2.5799942016601562,12.823033332824707,97.80000305175781,0.0,20079.759765625
08172025_22_6LapsAndWeirdCurrData.parquet,-3.7,818.0,863.0,6626.0,42.400001525878906,107.0999984741211,0.37000274658203125,8.726479530334473,107.0999984741211,0.0,4541.0400390625
08172025_22_6LapsAndWeirdCurrData.parquet,-3.69,535.0,1051.0,10307.0,41.79999923706055,107.80000305175781,0.48999786376953125,11.722436904907227,107.80000305175781,0.0,4506.0400390625
08172025_22_6LapsAndWeirdCurrData.parquet,-3.69,0.0,444.0,0.0,2.299999952316284,109.0999984741211,0.25,108.6956558227539,109.0,0.0,250.92999267578125
08172025_22_6LapsAndWeirdCurrData.parquet,-3.69,818.0,863.0,6626.0,42.400001525878906,107.0999984741211,0.37000274658203125,8.726479530334473,107.0999984741211,0.0,4541.0400390625
08172025_22_6LapsAndWeirdCurrData.parquet,-3.69,2580.0,1238.0,8815.0,201.1999969482422,99.80000305175781,2.5799942016601562,12.823033332824707,97.80000305175781,0.0,20079.759765625
08172025_22_6LapsAndWeirdCurrData.parquet,-3.68,818.0,863.0,6626.0,42.900001525878906,107.0999984741211,0.37000274658203125,8.624772071838379,107.0999984741211,0.0,4594.59033203125
08172025_22_6LapsAndWeirdCurrData.parquet,-3.68,2570.0,1238.0,8815.0,190.5,101.20000457763672,1.17999267578125,6.194187164306641,97.80000305175781,1.4000015258789062,19278.6015625
08172025_22_6LapsAndWeirdCurrData.parquet,-3.68,0.0,444.0,0.0,2.299999952316284,109.0999984741211,0.25,108.6956558227539,109.0,0.0,250.92999267578125
08172025_22_6LapsAndWeirdCurrData.parquet,-3.68,535.0,1051.0,10307.0,41.79999923706055,107.80000305175781,0.48999786376953125,11.722436904907227,107.80000305175781,0.0,4506.0400390625
08172025_22_6LapsAndWeirdCurrData.parquet,-3.67,2570.0,1238.0,8013.0,190.5,101.20000457763672,1.17999267578125,6.194187164306641,97.80000305175781,0.0,19278.6015625
08172025_22_6LapsAndWeirdCurrData.parquet,-3.67,818.0,863.0,6626.0,42.900001525878906,107.0999984741211,0.37000274658203125,8.624772071838379,107.0999984741211,0.0,4594.59033203125
08172025_22_6LapsAndWeirdCurrData.parquet,-3.67,0.0,444.0,0.0,2.200000047683716,109.0,0.34999847412109375,159.0902099609375,109.0,-0.09999847412109375,239.8000030517578
08172025_22_6LapsAndWeirdCurrData.parquet,-3.67,541.0,1051.0,10307.0,41.79999923706055,107.80000305175781,0.48999786376953125,11.722436904907227,107.80000305175781,0.0,4506.0400390625
08172025_22_6LapsAndWeirdCurrData.parquet,-3.66,541.0,1051.0,10835.0,44.900001525878906,107.70000457763672,0.589996337890625,13.140229225158691,107.70000457763672,-0.09999847412109375,4835.73046875
08172025_22_6LapsAndWeirdCurrData.parquet,-3.66,0.0,444.0,0.0,2.200000047683716,109.0,0.34999847412109375,159.0902099609375,109.0,0.0,239.8000030517578
08172025_22_6LapsAndWeirdCurrData.parquet,-3.66,839.0,863.0,6626.0,42.900001525878906,107.0999984741211,0.37000274658203125,8.624772071838379,107.0999984741211,0.0,4594.59033203125
08172025_22_6LapsAndWeirdCurrData.parquet,-3.66,2605.0,1238.0,8013.0,190.5,101.20000457763672,1.17999267578125,6.194187164306641,97.80000305175781,0.0,19278.6015625
08172025_22_6LapsAndWeirdCurrData.parquet,-3.65,555.0,1051.0,10835.0,44.900001525878906,107.70000457763672,0.589996337890625,13.140229225158691,107.70000457763672,0.0,4835.73046875
08172025_22_6LapsAndWeirdCurrData.parquet,-3.65,0.0,444.0,0.0,2.200000047683716,109.0,0.34999847412109375,159.0902099609375,109.0,0.0,239.8000030517578
08172025_22_6LapsAndWeirdCurrData.parquet,-3.65,839.0,863.0,6626.0,42.900001525878906,107.0999984741211,0.37000274658203125,8.624772071838379,107.0999984741211,0.0,4594.59033203125
08172025_22_6LapsAndWeirdCurrData.parquet,-3.65,2605.0,1238.0,8013.0,190.5,101.20000457763672,1.17999267578125,6.194187164306641,97.80000305175781,0.0,19278.6015625
08172025_22_6LapsAndWeirdCurrData.parquet,-3.64,0.0,444.0,0.0,2.200000047683716,109.0,0.34999847412109375,159.0902099609375,109.0,0.0,239.8000030517578
08172025_22_6LapsAndWeirdCurrData.parquet,-3.64,839.0,863.0,6626.0,42.900001525878906,107.0999984741211,0.37000274658203125,8.624772071838379,107.0999984741211,0.0,4594.59033203125
08172025_22_6LapsAndWeirdCurrData.parquet,-3.64,575.0,1107.0,10835.0,44.900001525878906,107.70000457763672,0.589996337890625,13.140229225158691,107.70000457763672,0.0,4835.73046875
08172025_22_6LapsAndWeirdCurrData.parquet,-3.64,2615.0,1238.0,8013.0,177.1999969482422,101.70000457763672,0.67999267578125,3.837430715560913,97.80000305175781,0.5,18021.240234375
08172025_22_6LapsAndWeirdCurrData.parquet,-3.63,0.0,444.0,0.0,2.200000047683716,109.0,0.34999847412109375,159.0902099609375,109.0,0.0,239.8000030517578
08172025_22_6LapsAndWeirdCurrData.parquet,-3.63,839.0,863.0,6626.0,42.900001525878906,107.0999984741211,0.37000274658203125,8.624772071838379,107.0999984741211,0.0,4594.59033203125
08172025_22_6LapsAndWeirdCurrData.parquet,-3.63,2615.0,1238.0,9677.0,177.1999969482422,101.70000457763672,0.67999267578125,3.837430715560913,97.80000305175781,0.0,18021.240234375
08172025_22_6LapsAndWeirdCurrData.parquet,-3.63,575.0,1107.0,10835.0,44.900001525878906,107.70000457763672,0.589996337890625,13.140229225158691,107.70000457763672,0.0,4835.73046875
08172025_22_6LapsAndWeirdCurrData.parquet,-3.62,2626.0,1238.0,9677.0,177.1999969482422,101.70000457763672,0.67999267578125,3.837430715560913,97.80000305175781,0.0,18021.240234375
08172025_22_6LapsAndWeirdCurrData.parquet,-3.62,575.0,1107.0,11336.0,48.10000228881836,107.5,0.7900009155273438,16.424135208129883,107.5,-0.20000457763671875,5170.75048828125
08172025_22_6LapsAndWeirdCurrData.parquet,-3.62,0.0,445.0,0.0,2.200000047683716,109.0999984741211,0.25,113.63636016845703,109.0,0.09999847412109375,240.02000427246094
08172025_22_6LapsAndWeirdCurrData.parquet,-3.62,839.0,863.0,6656.0,42.900001525878906,107.0999984741211,0.37000274658203125,8.624772071838379,107.0999984741211,0.0,4594.59033203125
08172025_22_6LapsAndWeirdCurrData.parquet,-3.61,2626.0,1238.0,9677.0,177.1999969482422,101.70000457763672,0.67999267578125,3.837430715560913,97.80000305175781,0.0,18021.240234375
08172025_22_6LapsAndWeirdCurrData.parquet,-3.61,575.0,1107.0,11336.0,48.10000228881836,107.5,0.7900009155273438,16.424135208129883,107.5,0.0,5170.75048828125
08172025_22_6LapsAndWeirdCurrData.parquet,-3.61,0.0,445.0,0.0,2.200000047683716,109.0999984741211,0.25,113.63636016845703,109.0,0.0,240.02000427246094
08172025_22_6LapsAndWeirdCurrData.parquet,-3.61,839.0,863.0,6656.0,42.900001525878906,107.0999984741211,0.37000274658203125,8.624772071838379,107.0999984741211,0.0,4594.59033203125
08172025_22_6LapsAndWeirdCurrData.parquet,-3.6,581.0,1107.0,11336.0,48.10000228881836,107.5,0.7900009155273438,16.424135208129883,107.5,0.0,5170.75048828125
08172025_22_6LapsAndWeirdCurrData.parquet,-3.6,2649.0,1238.0,9677.0,177.1999969482422,101.70000457763672,0.67999267578125,3.837430715560913,97.80000305175781,0.0,18021.240234375
08172025_22_6LapsAndWeirdCurrData.parquet,-3.6,0.0,445.0,0.0,2.200000047683716,109.0999984741211,0.25,113.63636016845703,109.0,0.0,240.02000427246094
08172025_22_6LapsAndWeirdCurrData.parquet,-3.6,839.0,863.0,6656.0,43.70000076293945,107.0,0.470001220703125,10.755176544189453,107.0,-0.09999847412109375,4675.89990234375
08172025_22_6LapsAndWeirdCurrData.parquet,-3.59,859.0,863.0,6656.0,43.70000076293945,107.0,0.470001220703125,10.755176544189453,107.0,0.0,4675.89990234375
08172025_22_6LapsAndWeirdCurrData.parquet,-3.59,2649.0,1238.0,9365.0,175.60000610351562,101.0,1.3799972534179688,7.8587541580200195,97.80000305175781,-0.7000045776367188,17735.6015625
08172025_22_6LapsAndWeirdCurrData.parquet,-3.59,0.0,445.0,0.0,2.200000047683716,109.0999984741211,0.25,113.63636016845703,109.0,0.0,240.02000427246094
08172025_22_6LapsAndWeirdCurrData.parquet,-3.59,581.0,1107.0,11336.0,48.10000228881836,107.5,0.7900009155273438,16.424135208129883,107.5,0.0,5170.75048828125
08172025_22_6LapsAndWeirdCurrData.parquet,-3.58,2649.0,1238.0,9365.0,175.60000610351562,101.0,1.3799972534179688,7.8587541580200195,97.80000305175781,0.0,17735.6015625
08172025_22_6LapsAndWeirdCurrData.parquet,-3.58,859.0,863.0,6678.0,43.70000076293945,107.0,0.470001220703125,10.755176544189453,107.0,0.0,4675.89990234375
08172025_22_6LapsAndWeirdCurrData.parquet,-3.58,0.0,445.0,0.0,2.299999952316284,109.0,0.34999847412109375,152.17324829101562,109.0,-0.09999847412109375,250.6999969482422
08172025_22_6LapsAndWeirdCurrData.parquet,-3.58,603.0,1107.0,11771.0,51.29999923706055,107.4000015258789,0.8899993896484375,17.348915100097656,107.4000015258789,-0.09999847412109375,5509.6201171875
08172025_22_6LapsAndWeirdCurrData.parquet,-3.57,2611.0,1238.0,9365.0,175.60000610351562,101.0,1.3799972534179688,7.8587541580200195,97.80000305175781,0.0,17735.6015625
08172025_22_6LapsAndWeirdCurrData.parquet,-3.57,603.0,1107.0,11771.0,51.29999923706055,107.4000015258789,0.8899993896484375,17.348915100097656,107.4000015258789,0.0,5509.6201171875
08172025_22_6LapsAndWeirdCurrData.parquet,-3.57,0.0,445.0,0.0,2.299999952316284,109.0,0.34999847412109375,152.17324829101562,109.0,0.0,250.6999969482422
08172025_22_6LapsAndWeirdCurrData.parquet,-3.57,863.0,863.0,6678.0,43.70000076293945,107.0,0.470001220703125,10.755176544189453,107.0,0.0,4675.89990234375
08172025_22_6LapsAndWeirdCurrData.parquet,-3.56,601.0,1107.0,11771.0,51.29999923706055,107.4000015258789,0.8899993896484375,17.348915100097656,107.4000015258789,0.0,5509.6201171875
08172025_22_6LapsAndWeirdCurrData.parquet,-3.56,2611.0,1238.0,9365.0,175.60000610351562,101.0,1.3799972534179688,7.8587541580200195,97.80000305175781,0.0,17735.6015625
08172025_22_6LapsAndWeirdCurrData.parquet,-3.56,0.0,445.0,0.0,2.299999952316284,109.0,0.34999847412109375,152.17324829101562,109.0,0.0,250.6999969482422
08172025_22_6LapsAndWeirdCurrData.parquet,-3.56,863.0,866.0,6678.0,44.400001525878906,107.0,0.470001220703125,10.585612297058105,107.0,0.0,4750.80029296875
08172025_22_6LapsAndWeirdCurrData.parquet,-3.55,863.0,866.0,6678.0,44.400001525878906,107.0,0.470001220703125,10.585612297058105,107.0,0.0,4750.80029296875
08172025_22_6LapsAndWeirdCurrData.parquet,-3.55,2611.0,1238.0,9365.0,175.60000610351562,101.0,1.3799972534179688,7.8587541580200195,97.80000305175781,0.0,17735.6015625
08172025_22_6LapsAndWeirdCurrData.parquet,-3.55,601.0,1107.0,11771.0,51.29999923706055,107.4000015258789,0.8899993896484375,17.348915100097656,107.4000015258789,0.0,5509.6201171875
08172025_22_6LapsAndWeirdCurrData.parquet,-3.55,0.0,445.0,0.0,2.299999952316284,109.0,0.34999847412109375,152.17324829101562,109.0,0.0,250.6999969482422
08172025_22_6LapsAndWeirdCurrData.parquet,-3.54,601.0,1155.0,12013.0,51.29999923706055,107.4000015258789,0.8899993896484375,17.348915100097656,107.4000015258789,0.0,5509.6201171875
08172025_22_6LapsAndWeirdCurrData.parquet,-3.54,0.0,445.0,0.0,2.299999952316284,109.0,0.34999847412109375,152.17324829101562,109.0,0.0,250.6999969482422
08172025_22_6LapsAndWeirdCurrData.parquet,-3.54,865.0,866.0,6641.0,44.400001525878906,107.0,0.470001220703125,10.585612297058105,107.0,0.0,4750.80029296875
08172025_22_6LapsAndWeirdCurrData.parquet,-3.54,2611.0,1238.0,9365.0,175.60000610351562,101.0,1.3799972534179688,7.8587541580200195,97.80000305175781,0.0,17735.6015625
08172025_22_6LapsAndWeirdCurrData.parquet,-3.53,2661.0,1238.0,9365.0,175.60000610351562,101.0,1.3799972534179688,7.8587541580200195,97.80000305175781,0.0,17735.6015625
08172025_22_6LapsAndWeirdCurrData.parquet,-3.53,865.0,866.0,6641.0,44.400001525878906,107.0,0.470001220703125,10.585612297058105,107.0,0.0,4750.80029296875
08172025_22_6LapsAndWeirdCurrData.parquet,-3.53,601.0,1155.0,12013.0,51.29999923706055,107.4000015258789,0.8899993896484375,17.348915100097656,107.4000015258789,0.0,5509.6201171875
08172025_22_6LapsAndWeirdCurrData.parquet,-3.53,0.0,445.0,0.0,2.299999952316284,109.0,0.34999847412109375,152.17324829101562,109.0,0.0,250.6999969482422
08172025_22_6LapsAndWeirdCurrData.parquet,-3.52,0.0,445.0,0.0,2.299999952316284,109.0,0.34999847412109375,152.17324829101562,109.0,0.0,250.6999969482422
08172025_22_6LapsAndWeirdCurrData.parquet,-3.52,2661.0,1238.0,9365.0,175.60000610351562,101.0,1.3799972534179688,7.8587541580200195,97.80000305175781,0.0,17735.6015625
08172025_22_6LapsAndWeirdCurrData.parquet,-3.52,634.0,1155.0,12013.0,51.29999923706055,107.4000015258789,0.8899993896484375,17.348915100097656,107.4000015258789,0.0,5509.6201171875
08172025_22_6LapsAndWeirdCurrData.parquet,-3.52,871.0,866.0,6641.0,44.400001525878906,107.0,0.470001220703125,10.585612297058105,107.0,0.0,4750.80029296875
08172025_22_6LapsAndWeirdCurrData.parquet,-3.51,634.0,1155.0,12013.0,51.29999923706055,107.4000015258789,0.8899993896484375,17.348915100097656,107.4000015258789,0.0,5509.6201171875
08172025_22_6LapsAndWeirdCurrData.parquet,-3.51,0.0,445.0,0.0,2.299999952316284,109.0,0.34999847412109375,152.17324829101562,109.0,0.0,250.6999969482422
08172025_22_6LapsAndWeirdCurrData.parquet,-3.51,2636.0,1238.0,7895.0,167.90000915527344,101.5999984741211,0.7600021362304688,4.526516437530518,97.80000305175781,0.5999984741210938,17058.640625
08172025_22_6LapsAndWeirdCurrData.parquet,-3.51,871.0,866.0,6641.0,44.900001525878906,107.0,0.4199981689453125,9.354079246520996,107.0,0.0,4804.30029296875
08172025_22_6LapsAndWeirdCurrData.parquet,-3.5,640.0,1155.0,12401.0,51.29999923706055,107.4000015258789,0.5199966430664062,10.13638687133789,107.4000015258789,0.0,5509.6201171875
08172025_22_6LapsAndWeirdCurrData.parquet,-3.5,0.0,445.0,0.0,2.200000047683716,109.0999984741211,0.25,113.63636016845703,109.0,0.09999847412109375,240.02000427246094
08172025_22_6LapsAndWeirdCurrData.parquet,-3.5,2636.0,1238.0,7895.0,167.90000915527344,101.5999984741211,0.7600021362304688,4.526516437530518,97.80000305175781,0.0,17058.640625
08172025_22_6LapsAndWeirdCurrData.parquet,-3.5,878.0,866.0,6665.0,44.900001525878906,107.0,0.4199981689453125,9.354079246520996,107.0,0.0,4804.30029296875
08172025_22_6LapsAndWeirdCurrData.parquet,-3.49,2632.0,1238.0,7895.0,167.90000915527344,101.5999984741211,0.7600021362304688,4.526516437530518,97.80000305175781,0.0,17058.640625
08172025_22_6LapsAndWeirdCurrData.parquet,-3.49,640.0,1155.0,12401.0,57.400001525878906,107.20000457763672,0.7199935913085938,12.543441772460938,107.20000457763672,-0.1999969482421875,6153.2802734375
08172025_22_6LapsAndWeirdCurrData.parquet,-3.49,878.0,866.0,6665.0,44.900001525878906,107.0,0.4199981689453125,9.354079246520996,107.0,0.0,4804.30029296875
08172025_22_6LapsAndWeirdCurrData.parquet,-3.49,0.0,445.0,0.0,2.200000047683716,109.0999984741211,0.25,113.63636016845703,109.0,0.0,240.02000427246094
08172025_22_6LapsAndWeirdCurrData.parquet,-3.48,887.0,866.0,6665.0,44.900001525878906,107.0,0.4199981689453125,9.354079246520996,107.0,0.0,4804.30029296875
08172025_22_6LapsAndWeirdCurrData.parquet,-3.48,2632.0,1238.0,7895.0,167.90000915527344,101.5999984741211,0.7600021362304688,4.526516437530518,97.80000305175781,0.0,17058.640625
08172025_22_6LapsAndWeirdCurrData.parquet,-3.48,0.0,445.0,0.0,2.200000047683716,109.0999984741211,0.25,113.63636016845703,109.0,0.0,240.02000427246094
08172025_22_6LapsAndWeirdCurrData.parquet,-3.48,640.0,1155.0,12401.0,57.400001525878906,107.20000457763672,0.7199935913085938,12.543441772460938,107.20000457763672,0.0,6153.2802734375
08172025_22_6LapsAndWeirdCurrData.parquet,-3.47,2654.0,1238.0,8492.0,160.5,101.9000015258789,0.45999908447265625,2.8660378456115723,97.80000305175781,0.3000030517578125,16354.9501953125
08172025_22_6LapsAndWeirdCurrData.parquet,-3.47,0.0,445.0,0.0,2.200000047683716,109.0999984741211,0.25,113.63636016845703,109.0,0.0,240.02000427246094
08172025_22_6LapsAndWeirdCurrData.parquet,-3.47,887.0,866.0,6665.0,45.29999923706055,107.0,0.4199981689453125,9.271482467651367,107.0,0.0,4847.10009765625
08172025_22_6LapsAndWeirdCurrData.parquet,-3.47,654.0,1155.0,12401.0,57.400001525878906,107.20000457763672,0.7199935913085938,12.543441772460938,107.20000457763672,0.0,6153.2802734375
08172025_22_6LapsAndWeirdCurrData.parquet,-3.46,654.0,1155.0,12472.0,57.400001525878906,107.20000457763672,0.7199935913085938,12.543441772460938,107.20000457763672,0.0,6153.2802734375
08172025_22_6LapsAndWeirdCurrData.parquet,-3.46,2654.0,1238.0,8492.0,160.5,101.9000015258789,0.45999908447265625,2.8660378456115723,97.80000305175781,0.0,16354.9501953125
08172025_22_6LapsAndWeirdCurrData.parquet,-3.46,0.0,445.0,0.0,2.299999952316284,109.0999984741211,0.25,108.6956558227539,109.0,0.0,250.92999267578125
08172025_22_6LapsAndWeirdCurrData.parquet,-3.46,886.0,866.0,6665.0,45.29999923706055,107.0,0.4199981689453125,9.271482467651367,107.0,0.0,4847.10009765625
08172025_22_6LapsAndWeirdCurrData.parquet,-3.45,668.0,1155.0,12472.0,61.20000076293945,107.0,0.9199981689453125,15.032649993896484,107.0,-0.20000457763671875,6548.39990234375
08172025_22_6LapsAndWeirdCurrData.parquet,-3.45,2654.0,1238.0,8492.0,160.5,101.9000015258789,0.45999908447265625,2.8660378456115723,97.80000305175781,0.0,16354.9501953125
08172025_22_6LapsAndWeirdCurrData.parquet,-3.45,0.0,445.0,0.0,2.299999952316284,109.0999984741211,0.25,108.6956558227539,109.0,0.0,250.92999267578125
08172025_22_6LapsAndWeirdCurrData.parquet,-3.45,886.0,866.0,6665.0,45.29999923706055,107.0,0.4199981689453125,9.271482467651367,107.0,0.0,4847.10009765625
08172025_22_6LapsAndWeirdCurrData.parquet,-3.44,2654.0,1238.0,8492.0,160.5,101.9000015258789,0.45999908447265625,2.8660378456115723,97.80000305175781,0.0,16354.9501953125
08172025_22_6LapsAndWeirdCurrData.parquet,-3.44,0.0,445.0,0.0,2.299999952316284,109.0999984741211,0.25,108.6956558227539,109.0,0.0,250.92999267578125
08172025_22_6LapsAndWeirdCurrData.parquet,-3.44,668.0,1182.0,12472.0,61.20000076293945,107.0,0.9199981689453125,15.032649993896484,107.0,0.0,6548.39990234375
08172025_22_6LapsAndWeirdCurrData.parquet,-3.44,899.0,866.0,6665.0,45.29999923706055,107.0,0.4199981689453125,9.271482467651367,107.0,0.0,4847.10009765625
08172025_22_6LapsAndWeirdCurrData.parquet,-3.43,0.0,445.0,0.0,2.299999952316284,109.0999984741211,0.25,108.6956558227539,109.0,0.0,250.92999267578125
08172025_22_6LapsAndWeirdCurrData.parquet,-3.43,899.0,866.0,6665.0,46.0,107.0,0.4199981689453125,9.13039493560791,107.0,0.0,4922.0
08172025_22_6LapsAndWeirdCurrData.parquet,-3.43,2654.0,1238.0,9202.0,160.90000915527344,101.5,0.8600006103515625,5.344937801361084,97.80000305175781,-0.40000152587890625,16331.3505859375
08172025_22_6LapsAndWeirdCurrData.parquet,-3.43,684.0,1182.0,12472.0,61.20000076293945,107.0,0.9199981689453125,15.032649993896484,107.0,0.0,6548.39990234375
08172025_22_6LapsAndWeirdCurrData.parquet,-3.42,899.0,866.0,6724.0,46.0,107.0,0.4199981689453125,9.13039493560791,107.0,0.0,4922.0
08172025_22_6LapsAndWeirdCurrData.parquet,-3.42,0.0,445.0,0.0,2.299999952316284,109.0999984741211,0.25,108.6956558227539,109.0,0.0,250.92999267578125
08172025_22_6LapsAndWeirdCurrData.parquet,-3.42,684.0,1182.0,12531.0,61.20000076293945,107.0,0.9199981689453125,15.032649993896484,107.0,0.0,6548.39990234375
08172025_22_6LapsAndWeirdCurrData.parquet,-3.42,2661.0,1238.0,9202.0,160.90000915527344,101.5,0.8600006103515625,5.344937801361084,97.80000305175781,0.0,16331.3505859375
08172025_22_6LapsAndWeirdCurrData.parquet,-3.41,2661.0,1238.0,9202.0,160.90000915527344,101.5,0.9099960327148438,5.655661582946777,97.80000305175781,0.0,16331.3505859375
08172025_22_6LapsAndWeirdCurrData.parquet,-3.41,0.0,445.0,0.0,2.299999952316284,109.0999984741211,0.25,108.6956558227539,109.0,0.0,250.92999267578125
08172025_22_6LapsAndWeirdCurrData.parquet,-3.41,908.0,866.0,6724.0,46.0,107.0,0.4199981689453125,9.13039493560791,107.0,0.0,4922.0
08172025_22_6LapsAndWeirdCurrData.parquet,-3.41,698.0,1182.0,12531.0,65.20000457763672,106.9000015258789,1.0199966430664062,15.644120216369629,106.9000015258789,-0.09999847412109375,6969.88037109375
08172025_22_6LapsAndWeirdCurrData.parquet,-3.4,2686.0,1238.0,9202.0,160.90000915527344,101.5,0.9099960327148438,5.655661582946777,97.80000305175781,0.0,16331.3505859375
08172025_22_6LapsAndWeirdCurrData.parquet,-3.4,908.0,866.0,6724.0,46.0,107.0,0.4199981689453125,9.13039493560791,107.0,0.0,4922.0
08172025_22_6LapsAndWeirdCurrData.parquet,-3.4,698.0,1182.0,12531.0,65.20000457763672,106.9000015258789,0.4799957275390625,7.3618974685668945,106.9000015258789,0.0,6969.88037109375
08172025_22_6LapsAndWeirdCurrData.parquet,-3.4,0.0,445.0,0.0,2.299999952316284,109.0999984741211,0.25,108.6956558227539,109.0,0.0,250.92999267578125
08172025_22_6LapsAndWeirdCurrData.parquet,-3.39,2686.0,1238.0,8807.0,164.8000030517578,101.0999984741211,1.30999755859375,7.949014186859131,99.5999984741211,-0.40000152587890625,16661.279296875
08172025_22_6LapsAndWeirdCurrData.parquet,-3.39,909.0,866.0,6724.0,46.900001525878906,106.9000015258789,0.5199966430664062,11.087347984313965,106.9000015258789,-0.09999847412109375,5013.6103515625
08172025_22_6LapsAndWeirdCurrData.parquet,-3.39,0.0,445.0,0.0,2.299999952316284,109.0999984741211,0.25,108.6956558227539,109.0,0.0,250.92999267578125
08172025_22_6LapsAndWeirdCurrData.parquet,-3.39,698.0,1182.0,12531.0,65.20000457763672,106.9000015258789,0.4799957275390625,7.3618974685668945,106.9000015258789,0.0,6969.88037109375
08172025_22_6LapsAndWeirdCurrData.parquet,-3.38,2704.0,1238.0,8807.0,164.8000030517578,101.0999984741211,1.30999755859375,7.949014186859131,99.5999984741211,0.0,16661.279296875
08172025_22_6LapsAndWeirdCurrData.parquet,-3.38,909.0,866.0,6746.0,46.900001525878906,106.9000015258789,0.5199966430664062,11.087347984313965,106.9000015258789,0.0,5013.6103515625
08172025_22_6LapsAndWeirdCurrData.parquet,-3.38,707.0,1182.0,12556.0,65.20000457763672,106.9000015258789,0.4799957275390625,7.3618974685668945,106.9000015258789,0.0,6969.88037109375
08172025_22_6LapsAndWeirdCurrData.parquet,-3.38,0.0,445.0,0.0,2.200000047683716,109.0,0.34999847412109375,159.0902099609375,109.0,-0.09999847412109375,239.8000030517578
08172025_22_6LapsAndWeirdCurrData.parquet,-3.37,2704.0,1238.0,8807.0,164.8000030517578,101.0999984741211,1.30999755859375,7.949014186859131,99.5999984741211,0.0,16661.279296875
08172025_22_6LapsAndWeirdCurrData.parquet,-3.37,918.0,866.0,6746.0,46.900001525878906,106.9000015258789,0.5199966430664062,11.087347984313965,106.9000015258789,0.0,5013.6103515625
08172025_22_6LapsAndWeirdCurrData.parquet,-3.37,707.0,1182.0,12556.0,68.0,106.9000015258789,0.4799957275390625,7.058760643005371,106.9000015258789,0.0,7269.2001953125
08172025_22_6LapsAndWeirdCurrData.parquet,-3.37,0.0,445.0,0.0,2.200000047683716,109.0,0.34999847412109375,159.0902099609375,109.0,0.0,239.8000030517578
08172025_22_6LapsAndWeirdCurrData.parquet,-3.36,0.0,445.0,0.0,2.200000047683716,109.0,0.34999847412109375,159.0902099609375,109.0,0.0,239.8000030517578
08172025_22_6LapsAndWeirdCurrData.parquet,-3.36,918.0,878.0,6746.0,47.29999923706055,107.0,0.4199981689453125,8.879453659057617,106.9000015258789,0.09999847412109375,5061.10009765625
08172025_22_6LapsAndWeirdCurrData.parquet,-3.36,727.0,1182.0,12556.0,68.0,106.9000015258789,0.4799957275390625,7.058760643005371,106.9000015258789,0.0,7269.2001953125
08172025_22_6LapsAndWeirdCurrData.parquet,-3.36,2679.0,1238.0,8807.0,165.10000610351562,101.20000457763672,1.209991455078125,7.328839302062988,99.5999984741211,0.100006103515625,16708.12109375
08172025_22_6LapsAndWeirdCurrData.parquet,-3.35,0.0,445.0,0.0,2.200000047683716,109.0,0.34999847412109375,159.0902099609375,109.0,0.0,239.8000030517578
08172025_22_6LapsAndWeirdCurrData.parquet,-3.35,727.0,1182.0,12556.0,68.0,106.9000015258789,0.4799957275390625,7.058760643005371,106.9000015258789,0.0,7269.2001953125
08172025_22_6LapsAndWeirdCurrData.parquet,-3.35,918.0,878.0,6746.0,47.29999923706055,107.0,0.4199981689453125,8.879453659057617,106.9000015258789,0.0,5061.10009765625
08172025_22_6LapsAndWeirdCurrData.parquet,-3.35,2679.0,1238.0,8807.0,165.10000610351562,101.20000457763672,1.209991455078125,7.328839302062988,99.80000305175781,0.0,16708.12109375
08172025_22_6LapsAndWeirdCurrData.parquet,-3.34,0.0,445.0,0.0,2.200000047683716,109.0,0.34999847412109375,159.0902099609375,109.0,0.0,239.8000030517578
08172025_22_6LapsAndWeirdCurrData.parquet,-3.34,918.0,878.0,6975.0,47.29999923706055,107.0,0.4199981689453125,8.879453659057617,106.9000015258789,0.0,5061.10009765625
08172025_22_6LapsAndWeirdCurrData.parquet,-3.34,733.0,1182.0,12509.0,70.4000015258789,106.80000305175781,0.5799942016601562,8.238554000854492,106.80000305175781,-0.09999847412109375,7518.72021484375
08172025_22_6LapsAndWeirdCurrData.parquet,-3.34,2679.0,1238.0,8807.0,165.10000610351562,101.20000457763672,1.209991455078125,7.328839302062988,99.80000305175781,0.0,16708.12109375
08172025_22_6LapsAndWeirdCurrData.parquet,-3.33,930.0,878.0,6975.0,47.29999923706055,107.0,0.4199981689453125,8.879453659057617,106.9000015258789,0.0,5061.10009765625
08172025_22_6LapsAndWeirdCurrData.parquet,-3.33,2689.0,1238.0,8807.0,165.10000610351562,101.20000457763672,1.209991455078125,7.328839302062988,99.80000305175781,0.0,16708.12109375
08172025_22_6LapsAndWeirdCurrData.parquet,-3.33,733.0,1182.0,12509.0,70.4000015258789,106.80000305175781,0.5799942016601562,8.238554000854492,106.80000305175781,0.0,7518.72021484375
08172025_22_6LapsAndWeirdCurrData.parquet,-3.33,0.0,445.0,0.0,2.200000047683716,109.0,0.34999847412109375,159.0902099609375,109.0,0.0,239.8000030517578
08172025_22_6LapsAndWeirdCurrData.parquet,-3.32,0.0,445.0,0.0,2.200000047683716,109.0,0.34999847412109375,159.0902099609375,109.0,0.0,239.8000030517578
08172025_22_6LapsAndWeirdCurrData.parquet,-3.32,745.0,1182.0,12509.0,70.4000015258789,106.80000305175781,0.5799942016601562,8.238554000854492,106.80000305175781,0.0,7518.72021484375
08172025_22_6LapsAndWeirdCurrData.parquet,-3.32,2689.0,1238.0,8807.0,165.10000610351562,101.20000457763672,1.209991455078125,7.328839302062988,99.80000305175781,0.0,16708.12109375
08172025_22_6LapsAndWeirdCurrData.parquet,-3.32,930.0,878.0,6975.0,47.29999923706055,107.0,0.4199981689453125,8.879453659057617,106.9000015258789,0.0,5061.10009765625
08172025_22_6LapsAndWeirdCurrData.parquet,-3.31,930.0,878.0,6975.0,48.60000228881836,106.9000015258789,0.3899993896484375,8.024678230285645,106.9000015258789,-0.09999847412109375,5195.34033203125
08172025_22_6LapsAndWeirdCurrData.parquet,-3.31,0.0,445.0,0.0,2.200000047683716,109.0,0.34999847412109375,159.0902099609375,109.0,0.0,239.8000030517578
08172025_22_6LapsAndWeirdCurrData.parquet,-3.31,745.0,1182.0,12509.0,70.4000015258789,106.80000305175781,0.5799942016601562,8.238554000854492,106.80000305175781,0.0,7518.72021484375
08172025_22_6LapsAndWeirdCurrData.parquet,-3.31,2715.0,1238.0,9809.0,167.1999969482422,101.0999984741211,1.30999755859375,7.834914207458496,99.80000305175781,-0.100006103515625,16903.919921875
08172025_22_6LapsAndWeirdCurrData.parquet,-3.3,0.0,445.0,0.0,2.299999952316284,109.0999984741211,0.25,108.6956558227539,109.0,0.09999847412109375,250.92999267578125
08172025_22_6LapsAndWeirdCurrData.parquet,-3.3,745.0,1182.0,12432.0,70.4000015258789,106.80000305175781,0.5799942016601562,8.238554000854492,106.80000305175781,0.0,7518.72021484375
08172025_22_6LapsAndWeirdCurrData.parquet,-3.3,2715.0,1238.0,9809.0,167.1999969482422,101.0999984741211,1.30999755859375,7.834914207458496,99.80000305175781,0.0,16903.919921875
08172025_22_6LapsAndWeirdCurrData.parquet,-3.3,940.0,878.0,7328.0,48.60000228881836,106.9000015258789,0.3899993896484375,8.024678230285645,106.9000015258789,0.0,5195.34033203125
08172025_22_6LapsAndWeirdCurrData.parquet,-3.29,940.0,878.0,7328.0,48.60000228881836,106.9000015258789,0.3899993896484375,8.024678230285645,106.9000015258789,0.0,5195.34033203125
08172025_22_6LapsAndWeirdCurrData.parquet,-3.29,0.0,445.0,0.0,2.299999952316284,109.0999984741211,0.25,108.6956558227539,109.0,0.0,250.92999267578125
08172025_22_6LapsAndWeirdCurrData.parquet,-3.29,803.0,1182.0,12432.0,70.4000015258789,106.80000305175781,0.5799942016601562,8.238554000854492,106.80000305175781,0.0,7518.72021484375
08172025_22_6LapsAndWeirdCurrData.parquet,-3.29,2731.0,1238.0,9809.0,167.1999969482422,101.0999984741211,1.30999755859375,7.834914207458496,99.80000305175781,0.0,16903.919921875
08172025_22_6LapsAndWeirdCurrData.parquet,-3.28,0.0,445.0,0.0,2.299999952316284,109.0999984741211,0.25,108.6956558227539,109.0,0.0,250.92999267578125
08172025_22_6LapsAndWeirdCurrData.parquet,-3.28,803.0,1179.0,12432.0,75.0,106.70000457763672,0.67999267578125,9.066568374633789,106.70000457763672,-0.09999847412109375,8002.50048828125
08172025_22_6LapsAndWeirdCurrData.parquet,-3.28,944.0,878.0,7328.0,48.60000228881836,106.9000015258789,0.3899993896484375,8.024678230285645,106.9000015258789,0.0,5195.34033203125
08172025_22_6LapsAndWeirdCurrData.parquet,-3.28,2731.0,1238.0,9809.0,167.1999969482422,101.0999984741211,1.30999755859375,7.834914207458496,99.80000305175781,0.0,16903.919921875
08172025_22_6LapsAndWeirdCurrData.parquet,-3.27,803.0,1179.0,12432.0,75.0,106.70000457763672,0.67999267578125,9.066568374633789,106.70000457763672,0.0,8002.50048828125
08172025_22_6LapsAndWeirdCurrData.parquet,-3.27,0.0,445.0,0.0,2.299999952316284,109.0999984741211,0.25,108.6956558227539,109.0,0.0,250.92999267578125
08172025_22_6LapsAndWeirdCurrData.parquet,-3.27,2729.0,1238.0,9638.0,167.1999969482422,101.0999984741211,1.30999755859375,7.834914207458496,99.80000305175781,0.0,16903.919921875
08172025_22_6LapsAndWeirdCurrData.parquet,-3.27,944.0,878.0,7328.0,49.79999923706055,106.80000305175781,0.48999786376953125,9.839315414428711,106.80000305175781,-0.09999847412109375,5318.64013671875
08172025_22_6LapsAndWeirdCurrData.parquet,-3.26,960.0,878.0,7328.0,49.79999923706055,106.80000305175781,0.48999786376953125,9.839315414428711,106.80000305175781,0.0,5318.64013671875
08172025_22_6LapsAndWeirdCurrData.parquet,-3.26,2729.0,1238.0,9638.0,174.40000915527344,100.5999984741211,1.80999755859375,10.378425598144531,99.80000305175781,-0.5,17544.640625
08172025_22_6LapsAndWeirdCurrData.parquet,-3.26,0.0,445.0,0.0,2.299999952316284,109.0999984741211,0.25,108.6956558227539,109.0,0.0,250.92999267578125
08172025_22_6LapsAndWeirdCurrData.parquet,-3.26,803.0,1179.0,12411.0,75.0,106.70000457763672,0.67999267578125,9.066568374633789,106.70000457763672,0.0,8002.50048828125
08172025_22_6LapsAndWeirdCurrData.parquet,-3.25,812.0,1179.0,12411.0,75.0,106.70000457763672,0.67999267578125,9.066568374633789,106.70000457763672,0.0,8002.50048828125
08172025_22_6LapsAndWeirdCurrData.parquet,-3.25,960.0,878.0,7328.0,49.79999923706055,106.80000305175781,0.48999786376953125,9.839315414428711,106.80000305175781,0.0,5318.64013671875
08172025_22_6LapsAndWeirdCurrData.parquet,-3.25,2729.0,1238.0,9638.0,174.40000915527344,100.5999984741211,1.80999755859375,10.378425598144531,99.80000305175781,0.0,17544.640625
08172025_22_6LapsAndWeirdCurrData.parquet,-3.25,0.0,445.0,0.0,2.299999952316284,109.0999984741211,0.25,108.6956558227539,109.0,0.0,250.92999267578125
08172025_22_6LapsAndWeirdCurrData.parquet,-3.24,0.0,445.0,0.0,2.299999952316284,109.0999984741211,0.25,108.6956558227539,109.0,0.0,250.92999267578125
08172025_22_6LapsAndWeirdCurrData.parquet,-3.24,2729.0,1238.0,9638.0,174.40000915527344,100.5999984741211,1.80999755859375,10.378425598144531,99.80000305175781,0.0,17544.640625
08172025_22_6LapsAndWeirdCurrData.parquet,-3.24,812.0,1179.0,12411.0,75.80000305175781,106.5999984741211,0.779998779296875,10.290221214294434,106.5999984741211,-0.100006103515625,8080.2802734375
08172025_22_6LapsAndWeirdCurrData.parquet,-3.24,984.0,878.0,7328.0,49.79999923706055,106.80000305175781,0.48999786376953125,9.839315414428711,106.80000305175781,0.0,5318.64013671875
08172025_22_6LapsAndWeirdCurrData.parquet,-3.23,833.0,1179.0,12411.0,75.80000305175781,106.5999984741211,0.5199966430664062,6.860113620758057,106.5999984741211,0.0,8080.2802734375
08172025_22_6LapsAndWeirdCurrData.parquet,-3.23,0.0,445.0,0.0,2.299999952316284,109.0999984741211,0.25,108.6956558227539,109.0,0.0,250.92999267578125
08172025_22_6LapsAndWeirdCurrData.parquet,-3.23,2745.0,1238.0,9581.0,174.40000915527344,100.5999984741211,1.80999755859375,10.378425598144531,99.80000305175781,0.0,17544.640625
08172025_22_6LapsAndWeirdCurrData.parquet,-3.23,984.0,878.0,7328.0,53.0,106.70000457763672,0.589996337890625,11.132006645202637,106.70000457763672,-0.09999847412109375,5655.10009765625
08172025_22_6LapsAndWeirdCurrData.parquet,-3.22,833.0,1179.0,12402.0,75.80000305175781,106.5999984741211,0.5199966430664062,6.860113620758057,106.5999984741211,0.0,8080.2802734375
08172025_22_6LapsAndWeirdCurrData.parquet,-3.22,0.0,445.0,0.0,2.299999952316284,109.0999984741211,0.25,108.6956558227539,109.0,0.0,250.92999267578125
08172025_22_6LapsAndWeirdCurrData.parquet,-3.22,2745.0,1238.0,9581.0,177.90000915527344,100.5999984741211,1.80999755859375,10.174241065979004,99.80000305175781,0.0,17896.740234375
08172025_22_6LapsAndWeirdCurrData.parquet,-3.22,985.0,878.0,7513.0,53.0,106.70000457763672,0.589996337890625,11.132006645202637,106.70000457763672,0.0,5655.10009765625
08172025_22_6LapsAndWeirdCurrData.parquet,-3.21,833.0,1179.0,12402.0,75.80000305175781,106.5999984741211,0.5199966430664062,6.860113620758057,106.5999984741211,0.0,8080.2802734375
08172025_22_6LapsAndWeirdCurrData.parquet,-3.21,989.0,904.0,7513.0,53.0,106.70000457763672,0.589996337890625,11.132006645202637,106.70000457763672,0.0,5655.10009765625
08172025_22_6LapsAndWeirdCurrData.parquet,-3.21,2745.0,1238.0,9581.0,177.90000915527344,100.5999984741211,1.1299972534179688,6.351867198944092,99.80000305175781,0.0,17896.740234375
08172025_22_6LapsAndWeirdCurrData.parquet,-3.21,0.0,445.0,0.0,2.200000047683716,109.0999984741211,0.25,113.63636016845703,109.0,0.0,240.02000427246094
08172025_22_6LapsAndWeirdCurrData.parquet,-3.2,0.0,445.0,0.0,2.200000047683716,109.0999984741211,0.25,113.63636016845703,109.0,0.0,240.02000427246094
08172025_22_6LapsAndWeirdCurrData.parquet,-3.2,833.0,1179.0,12402.0,78.5999984741211,106.5999984741211,0.5199966430664062,6.615733623504639,106.5999984741211,0.0,8378.759765625
08172025_22_6LapsAndWeirdCurrData.parquet,-3.2,989.0,904.0,7513.0,53.0,106.70000457763672,0.589996337890625,11.132006645202637,106.70000457763672,0.0,5655.10009765625
08172025_22_6LapsAndWeirdCurrData.parquet,-3.2,2769.0,1238.0,9581.0,177.90000915527344,100.5999984741211,1.1299972534179688,6.351867198944092,99.80000305175781,0.0,17896.740234375
08172025_22_6LapsAndWeirdCurrData.parquet,-3.19,833.0,1179.0,12402.0,78.5999984741211,106.5999984741211,0.5199966430664062,6.615733623504639,106.5999984741211,0.0,8378.759765625
08172025_22_6LapsAndWeirdCurrData.parquet,-3.19,0.0,445.0,0.0,2.200000047683716,109.0999984741211,0.25,113.63636016845703,109.0,0.0,240.02000427246094
08172025_22_6LapsAndWeirdCurrData.parquet,-3.19,989.0,904.0,7513.0,54.5,106.5999984741211,0.69000244140625,12.660595893859863,106.5999984741211,-0.100006103515625,5809.69970703125
08172025_22_6LapsAndWeirdCurrData.parquet,-3.19,2769.0,1238.0,9583.0,177.90000915527344,100.5999984741211,1.1299972534179688,6.351867198944092,100.5999984741211,0.0,17896.740234375
08172025_22_6LapsAndWeirdCurrData.parquet,-3.18,1007.0,904.0,7490.0,54.5,106.5999984741211,0.69000244140625,12.660595893859863,106.5999984741211,0.0,5809.69970703125
08172025_22_6LapsAndWeirdCurrData.parquet,-3.18,847.0,1175.0,12386.0,78.5999984741211,106.5999984741211,0.5199966430664062,6.615733623504639,106.5999984741211,0.0,8378.759765625
08172025_22_6LapsAndWeirdCurrData.parquet,-3.18,0.0,445.0,0.0,2.200000047683716,109.0999984741211,0.25,113.63636016845703,109.0,0.0,240.02000427246094
08172025_22_6LapsAndWeirdCurrData.parquet,-3.18,2755.0,1238.0,9583.0,181.1999969482422,100.5999984741211,1.1299972534179688,6.236187934875488,100.5999984741211,0.0,18228.71875
08172025_22_6LapsAndWeirdCurrData.parquet,-3.17,847.0,1175.0,12386.0,78.5999984741211,106.5999984741211,0.5199966430664062,6.615733623504639,106.5999984741211,0.0,8378.759765625
08172025_22_6LapsAndWeirdCurrData.parquet,-3.17,0.0,445.0,0.0,2.299999952316284,109.0,0.34999847412109375,152.17324829101562,109.0,-0.09999847412109375,250.6999969482422
08172025_22_6LapsAndWeirdCurrData.parquet,-3.17,2755.0,1238.0,9583.0,181.1999969482422,100.5999984741211,1.1299972534179688,6.236187934875488,100.5999984741211,0.0,18228.71875
08172025_22_6LapsAndWeirdCurrData.parquet,-3.17,1007.0,904.0,7490.0,54.5,106.5999984741211,0.69000244140625,12.660595893859863,106.5999984741211,0.0,5809.69970703125
08172025_22_6LapsAndWeirdCurrData.parquet,-3.16,1007.0,904.0,7490.0,54.5,106.5999984741211,0.69000244140625,12.660595893859863,106.5999984741211,0.0,5809.69970703125
08172025_22_6LapsAndWeirdCurrData.parquet,-3.16,2759.0,1238.0,9583.0,181.1999969482422,100.5999984741211,1.1299972534179688,6.236187934875488,100.5999984741211,0.0,18228.71875
08172025_22_6LapsAndWeirdCurrData.parquet,-3.16,0.0,446.0,0.0,2.299999952316284,109.0,0.34999847412109375,152.17324829101562,109.0,0.0,250.6999969482422
08172025_22_6LapsAndWeirdCurrData.parquet,-3.16,878.0,1175.0,12386.0,80.5999984741211,106.5,0.6199951171875,7.69224739074707,106.5,-0.09999847412109375,8583.8994140625
08172025_22_6LapsAndWeirdCurrData.parquet,-3.15,0.0,446.0,0.0,2.299999952316284,109.0,0.34999847412109375,152.17324829101562,109.0,0.0,250.6999969482422
08172025_22_6LapsAndWeirdCurrData.parquet,-3.15,1007.0,904.0,7490.0,55.70000076293945,106.70000457763672,0.589996337890625,10.59239387512207,106.5999984741211,0.100006103515625,5943.1904296875
08172025_22_6LapsAndWeirdCurrData.parquet,-3.15,2759.0,1238.0,9583.0,181.1999969482422,100.5999984741211,1.1299972534179688,6.236187934875488,100.5999984741211,0.0,18228.71875
08172025_22_6LapsAndWeirdCurrData.parquet,-3.15,878.0,1175.0,12386.0,80.5999984741211,106.5,0.6199951171875,7.69224739074707,106.5,0.0,8583.8994140625
08172025_22_6LapsAndWeirdCurrData.parquet,-3.14,1007.0,904.0,7472.0,55.70000076293945,106.70000457763672,0.589996337890625,10.59239387512207,106.5999984741211,0.0,5943.1904296875
08172025_22_6LapsAndWeirdCurrData.parquet,-3.14,0.0,446.0,0.0,2.299999952316284,109.0,0.34999847412109375,152.17324829101562,109.0,0.0,250.6999969482422
08172025_22_6LapsAndWeirdCurrData.parquet,-3.14,2759.0,1238.0,9583.0,181.1999969482422,100.5999984741211,1.1299972534179688,6.236187934875488,100.5999984741211,0.0,18228.71875
08172025_22_6LapsAndWeirdCurrData.parquet,-3.14,880.0,1175.0,12312.0,80.5999984741211,106.5,0.6199951171875,7.69224739074707,106.5,0.0,8583.8994140625
08172025_22_6LapsAndWeirdCurrData.parquet,-3.13,880.0,1175.0,12312.0,80.5999984741211,106.5,0.6199951171875,7.69224739074707,106.5,0.0,8583.8994140625
08172025_22_6LapsAndWeirdCurrData.parquet,-3.13,1001.0,904.0,7472.0,55.70000076293945,106.70000457763672,0.589996337890625,10.59239387512207,106.5999984741211,0.0,5943.1904296875
08172025_22_6LapsAndWeirdCurrData.parquet,-3.13,2750.0,1238.0,9583.0,181.1999969482422,100.5999984741211,1.1299972534179688,6.236187934875488,100.5999984741211,0.0,18228.71875
08172025_22_6LapsAndWeirdCurrData.parquet,-3.13,0.0,446.0,0.0,2.299999952316284,109.0999984741211,0.25,108.6956558227539,109.0,0.09999847412109375,250.92999267578125
08172025_22_6LapsAndWeirdCurrData.parquet,-3.12,2750.0,1238.0,5135.0,181.1999969482422,100.5999984741211,1.1299972534179688,6.236187934875488,100.5999984741211,0.0,18228.71875
08172025_22_6LapsAndWeirdCurrData.parquet,-3.12,880.0,1175.0,12312.0,82.30000305175781,106.4000015258789,0.7199935913085938,8.74840259552002,106.4000015258789,-0.09999847412109375,8756.720703125
08172025_22_6LapsAndWeirdCurrData.parquet,-3.12,0.0,446.0,0.0,2.299999952316284,109.0999984741211,0.25,108.6956558227539,109.0,0.0,250.92999267578125
08172025_22_6LapsAndWeirdCurrData.parquet,-3.12,1001.0,904.0,7472.0,55.70000076293945,106.70000457763672,0.589996337890625,10.59239387512207,106.5999984741211,0.0,5943.1904296875
08172025_22_6LapsAndWeirdCurrData.parquet,-3.11,1016.0,904.0,7532.0,56.79999923706055,106.5999984741211,0.69000244140625,12.147930145263672,106.5999984741211,-0.100006103515625,6054.8798828125
08172025_22_6LapsAndWeirdCurrData.parquet,-3.11,0.0,446.0,0.0,2.299999952316284,109.0999984741211,0.25,108.6956558227539,109.0,0.0,250.92999267578125
08172025_22_6LapsAndWeirdCurrData.parquet,-3.11,880.0,1175.0,12312.0,82.30000305175781,106.4000015258789,0.7199935913085938,8.74840259552002,106.4000015258789,0.0,8756.720703125
08172025_22_6LapsAndWeirdCurrData.parquet,-3.11,2750.0,1238.0,5135.0,162.6999969482422,102.4000015258789,-0.6700057983398438,-4.118044376373291,100.5999984741211,1.8000030517578125,16660.48046875
08172025_22_6LapsAndWeirdCurrData.parquet,-3.1,904.0,1175.0,12247.0,82.30000305175781,106.4000015258789,0.7199935913085938,8.74840259552002,106.4000015258789,0.0,8756.720703125
08172025_22_6LapsAndWeirdCurrData.parquet,-3.1,2750.0,1238.0,5135.0,162.6999969482422,102.4000015258789,-0.6700057983398438,-4.118044376373291,100.5999984741211,0.0,16660.48046875
08172025_22_6LapsAndWeirdCurrData.parquet,-3.1,1016.0,904.0,7532.0,56.79999923706055,106.5999984741211,0.69000244140625,12.147930145263672,106.5999984741211,0.0,6054.8798828125
08172025_22_6LapsAndWeirdCurrData.parquet,-3.1,0.0,446.0,0.0,2.299999952316284,109.0999984741211,0.25,108.6956558227539,109.0,0.0,250.92999267578125
08172025_22_6LapsAndWeirdCurrData.parquet,-3.09,0.0,446.0,0.0,2.299999952316284,109.0999984741211,0.25,108.6956558227539,109.0,0.0,250.92999267578125
08172025_22_6LapsAndWeirdCurrData.parquet,-3.09,1027.0,904.0,7532.0,56.79999923706055,106.5999984741211,0.69000244140625,12.147930145263672,106.5999984741211,0.0,6054.8798828125
08172025_22_6LapsAndWeirdCurrData.parquet,-3.09,904.0,1175.0,12247.0,82.30000305175781,106.4000015258789,0.7199935913085938,8.74840259552002,106.4000015258789,0.0,8756.720703125
08172025_22_6LapsAndWeirdCurrData.parquet,-3.09,2750.0,1238.0,5135.0,162.6999969482422,102.4000015258789,-0.6700057983398438,-4.118044376373291,100.5999984741211,0.0,16660.48046875
08172025_22_6LapsAndWeirdCurrData.parquet,-3.08,904.0,1168.0,12247.0,83.5999984741211,106.4000015258789,0.7199935913085938,8.612363815307617,106.4000015258789,0.0,8895.0400390625
08172025_22_6LapsAndWeirdCurrData.parquet,-3.08,1027.0,904.0,7532.0,56.79999923706055,106.5999984741211,0.69000244140625,12.147930145263672,106.5999984741211,0.0,6054.8798828125
08172025_22_6LapsAndWeirdCurrData.parquet,-3.08,2817.0,1238.0,4747.0,162.6999969482422,102.4000015258789,-0.6700057983398438,-4.118044376373291,100.5999984741211,0.0,16660.48046875
08172025_22_6LapsAndWeirdCurrData.parquet,-3.08,0.0,446.0,0.0,2.299999952316284,109.0999984741211,0.25,108.6956558227539,109.0,0.0,250.92999267578125
08172025_22_6LapsAndWeirdCurrData.parquet,-3.07,904.0,1168.0,12247.0,83.5999984741211,106.4000015258789,0.7199935913085938,8.612363815307617,106.4000015258789,0.0,8895.0400390625
08172025_22_6LapsAndWeirdCurrData.parquet,-3.07,1030.0,904.0,7532.0,57.20000076293945,106.5999984741211,0.69000244140625,12.062979698181152,106.5999984741211,0.0,6097.52001953125
08172025_22_6LapsAndWeirdCurrData.parquet,-3.07,0.0,446.0,0.0,2.299999952316284,109.0999984741211,0.25,108.6956558227539,109.0,0.0,250.92999267578125
08172025_22_6LapsAndWeirdCurrData.parquet,-3.07,2817.0,1238.0,4747.0,142.0,103.30000305175781,-1.57000732421875,-11.056389808654785,100.5999984741211,0.9000015258789062,14668.6005859375
08172025_22_6LapsAndWeirdCurrData.parquet,-3.06,1030.0,904.0,7478.0,57.20000076293945,106.5999984741211,0.40999603271484375,7.167762756347656,106.5999984741211,0.0,6097.52001953125
08172025_22_6LapsAndWeirdCurrData.parquet,-3.06,904.0,1168.0,12261.0,83.5999984741211,106.4000015258789,0.7199935913085938,8.612363815307617,106.4000015258789,0.0,8895.0400390625
08172025_22_6LapsAndWeirdCurrData.parquet,-3.06,2779.0,1238.0,4747.0,142.0,103.30000305175781,-2.0100021362304688,-14.15494441986084,100.5999984741211,0.0,14668.6005859375
08172025_22_6LapsAndWeirdCurrData.parquet,-3.06,0.0,444.0,0.0,2.299999952316284,109.0999984741211,0.25,108.6956558227539,109.0,0.0,250.92999267578125
08172025_22_6LapsAndWeirdCurrData.parquet,-3.05,908.0,1168.0,12261.0,83.5999984741211,106.4000015258789,0.7199935913085938,8.612363815307617,106.4000015258789,0.0,8895.0400390625
08172025_22_6LapsAndWeirdCurrData.parquet,-3.05,2779.0,1238.0,4747.0,142.0,103.30000305175781,-2.0100021362304688,-14.15494441986084,100.5999984741211,0.0,14668.6005859375
08172025_22_6LapsAndWeirdCurrData.parquet,-3.05,0.0,444.0,0.0,2.299999952316284,109.0999984741211,0.25,108.6956558227539,109.0,0.0,250.92999267578125
08172025_22_6LapsAndWeirdCurrData.parquet,-3.05,1030.0,904.0,7478.0,57.20000076293945,106.5999984741211,0.40999603271484375,7.167762756347656,106.5999984741211,0.0,6097.52001953125
08172025_22_6LapsAndWeirdCurrData.parquet,-3.04,1036.0,904.0,7478.0,57.20000076293945,106.5999984741211,0.40999603271484375,7.167762756347656,106.5999984741211,0.0,6097.52001953125
08172025_22_6LapsAndWeirdCurrData.parquet,-3.04,2805.0,1238.0,3808.0,142.0,103.30000305175781,-2.0100021362304688,-14.15494441986084,100.5999984741211,0.0,14668.6005859375
08172025_22_6LapsAndWeirdCurrData.parquet,-3.04,908.0,1168.0,12261.0,83.5999984741211,106.4000015258789,0.7199935913085938,8.612363815307617,106.4000015258789,0.0,8895.0400390625
08172025_22_6LapsAndWeirdCurrData.parquet,-3.04,0.0,444.0,0.0,2.299999952316284,109.0999984741211,0.25,108.6956558227539,109.0,0.0,250.92999267578125
08172025_22_6LapsAndWeirdCurrData.parquet,-3.03,2805.0,1238.0,3808.0,124.0999984741211,103.80000305175781,-2.5100021362304688,-20.225643157958984,100.5999984741211,0.5,12881.580078125
08172025_22_6LapsAndWeirdCurrData.parquet,-3.03,1036.0,904.0,7478.0,57.20000076293945,106.5999984741211,0.40999603271484375,7.167762756347656,106.5999984741211,0.0,6097.52001953125
08172025_22_6LapsAndWeirdCurrData.parquet,-3.03,941.0,1168.0,12261.0,85.0999984741211,106.30000305175781,0.5999908447265625,7.050421714782715,106.30000305175781,-0.09999847412109375,9046.1298828125
08172025_22_6LapsAndWeirdCurrData.parquet,-3.03,0.0,444.0,0.0,2.299999952316284,109.0999984741211,0.25,108.6956558227539,109.0,0.0,250.92999267578125
08172025_22_6LapsAndWeirdCurrData.parquet,-3.02,2773.0,1238.0,3808.0,124.0999984741211,103.80000305175781,-2.5100021362304688,-20.225643157958984,100.5999984741211,0.0,12881.580078125
08172025_22_6LapsAndWeirdCurrData.parquet,-3.02,1044.0,904.0,7460.0,57.900001525878906,106.5,0.5099945068359375,8.808195114135742,106.5,-0.09999847412109375,6166.35009765625
08172025_22_6LapsAndWeirdCurrData.parquet,-3.02,941.0,1168.0,12249.0,85.0999984741211,106.30000305175781,0.5999908447265625,7.050421714782715,106.30000305175781,0.0,9046.1298828125
08172025_22_6LapsAndWeirdCurrData.parquet,-3.02,0.0,444.0,0.0,2.299999952316284,109.0999984741211,0.25,108.6956558227539,109.0,0.0,250.92999267578125
08172025_22_6LapsAndWeirdCurrData.parquet,-3.01,946.0,1168.0,12249.0,85.0999984741211,106.30000305175781,0.5999908447265625,7.050421714782715,106.30000305175781,0.0,9046.1298828125
08172025_22_6LapsAndWeirdCurrData.parquet,-3.01,1044.0,904.0,7460.0,57.900001525878906,106.5,0.5099945068359375,8.808195114135742,106.5,0.0,6166.35009765625
08172025_22_6LapsAndWeirdCurrData.parquet,-3.01,0.0,444.0,0.0,2.200000047683716,109.0999984741211,0.25,113.63636016845703,109.0,0.0,240.02000427246094
08172025_22_6LapsAndWeirdCurrData.parquet,-3.01,2773.0,1238.0,3808.0,124.0999984741211,103.80000305175781,-2.5100021362304688,-20.225643157958984,100.5999984741211,0.0,12881.580078125
08172025_22_6LapsAndWeirdCurrData.parquet,-3.0,2773.0,1238.0,3808.0,124.0999984741211,103.80000305175781,-2.5100021362304688,-20.225643157958984,100.5999984741211,0.0,12881.580078125
08172025_22_6LapsAndWeirdCurrData.parquet,-3.0,0.0,444.0,0.0,2.200000047683716,109.0999984741211,0.25,113.63636016845703,109.0,0.0,240.02000427246094
08172025_22_6LapsAndWeirdCurrData.parquet,-3.0,1044.0,904.0,7460.0,57.900001525878906,106.5,0.5099945068359375,8.808195114135742,106.5,0.0,6166.35009765625
08172025_22_6LapsAndWeirdCurrData.parquet,-3.0,946.0,1168.0,12249.0,85.0999984741211,106.30000305175781,0.5999908447265625,7.050421714782715,106.30000305175781,0.0,9046.1298828125
08172025_22_6LapsAndWeirdCurrData.parquet,-2.99,1044.0,904.0,7460.0,57.900001525878906,106.5,0.5099945068359375,8.808195114135742,106.5,0.0,6166.35009765625
08172025_22_6LapsAndWeirdCurrData.parquet,-2.99,946.0,1168.0,12249.0,86.9000015258789,106.20000457763672,0.6999893188476562,8.055112838745117,106.20000457763672,-0.09999847412109375,9228.7802734375
08172025_22_6LapsAndWeirdCurrData.parquet,-2.99,2804.0,1238.0,3808.0,124.0999984741211,103.80000305175781,-2.5100021362304688,-20.225643157958984,100.5999984741211,0.0,12881.580078125
08172025_22_6LapsAndWeirdCurrData.parquet,-2.99,0.0,444.0,0.0,2.200000047683716,109.0999984741211,0.25,113.63636016845703,109.0,0.0,240.02000427246094
08172025_22_6LapsAndWeirdCurrData.parquet,-2.98,1066.0,904.0,7427.0,58.5,106.5999984741211,0.40999603271484375,7.008479118347168,106.5,0.09999847412109375,6236.10009765625
08172025_22_6LapsAndWeirdCurrData.parquet,-2.98,2804.0,1238.0,3808.0,102.9000015258789,104.70000457763672,-3.410003662109375,-33.13900375366211,100.5999984741211,0.9000015258789062,10773.630859375
08172025_22_6LapsAndWeirdCurrData.parquet,-2.98,960.0,1170.0,12293.0,86.9000015258789,106.20000457763672,0.6999893188476562,8.055112838745117,106.20000457763672,0.0,9228.7802734375
08172025_22_6LapsAndWeirdCurrData.parquet,-2.98,0.0,444.0,0.0,2.200000047683716,109.0999984741211,0.25,113.63636016845703,109.0,0.0,240.02000427246094
08172025_22_6LapsAndWeirdCurrData.parquet,-2.97,0.0,444.0,0.0,2.200000047683716,109.0999984741211,0.25,113.63636016845703,109.0,0.0,240.02000427246094
08172025_22_6LapsAndWeirdCurrData.parquet,-2.97,1066.0,904.0,7427.0,58.5,106.5999984741211,0.40999603271484375,7.008479118347168,106.5,0.0,6236.10009765625
08172025_22_6LapsAndWeirdCurrData.parquet,-2.97,960.0,1170.0,12293.0,86.9000015258789,106.20000457763672,0.6999893188476562,8.055112838745117,106.20000457763672,0.0,9228.7802734375
08172025_22_6LapsAndWeirdCurrData.parquet,-2.97,2759.0,1238.0,3808.0,102.9000015258789,104.70000457763672,-3.410003662109375,-33.13900375366211,100.5999984741211,0.0,10773.630859375
08172025_22_6LapsAndWeirdCurrData.parquet,-2.96,2759.0,1238.0,2651.0,102.9000015258789,104.70000457763672,-3.410003662109375,-33.13900375366211,100.5999984741211,0.0,10773.630859375
08172025_22_6LapsAndWeirdCurrData.parquet,-2.96,0.0,445.0,0.0,2.200000047683716,109.0999984741211,0.25,113.63636016845703,109.0,0.0,240.02000427246094
08172025_22_6LapsAndWeirdCurrData.parquet,-2.96,1066.0,904.0,7427.0,58.5,106.5999984741211,0.40999603271484375,7.008479118347168,106.5,0.0,6236.10009765625
08172025_22_6LapsAndWeirdCurrData.parquet,-2.96,986.0,1170.0,12293.0,86.9000015258789,106.20000457763672,0.6999893188476562,8.055112838745117,106.20000457763672,0.0,9228.7802734375
08172025_22_6LapsAndWeirdCurrData.parquet,-2.95,1066.0,904.0,7427.0,58.5,106.5999984741211,0.40999603271484375,7.008479118347168,106.5,0.0,6236.10009765625
08172025_22_6LapsAndWeirdCurrData.parquet,-2.95,986.0,1170.0,12293.0,88.4000015258789,106.20000457763672,0.6999893188476562,7.918431282043457,106.20000457763672,0.0,9388.0810546875
08172025_22_6LapsAndWeirdCurrData.parquet,-2.95,0.0,445.0,0.0,2.200000047683716,109.0999984741211,0.25,113.63636016845703,109.0,0.0,240.02000427246094
08172025_22_6LapsAndWeirdCurrData.parquet,-2.95,2757.0,1238.0,2651.0,102.9000015258789,104.70000457763672,-3.410003662109375,-33.13900375366211,100.5999984741211,0.0,10773.630859375
08172025_22_6LapsAndWeirdCurrData.parquet,-2.94,0.0,445.0,0.0,2.200000047683716,109.0999984741211,0.25,113.63636016845703,109.0,0.0,240.02000427246094
08172025_22_6LapsAndWeirdCurrData.parquet,-2.94,2757.0,1238.0,2651.0,84.9000015258789,104.9000015258789,-3.6100006103515625,-42.5206184387207,100.5999984741211,0.1999969482421875,8906.0107421875
08172025_22_6LapsAndWeirdCurrData.parquet,-2.94,991.0,1170.0,12321.0,88.4000015258789,106.20000457763672,0.6999893188476562,7.918431282043457,106.20000457763672,0.0,9388.0810546875
08172025_22_6LapsAndWeirdCurrData.parquet,-2.94,1066.0,904.0,7446.0,59.5,106.5,0.5099945068359375,8.571335792541504,106.5,-0.09999847412109375,6336.75
08172025_22_6LapsAndWeirdCurrData.parquet,-2.93,2809.0,1238.0,2651.0,84.9000015258789,104.9000015258789,-3.6100006103515625,-42.5206184387207,100.5999984741211,0.0,8906.0107421875
08172025_22_6LapsAndWeirdCurrData.parquet,-2.93,991.0,1170.0,12321.0,88.4000015258789,106.20000457763672,0.42999267578125,4.864170551300049,106.20000457763672,0.0,9388.0810546875
08172025_22_6LapsAndWeirdCurrData.parquet,-2.93,1071.0,904.0,7446.0,59.5,106.5,0.5099945068359375,8.571335792541504,106.5,0.0,6336.75
08172025_22_6LapsAndWeirdCurrData.parquet,-2.93,0.0,445.0,0.0,2.299999952316284,109.0999984741211,0.25,108.6956558227539,109.0,0.0,250.92999267578125
08172025_22_6LapsAndWeirdCurrData.parquet,-2.92,991.0,1170.0,12321.0,88.4000015258789,106.20000457763672,0.42999267578125,4.864170551300049,106.20000457763672,0.0,9388.0810546875
08172025_22_6LapsAndWeirdCurrData.parquet,-2.92,2809.0,1238.0,2895.0,84.9000015258789,104.9000015258789,-3.6100006103515625,-42.5206184387207,100.5999984741211,0.0,8906.0107421875
08172025_22_6LapsAndWeirdCurrData.parquet,-2.92,0.0,445.0,0.0,2.299999952316284,109.0999984741211,0.25,108.6956558227539,109.0,0.0,250.92999267578125
08172025_22_6LapsAndWeirdCurrData.parquet,-2.92,1071.0,904.0,7446.0,59.5,106.5,0.5099945068359375,8.571335792541504,106.5,0.0,6336.75
08172025_22_6LapsAndWeirdCurrData.parquet,-2.91,0.0,445.0,0.0,2.299999952316284,109.0999984741211,0.25,108.6956558227539,109.0,0.0,250.92999267578125
08172025_22_6LapsAndWeirdCurrData.parquet,-2.91,2800.0,1238.0,2895.0,84.9000015258789,104.9000015258789,-3.6100006103515625,-42.5206184387207,100.5999984741211,0.0,8906.0107421875
08172025_22_6LapsAndWeirdCurrData.parquet,-2.91,991.0,1170.0,12321.0,90.5,106.0999984741211,0.529998779296875,5.856340408325195,106.0999984741211,-0.100006103515625,9602.0498046875
08172025_22_6LapsAndWeirdCurrData.parquet,-2.91,1082.0,904.0,7446.0,59.5,106.5,0.5099945068359375,8.571335792541504,106.5,0.0,6336.75
08172025_22_6LapsAndWeirdCurrData.parquet,-2.9,1009.0,1170.0,12308.0,90.5,106.0999984741211,0.529998779296875,5.856340408325195,106.0999984741211,0.0,9602.0498046875
08172025_22_6LapsAndWeirdCurrData.parquet,-2.9,2800.0,1238.0,2895.0,84.9000015258789,104.9000015258789,-3.6100006103515625,-42.5206184387207,100.5999984741211,0.0,8906.0107421875
08172025_22_6LapsAndWeirdCurrData.parquet,-2.9,0.0,445.0,0.0,2.299999952316284,109.0999984741211,0.25,108.6956558227539,109.0,0.0,250.92999267578125
08172025_22_6LapsAndWeirdCurrData.parquet,-2.9,1082.0,904.0,7446.0,59.5,106.5,0.5099945068359375,8.571335792541504,106.5,0.0,6336.75
08172025_22_6LapsAndWeirdCurrData.parquet,-2.89,1095.0,904.0,7446.0,59.5,106.5,0.5099945068359375,8.571335792541504,106.5,0.0,6336.75
08172025_22_6LapsAndWeirdCurrData.parquet,-2.89,0.0,445.0,0.0,2.299999952316284,109.0999984741211,0.25,108.6956558227539,109.0,0.0,250.92999267578125
08172025_22_6LapsAndWeirdCurrData.parquet,-2.89,1009.0,1170.0,12308.0,90.5,106.0999984741211,0.529998779296875,5.856340408325195,106.0999984741211,0.0,9602.0498046875
08172025_22_6LapsAndWeirdCurrData.parquet,-2.89,2799.0,1238.0,2895.0,84.9000015258789,104.9000015258789,-3.6100006103515625,-42.5206184387207,100.5999984741211,0.0,8906.0107421875
08172025_22_6LapsAndWeirdCurrData.parquet,-2.88,0.0,445.0,0.0,2.299999952316284,109.0999984741211,0.25,108.6956558227539,109.0,0.0,250.92999267578125
08172025_22_6LapsAndWeirdCurrData.parquet,-2.88,1095.0,904.0,7446.0,59.5,106.5,0.5099945068359375,8.571335792541504,106.5,0.0,6336.75
08172025_22_6LapsAndWeirdCurrData.parquet,-2.88,2799.0,1238.0,3365.0,84.9000015258789,104.9000015258789,-3.6100006103515625,-42.5206184387207,100.5999984741211,0.0,8906.0107421875
08172025_22_6LapsAndWeirdCurrData.parquet,-2.88,1025.0,1173.0,12308.0,91.9000015258789,106.0,0.6299972534179688,6.855247497558594,106.0,-0.09999847412109375,9741.400390625
08172025_22_6LapsAndWeirdCurrData.parquet,-2.87,0.0,445.0,0.0,2.299999952316284,109.0999984741211,0.25,108.6956558227539,109.0,0.0,250.92999267578125
08172025_22_6LapsAndWeirdCurrData.parquet,-2.87,1097.0,904.0,7446.0,59.5,106.5,0.5099945068359375,8.571335792541504,106.5,0.0,6336.75
08172025_22_6LapsAndWeirdCurrData.parquet,-2.87,2818.0,1238.0,3365.0,84.9000015258789,104.9000015258789,-3.6100006103515625,-42.5206184387207,100.5999984741211,0.0,8906.0107421875
08172025_22_6LapsAndWeirdCurrData.parquet,-2.87,1025.0,1173.0,12308.0,91.9000015258789,106.0,0.6299972534179688,6.855247497558594,106.0,0.0,9741.400390625
08172025_22_6LapsAndWeirdCurrData.parquet,-2.86,1097.0,904.0,7434.0,61.60000228881836,106.5,0.3899993896484375,6.331158638000488,106.5,0.0,6560.400390625
08172025_22_6LapsAndWeirdCurrData.parquet,-2.86,2818.0,1238.0,3365.0,70.20000457763672,104.70000457763672,-0.09000396728515625,-1.2821077108383179,100.5999984741211,-0.1999969482421875,7349.94091796875
08172025_22_6LapsAndWeirdCurrData.parquet,-2.86,1025.0,1173.0,12314.0,91.9000015258789,106.0,0.6299972534179688,6.855247497558594,106.0,0.0,9741.400390625
08172025_22_6LapsAndWeirdCurrData.parquet,-2.86,0.0,445.0,0.0,2.299999952316284,109.0999984741211,0.25,108.6956558227539,109.0,0.0,250.92999267578125
08172025_22_6LapsAndWeirdCurrData.parquet,-2.85,1027.0,1173.0,12314.0,91.9000015258789,106.0,0.6299972534179688,6.855247497558594,106.0,0.0,9741.400390625
08172025_22_6LapsAndWeirdCurrData.parquet,-2.85,2826.0,1238.0,3365.0,70.20000457763672,104.70000457763672,-0.09000396728515625,-1.2821077108383179,100.5999984741211,0.0,7349.94091796875
08172025_22_6LapsAndWeirdCurrData.parquet,-2.85,1106.0,904.0,7434.0,61.60000228881836,106.5,0.3899993896484375,6.331158638000488,106.5,0.0,6560.400390625
08172025_22_6LapsAndWeirdCurrData.parquet,-2.85,0.0,445.0,0.0,2.299999952316284,109.0999984741211,0.25,108.6956558227539,109.0,0.0,250.92999267578125
08172025_22_6LapsAndWeirdCurrData.parquet,-2.84,1027.0,1173.0,12314.0,91.9000015258789,106.0,0.6299972534179688,6.855247497558594,106.0,0.0,9741.400390625
08172025_22_6LapsAndWeirdCurrData.parquet,-2.84,0.0,445.0,0.0,2.299999952316284,109.0999984741211,0.25,108.6956558227539,109.0,0.0,250.92999267578125
08172025_22_6LapsAndWeirdCurrData.parquet,-2.84,2826.0,1238.0,3377.0,70.20000457763672,104.70000457763672,-0.09000396728515625,-1.2821077108383179,100.5999984741211,0.0,7349.94091796875
08172025_22_6LapsAndWeirdCurrData.parquet,-2.84,1106.0,904.0,7434.0,61.60000228881836,106.5,0.3899993896484375,6.331158638000488,106.5,0.0,6560.400390625
08172025_22_6LapsAndWeirdCurrData.parquet,-2.83,0.0,445.0,0.0,2.299999952316284,109.0999984741211,0.25,108.6956558227539,109.0,0.0,250.92999267578125
08172025_22_6LapsAndWeirdCurrData.parquet,-2.83,2789.0,1238.0,3377.0,70.20000457763672,104.70000457763672,-0.09000396728515625,-1.2821077108383179,100.5999984741211,0.0,7349.94091796875
08172025_22_6LapsAndWeirdCurrData.parquet,-2.83,1106.0,904.0,7434.0,61.60000228881836,106.5,0.3899993896484375,6.331158638000488,106.5,0.0,6560.400390625
08172025_22_6LapsAndWeirdCurrData.parquet,-2.83,1048.0,1173.0,12314.0,91.9000015258789,106.0,0.6299972534179688,6.855247497558594,106.0,0.0,9741.400390625
08172025_22_6LapsAndWeirdCurrData.parquet,-2.82,1048.0,1173.0,12420.0,94.0999984741211,105.9000015258789,0.7299957275390625,7.757658958435059,105.9000015258789,-0.09999847412109375,9965.1904296875
08172025_22_6LapsAndWeirdCurrData.parquet,-2.82,0.0,445.0,0.0,2.299999952316284,109.0999984741211,0.25,108.6956558227539,109.0,0.0,250.92999267578125
08172025_22_6LapsAndWeirdCurrData.parquet,-2.82,1117.0,904.0,7381.0,62.0,106.5,0.3899993896484375,6.290312767028809,106.5,0.0,6603.0
08172025_22_6LapsAndWeirdCurrData.parquet,-2.82,2789.0,1238.0,3377.0,69.5999984741211,104.5999984741211,0.01000213623046875,0.14370885491371155,100.5999984741211,-0.100006103515625,7280.15966796875
08172025_22_6LapsAndWeirdCurrData.parquet,-2.81,0.0,445.0,0.0,2.299999952316284,109.0999984741211,0.25,108.6956558227539,109.0,0.0,250.92999267578125
08172025_22_6LapsAndWeirdCurrData.parquet,-2.81,1070.0,1173.0,12420.0,94.0999984741211,105.9000015258789,0.7299957275390625,7.757658958435059,105.9000015258789,0.0,9965.1904296875
08172025_22_6LapsAndWeirdCurrData.parquet,-2.81,1117.0,895.0,7381.0,62.0,106.5,0.3899993896484375,6.290312767028809,106.5,0.0,6603.0
08172025_22_6LapsAndWeirdCurrData.parquet,-2.81,2789.0,1238.0,3377.0,69.5999984741211,104.5999984741211,0.01000213623046875,0.14370885491371155,100.5999984741211,0.0,7280.15966796875
08172025_22_6LapsAndWeirdCurrData.parquet,-2.8,1070.0,1173.0,12420.0,94.0999984741211,105.9000015258789,0.7299957275390625,7.757658958435059,105.9000015258789,0.0,9965.1904296875
08172025_22_6LapsAndWeirdCurrData.parquet,-2.8,0.0,444.0,0.0,2.299999952316284,109.0999984741211,0.25,108.6956558227539,109.0,0.0,250.92999267578125
08172025_22_6LapsAndWeirdCurrData.parquet,-2.8,1117.0,895.0,7381.0,62.0,106.5,0.3899993896484375,6.290312767028809,106.5,0.0,6603.0
08172025_22_6LapsAndWeirdCurrData.parquet,-2.8,2789.0,1238.0,3377.0,69.5999984741211,104.5999984741211,0.01000213623046875,0.14370885491371155,100.5999984741211,0.0,7280.15966796875
08172025_22_6LapsAndWeirdCurrData.parquet,-2.79,1084.0,1173.0,12420.0,94.0999984741211,105.9000015258789,0.7299957275390625,7.757658958435059,105.9000015258789,0.0,9965.1904296875
08172025_22_6LapsAndWeirdCurrData.parquet,-2.79,0.0,444.0,0.0,2.299999952316284,109.0999984741211,0.25,108.6956558227539,109.0,0.0,250.92999267578125
08172025_22_6LapsAndWeirdCurrData.parquet,-2.79,1117.0,895.0,7381.0,62.0,106.5,0.3899993896484375,6.290312767028809,106.5,0.0,6603.0
08172025_22_6LapsAndWeirdCurrData.parquet,-2.79,2789.0,1238.0,3377.0,69.5999984741211,104.5999984741211,0.01000213623046875,0.14370885491371155,100.5999984741211,0.0,7280.15966796875
08172025_22_6LapsAndWeirdCurrData.parquet,-2.78,1084.0,1181.0,12479.0,97.0,105.9000015258789,0.7299957275390625,7.525729179382324,105.9000015258789,0.0,10272.2998046875
08172025_22_6LapsAndWeirdCurrData.parquet,-2.78,1134.0,895.0,7064.0,62.70000076293945,106.5,0.3899993896484375,6.220086097717285,106.5,0.0,6677.55029296875
08172025_22_6LapsAndWeirdCurrData.parquet,-2.78,0.0,444.0,0.0,2.299999952316284,109.0999984741211,0.25,108.6956558227539,109.0,0.0,250.92999267578125
08172025_22_6LapsAndWeirdCurrData.parquet,-2.78,2793.0,1238.0,3377.0,68.5999984741211,104.5999984741211,0.01000213623046875,0.14580374956130981,100.5999984741211,0.0,7175.5595703125
08172025_22_6LapsAndWeirdCurrData.parquet,-2.77,0.0,444.0,0.0,2.299999952316284,109.0999984741211,0.25,108.6956558227539,109.0,0.0,250.92999267578125
08172025_22_6LapsAndWeirdCurrData.parquet,-2.77,1134.0,895.0,7064.0,62.70000076293945,106.5,0.3899993896484375,6.220086097717285,106.5,0.0,6677.55029296875
08172025_22_6LapsAndWeirdCurrData.parquet,-2.77,1084.0,1181.0,12479.0,97.0,105.9000015258789,0.7299957275390625,7.525729179382324,105.9000015258789,0.0,10272.2998046875
08172025_22_6LapsAndWeirdCurrData.parquet,-2.77,2793.0,1238.0,3377.0,68.5999984741211,104.5999984741211,0.01000213623046875,0.14580374956130981,100.5999984741211,0.0,7175.5595703125
08172025_22_6LapsAndWeirdCurrData.parquet,-2.76,0.0,444.0,0.0,2.299999952316284,109.0999984741211,0.25,108.6956558227539,109.0,0.0,250.92999267578125
08172025_22_6LapsAndWeirdCurrData.parquet,-2.76,1084.0,1181.0,12479.0,97.0,105.9000015258789,0.7299957275390625,7.525729179382324,105.9000015258789,0.0,10272.2998046875
08172025_22_6LapsAndWeirdCurrData.parquet,-2.76,2787.0,1238.0,3384.0,68.5999984741211,104.5999984741211,0.279998779296875,4.081614971160889,100.5999984741211,0.0,7175.5595703125
08172025_22_6LapsAndWeirdCurrData.parquet,-2.76,1133.0,895.0,7064.0,62.70000076293945,106.5,0.3899993896484375,6.220086097717285,106.5,0.0,6677.55029296875
08172025_22_6LapsAndWeirdCurrData.parquet,-2.75,0.0,444.0,0.0,2.299999952316284,109.0999984741211,0.25,108.6956558227539,109.0,0.0,250.92999267578125
08172025_22_6LapsAndWeirdCurrData.parquet,-2.75,1084.0,1181.0,12479.0,97.0,105.9000015258789,0.7299957275390625,7.525729179382324,105.9000015258789,0.0,10272.2998046875
08172025_22_6LapsAndWeirdCurrData.parquet,-2.75,1133.0,895.0,7064.0,62.70000076293945,106.5,0.3899993896484375,6.220086097717285,106.5,0.0,6677.55029296875
08172025_22_6LapsAndWeirdCurrData.parquet,-2.75,2787.0,1238.0,3384.0,68.5999984741211,104.5999984741211,0.279998779296875,4.081614971160889,100.5999984741211,0.0,7175.5595703125
08172025_22_6LapsAndWeirdCurrData.parquet,-2.74,0.0,444.0,0.0,2.299999952316284,109.0999984741211,0.25,108.6956558227539,109.0,0.0,250.92999267578125
08172025_22_6LapsAndWeirdCurrData.parquet,-2.74,1084.0,1181.0,12472.0,99.0,105.70000457763672,0.92999267578125,9.393865585327148,105.70000457763672,-0.1999969482421875,10464.30078125
08172025_22_6LapsAndWeirdCurrData.parquet,-2.74,2761.0,1238.0,3384.0,68.30000305175781,104.5999984741211,0.279998779296875,4.099542617797852,100.5999984741211,0.0,7144.18017578125
08172025_22_6LapsAndWeirdCurrData.parquet,-2.74,1137.0,895.0,6980.0,61.29999923706055,106.5,0.3899993896484375,6.362143516540527,106.5,0.0,6528.44970703125
08172025_22_6LapsAndWeirdCurrData.parquet,-2.73,0.0,444.0,0.0,2.299999952316284,109.0999984741211,0.25,108.6956558227539,109.0,0.0,250.92999267578125
08172025_22_6LapsAndWeirdCurrData.parquet,-2.73,2761.0,1238.0,3384.0,68.30000305175781,104.5999984741211,0.279998779296875,4.099542617797852,100.5999984741211,0.0,7144.18017578125
08172025_22_6LapsAndWeirdCurrData.parquet,-2.73,1084.0,1181.0,12472.0,99.0,105.70000457763672,0.6899948120117188,6.969644546508789,105.70000457763672,0.0,10464.30078125
08172025_22_6LapsAndWeirdCurrData.parquet,-2.73,1137.0,895.0,6980.0,61.29999923706055,106.5,0.3899993896484375,6.362143516540527,106.5,0.0,6528.44970703125
08172025_22_6LapsAndWeirdCurrData.parquet,-2.72,0.0,444.0,0.0,2.299999952316284,109.0999984741211,0.25,108.6956558227539,109.0,0.0,250.92999267578125
08172025_22_6LapsAndWeirdCurrData.parquet,-2.72,2761.0,1238.0,3390.0,68.30000305175781,104.5999984741211,0.279998779296875,4.099542617797852,100.5999984741211,0.0,7144.18017578125
08172025_22_6LapsAndWeirdCurrData.parquet,-2.72,1124.0,1181.0,12472.0,99.0,105.70000457763672,0.6899948120117188,6.969644546508789,105.70000457763672,0.0,10464.30078125
08172025_22_6LapsAndWeirdCurrData.parquet,-2.72,1137.0,895.0,6980.0,61.29999923706055,106.5,0.3899993896484375,6.362143516540527,106.5,0.0,6528.44970703125
08172025_22_6LapsAndWeirdCurrData.parquet,-2.71,0.0,444.0,0.0,2.299999952316284,109.0999984741211,0.25,108.6956558227539,109.0,0.0,250.92999267578125
08172025_22_6LapsAndWeirdCurrData.parquet,-2.71,1124.0,1181.0,12472.0,99.0,105.70000457763672,0.6899948120117188,6.969644546508789,105.70000457763672,0.0,10464.30078125
08172025_22_6LapsAndWeirdCurrData.parquet,-2.71,2761.0,1238.0,3390.0,67.5999984741211,104.5999984741211,0.279998779296875,4.141993999481201,100.5999984741211,0.0,7070.9599609375
08172025_22_6LapsAndWeirdCurrData.parquet,-2.71,1142.0,891.0,7145.0,60.900001525878906,106.5,0.3899993896484375,6.4039306640625,106.5,0.0,6485.85009765625
08172025_22_6LapsAndWeirdCurrData.parquet,-2.7,0.0,444.0,0.0,2.299999952316284,109.0999984741211,0.25,108.6956558227539,109.0,0.0,250.92999267578125
08172025_22_6LapsAndWeirdCurrData.parquet,-2.7,2761.0,1238.0,3390.0,67.5999984741211,104.5999984741211,0.279998779296875,4.141993999481201,100.5999984741211,0.0,7070.9599609375
08172025_22_6LapsAndWeirdCurrData.parquet,-2.7,1156.0,1181.0,12445.0,103.0,105.5999984741211,0.7900009155273438,7.669911861419678,105.5999984741211,-0.100006103515625,10876.7998046875
08172025_22_6LapsAndWeirdCurrData.parquet,-2.7,1142.0,891.0,7145.0,60.900001525878906,106.5,0.3899993896484375,6.4039306640625,106.5,0.0,6485.85009765625
08172025_22_6LapsAndWeirdCurrData.parquet,-2.69,1149.0,891.0,7145.0,60.900001525878906,106.5,0.3899993896484375,6.4039306640625,106.5,0.0,6485.85009765625
08172025_22_6LapsAndWeirdCurrData.parquet,-2.69,0.0,444.0,0.0,2.299999952316284,109.0999984741211,0.25,108.6956558227539,109.0,0.0,250.92999267578125
08172025_22_6LapsAndWeirdCurrData.parquet,-2.69,1156.0,1181.0,12445.0,103.0,105.5999984741211,0.7900009155273438,7.669911861419678,105.5999984741211,0.0,10876.7998046875
08172025_22_6LapsAndWeirdCurrData.parquet,-2.69,2761.0,1238.0,3390.0,67.5999984741211,104.5999984741211,0.279998779296875,4.141993999481201,100.5999984741211,0.0,7070.9599609375
08172025_22_6LapsAndWeirdCurrData.parquet,-2.68,1149.0,891.0,7145.0,60.900001525878906,106.5,0.3899993896484375,6.4039306640625,106.5,0.0,6485.85009765625
08172025_22_6LapsAndWeirdCurrData.parquet,-2.68,2771.0,1238.0,3495.0,67.5999984741211,104.5999984741211,0.279998779296875,4.141993999481201,100.5999984741211,0.0,7070.9599609375
08172025_22_6LapsAndWeirdCurrData.parquet,-2.68,1170.0,1180.0,12445.0,103.0,105.5999984741211,0.7900009155273438,7.669911861419678,105.5999984741211,0.0,10876.7998046875
08172025_22_6LapsAndWeirdCurrData.parquet,-2.68,0.0,444.0,0.0,2.299999952316284,109.0999984741211,0.25,108.6956558227539,109.0,0.0,250.92999267578125
08172025_22_6LapsAndWeirdCurrData.parquet,-2.67,2771.0,1238.0,3495.0,67.5999984741211,104.5999984741211,0.279998779296875,4.141993999481201,100.5999984741211,0.0,7070.9599609375
08172025_22_6LapsAndWeirdCurrData.parquet,-2.67,1170.0,1180.0,12445.0,103.0,105.5999984741211,0.7900009155273438,7.669911861419678,105.5999984741211,0.0,10876.7998046875
08172025_22_6LapsAndWeirdCurrData.parquet,-2.67,1158.0,891.0,7145.0,60.900001525878906,106.5,0.3899993896484375,6.4039306640625,106.5,0.0,6485.85009765625
08172025_22_6LapsAndWeirdCurrData.parquet,-2.67,0.0,444.0,0.0,2.299999952316284,109.0999984741211,0.25,108.6956558227539,109.0,0.0,250.92999267578125
08172025_22_6LapsAndWeirdCurrData.parquet,-2.66,1231.0,1180.0,12464.0,105.20000457763672,105.5,0.8899993896484375,8.46006965637207,105.5,-0.09999847412109375,11098.6005859375
08172025_22_6LapsAndWeirdCurrData.parquet,-2.66,2755.0,1238.0,3495.0,67.9000015258789,104.5999984741211,0.279998779296875,4.123693466186523,100.5999984741211,0.0,7102.33984375
08172025_22_6LapsAndWeirdCurrData.parquet,-2.66,0.0,444.0,0.0,2.299999952316284,109.0999984741211,0.25,108.6956558227539,109.0,0.0,250.92999267578125
08172025_22_6LapsAndWeirdCurrData.parquet,-2.66,1158.0,891.0,7325.0,60.900001525878906,106.5,0.29000091552734375,4.761919975280762,106.5,0.0,6485.85009765625
08172025_22_6LapsAndWeirdCurrData.parquet,-2.65,1231.0,1180.0,12464.0,105.20000457763672,105.5,0.8899993896484375,8.46006965637207,105.5,0.0,11098.6005859375
08172025_22_6LapsAndWeirdCurrData.parquet,-2.65,0.0,444.0,0.0,2.299999952316284,109.0999984741211,0.25,108.6956558227539,109.0,0.0,250.92999267578125
08172025_22_6LapsAndWeirdCurrData.parquet,-2.65,1168.0,891.0,7325.0,62.0,106.4000015258789,0.3899993896484375,6.290312767028809,106.4000015258789,-0.09999847412109375,6596.80029296875
08172025_22_6LapsAndWeirdCurrData.parquet,-2.65,2755.0,1238.0,3495.0,67.9000015258789,104.5999984741211,0.279998779296875,4.123693466186523,100.5999984741211,0.0,7102.33984375
08172025_22_6LapsAndWeirdCurrData.parquet,-2.64,1168.0,891.0,7325.0,62.0,106.4000015258789,0.3899993896484375,6.290312767028809,106.4000015258789,0.0,6596.80029296875
08172025_22_6LapsAndWeirdCurrData.parquet,-2.64,1257.0,1180.0,12464.0,105.20000457763672,105.5,0.8899993896484375,8.46006965637207,105.5,0.0,11098.6005859375
08172025_22_6LapsAndWeirdCurrData.parquet,-2.64,2755.0,1238.0,3421.0,67.9000015258789,104.5999984741211,0.279998779296875,4.123693466186523,100.5999984741211,0.0,7102.33984375
08172025_22_6LapsAndWeirdCurrData.parquet,-2.64,0.0,444.0,0.0,2.299999952316284,109.0999984741211,0.25,108.6956558227539,109.0999984741211,0.0,250.92999267578125
08172025_22_6LapsAndWeirdCurrData.parquet,-2.63,1184.0,891.0,7325.0,62.0,106.4000015258789,0.3899993896484375,6.290312767028809,106.4000015258789,0.0,6596.80029296875
08172025_22_6LapsAndWeirdCurrData.parquet,-2.63,2767.0,1238.0,3421.0,67.9000015258789,104.5999984741211,0.279998779296875,4.123693466186523,100.5999984741211,0.0,7102.33984375
08172025_22_6LapsAndWeirdCurrData.parquet,-2.63,1257.0,1180.0,12464.0,105.20000457763672,105.5,0.8899993896484375,8.46006965637207,105.5,0.0,11098.6005859375
08172025_22_6LapsAndWeirdCurrData.parquet,-2.63,0.0,444.0,0.0,2.299999952316284,109.0999984741211,0.25,108.6956558227539,109.0999984741211,0.0,250.92999267578125
08172025_22_6LapsAndWeirdCurrData.parquet,-2.62,1257.0,1180.0,12419.0,108.20000457763672,105.4000015258789,0.9899978637695312,9.149702072143555,105.4000015258789,-0.09999847412109375,11404.2802734375
08172025_22_6LapsAndWeirdCurrData.parquet,-2.62,2767.0,1238.0,3421.0,67.9000015258789,104.5999984741211,0.279998779296875,4.123693466186523,102.4000015258789,0.0,7102.33984375
08172025_22_6LapsAndWeirdCurrData.parquet,-2.62,1184.0,891.0,7293.0,62.0,106.4000015258789,0.3899993896484375,6.290312767028809,106.4000015258789,0.0,6596.80029296875
08172025_22_6LapsAndWeirdCurrData.parquet,-2.62,0.0,444.0,0.0,2.299999952316284,109.0999984741211,0.25,108.6956558227539,109.0999984741211,0.0,250.92999267578125
08172025_22_6LapsAndWeirdCurrData.parquet,-2.61,1185.0,891.0,7293.0,62.70000076293945,106.4000015258789,0.3899993896484375,6.220086097717285,106.4000015258789,0.0,6671.2802734375
08172025_22_6LapsAndWeirdCurrData.parquet,-2.61,1202.0,1180.0,12419.0,108.20000457763672,105.4000015258789,0.9899978637695312,9.149702072143555,105.4000015258789,0.0,11404.2802734375
08172025_22_6LapsAndWeirdCurrData.parquet,-2.61,2784.0,1238.0,3421.0,67.9000015258789,104.5999984741211,0.279998779296875,4.123693466186523,102.4000015258789,0.0,7102.33984375
08172025_22_6LapsAndWeirdCurrData.parquet,-2.61,0.0,444.0,0.0,2.299999952316284,109.0999984741211,0.25,108.6956558227539,109.0999984741211,0.0,250.92999267578125
08172025_22_6LapsAndWeirdCurrData.parquet,-2.6,1202.0,1180.0,12419.0,108.20000457763672,105.4000015258789,0.9899978637695312,9.149702072143555,105.4000015258789,0.0,11404.2802734375
08172025_22_6LapsAndWeirdCurrData.parquet,-2.6,1185.0,891.0,7293.0,62.70000076293945,106.4000015258789,0.3899993896484375,6.220086097717285,106.4000015258789,0.0,6671.2802734375
08172025_22_6LapsAndWeirdCurrData.parquet,-2.6,2784.0,1238.0,3421.0,67.9000015258789,104.5999984741211,0.279998779296875,4.123693466186523,102.4000015258789,0.0,7102.33984375
08172025_22_6LapsAndWeirdCurrData.parquet,-2.6,0.0,443.0,0.0,2.299999952316284,109.0999984741211,0.25,108.6956558227539,109.0999984741211,0.0,250.92999267578125
08172025_22_6LapsAndWeirdCurrData.parquet,-2.59,1223.0,1180.0,12419.0,108.20000457763672,105.4000015258789,0.9899978637695312,9.149702072143555,105.4000015258789,0.0,11404.2802734375
08172025_22_6LapsAndWeirdCurrData.parquet,-2.59,2770.0,1238.0,3421.0,67.9000015258789,104.5999984741211,0.279998779296875,4.123693466186523,102.4000015258789,0.0,7102.33984375
08172025_22_6LapsAndWeirdCurrData.parquet,-2.59,1182.0,891.0,7293.0,62.70000076293945,106.4000015258789,0.3899993896484375,6.220086097717285,106.4000015258789,0.0,6671.2802734375
08172025_22_6LapsAndWeirdCurrData.parquet,-2.59,0.0,443.0,0.0,2.299999952316284,109.0999984741211,0.25,108.6956558227539,109.0999984741211,0.0,250.92999267578125
08172025_22_6LapsAndWeirdCurrData.parquet,-2.58,1223.0,1174.0,12348.0,108.9000015258789,105.4000015258789,0.9899978637695312,9.090888977050781,105.4000015258789,0.0,11478.060546875
08172025_22_6LapsAndWeirdCurrData.parquet,-2.58,2770.0,1238.0,3421.0,67.9000015258789,104.5999984741211,0.279998779296875,4.123693466186523,103.30000305175781,0.0,7102.33984375
08172025_22_6LapsAndWeirdCurrData.parquet,-2.58,1182.0,891.0,7211.0,62.70000076293945,106.4000015258789,0.3899993896484375,6.220086097717285,106.4000015258789,0.0,6671.2802734375
08172025_22_6LapsAndWeirdCurrData.parquet,-2.58,0.0,443.0,0.0,2.299999952316284,109.0999984741211,0.25,108.6956558227539,109.0999984741211,0.0,250.92999267578125
08172025_22_6LapsAndWeirdCurrData.parquet,-2.57,2756.0,1238.0,3421.0,69.0,104.5,0.37999725341796875,5.507206439971924,103.30000305175781,-0.09999847412109375,7210.5
08172025_22_6LapsAndWeirdCurrData.parquet,-2.57,1182.0,891.0,7211.0,63.5,106.4000015258789,0.3899993896484375,6.141722679138184,106.4000015258789,0.0,6756.39990234375
08172025_22_6LapsAndWeirdCurrData.parquet,-2.57,0.0,443.0,0.0,2.299999952316284,109.0999984741211,0.25,108.6956558227539,109.0999984741211,0.0,250.92999267578125
08172025_22_6LapsAndWeirdCurrData.parquet,-2.57,1223.0,1174.0,12348.0,108.9000015258789,105.4000015258789,0.9899978637695312,9.090888977050781,105.4000015258789,0.0,11478.060546875
08172025_22_6LapsAndWeirdCurrData.parquet,-2.56,2756.0,1238.0,3543.0,69.0,104.5,0.45999908447265625,6.666653156280518,103.30000305175781,0.0,7210.5
08172025_22_6LapsAndWeirdCurrData.parquet,-2.56,1223.0,1174.0,12348.0,108.9000015258789,105.4000015258789,0.9899978637695312,9.090888977050781,105.4000015258789,0.0,11478.060546875
08172025_22_6LapsAndWeirdCurrData.parquet,-2.56,1186.0,891.0,7211.0,63.5,106.4000015258789,0.339996337890625,5.354273319244385,106.4000015258789,0.0,6756.39990234375
08172025_22_6LapsAndWeirdCurrData.parquet,-2.56,0.0,443.0,0.0,2.299999952316284,109.0999984741211,0.25,108.6956558227539,109.0999984741211,0.0,250.92999267578125
08172025_22_6LapsAndWeirdCurrData.parquet,-2.55,1181.0,1174.0,12348.0,108.9000015258789,105.4000015258789,0.9899978637695312,9.090888977050781,105.4000015258789,0.0,11478.060546875
08172025_22_6LapsAndWeirdCurrData.parquet,-2.55,0.0,443.0,0.0,2.200000047683716,109.0999984741211,0.25,113.63636016845703,109.0999984741211,0.0,240.02000427246094
08172025_22_6LapsAndWeirdCurrData.parquet,-2.55,2756.0,1238.0,3543.0,69.0,104.5,0.45999908447265625,6.666653156280518,103.30000305175781,0.0,7210.5
08172025_22_6LapsAndWeirdCurrData.parquet,-2.55,1186.0,891.0,7211.0,63.5,106.4000015258789,0.339996337890625,5.354273319244385,106.4000015258789,0.0,6756.39990234375
08172025_22_6LapsAndWeirdCurrData.parquet,-2.54,0.0,443.0,0.0,2.200000047683716,109.0999984741211,0.25,113.63636016845703,109.0999984741211,0.0,240.02000427246094
08172025_22_6LapsAndWeirdCurrData.parquet,-2.54,1181.0,1174.0,12439.0,108.5999984741211,105.5,0.8899993896484375,8.195206642150879,105.4000015258789,0.09999847412109375,11457.2998046875
08172025_22_6LapsAndWeirdCurrData.parquet,-2.54,2777.0,1238.0,3543.0,69.0,104.5,0.45999908447265625,6.666653156280518,103.80000305175781,0.0,7210.5
08172025_22_6LapsAndWeirdCurrData.parquet,-2.54,1198.0,891.0,7099.0,63.5,106.4000015258789,0.339996337890625,5.354273319244385,106.4000015258789,0.0,6756.39990234375
08172025_22_6LapsAndWeirdCurrData.parquet,-2.53,1181.0,1174.0,12439.0,108.5999984741211,105.5,0.31999969482421875,2.9465904235839844,105.4000015258789,0.0,11457.2998046875
08172025_22_6LapsAndWeirdCurrData.parquet,-2.53,1198.0,891.0,7099.0,63.5,106.4000015258789,0.339996337890625,5.354273319244385,106.4000015258789,0.0,6756.39990234375
08172025_22_6LapsAndWeirdCurrData.parquet,-2.53,2777.0,1238.0,3543.0,69.5,104.5,0.45999908447265625,6.618691921234131,103.80000305175781,0.0,7262.75
08172025_22_6LapsAndWeirdCurrData.parquet,-2.53,0.0,443.0,0.0,2.200000047683716,109.0999984741211,0.25,113.63636016845703,109.0999984741211,0.0,240.02000427246094
08172025_22_6LapsAndWeirdCurrData.parquet,-2.52,0.0,443.0,0.0,2.200000047683716,109.0999984741211,0.25,113.63636016845703,109.0999984741211,0.0,240.02000427246094
08172025_22_6LapsAndWeirdCurrData.parquet,-2.52,1237.0,1174.0,12439.0,108.5999984741211,105.5,0.31999969482421875,2.9465904235839844,105.4000015258789,0.0,11457.2998046875
08172025_22_6LapsAndWeirdCurrData.parquet,-2.52,2781.0,1238.0,1994.0,69.5,104.5,0.45999908447265625,6.618691921234131,103.80000305175781,0.0,7262.75
08172025_22_6LapsAndWeirdCurrData.parquet,-2.52,1202.0,891.0,7099.0,63.5,106.4000015258789,0.339996337890625,5.354273319244385,106.4000015258789,0.0,6756.39990234375
08172025_22_6LapsAndWeirdCurrData.parquet,-2.51,1237.0,1174.0,12439.0,108.5999984741211,105.5,0.31999969482421875,2.9465904235839844,105.4000015258789,0.0,11457.2998046875
08172025_22_6LapsAndWeirdCurrData.parquet,-2.51,0.0,443.0,0.0,2.299999952316284,109.0999984741211,0.25,108.6956558227539,109.0999984741211,0.0,250.92999267578125
08172025_22_6LapsAndWeirdCurrData.parquet,-2.51,2726.0,1238.0,1994.0,69.5,104.5,0.45999908447265625,6.618691921234131,103.80000305175781,0.0,7262.75
08172025_22_6LapsAndWeirdCurrData.parquet,-2.51,1202.0,888.0,7161.0,63.5,106.4000015258789,0.339996337890625,5.354273319244385,106.4000015258789,0.0,6756.39990234375
08172025_22_6LapsAndWeirdCurrData.parquet,-2.5,1248.0,1174.0,12528.0,108.5999984741211,105.5,0.31999969482421875,2.9465904235839844,105.4000015258789,0.0,11457.2998046875
08172025_22_6LapsAndWeirdCurrData.parquet,-2.5,1202.0,888.0,7161.0,63.5,106.4000015258789,0.339996337890625,5.354273319244385,106.4000015258789,0.0,6756.39990234375
08172025_22_6LapsAndWeirdCurrData.parquet,-2.5,0.0,443.0,0.0,2.299999952316284,109.0999984741211,0.25,108.6956558227539,109.0999984741211,0.0,250.92999267578125
08172025_22_6LapsAndWeirdCurrData.parquet,-2.5,2726.0,1238.0,1994.0,69.5,104.5,0.45999908447265625,6.618691921234131,103.80000305175781,0.0,7262.75
08172025_22_6LapsAndWeirdCurrData.parquet,-2.49,2726.0,1238.0,1994.0,62.400001525878906,105.30000305175781,-0.34000396728515625,-5.448781490325928,104.5,0.8000030517578125,6570.72021484375
08172025_22_6LapsAndWeirdCurrData.parquet,-2.49,1248.0,1174.0,12528.0,114.9000015258789,105.0999984741211,0.720001220703125,6.266328811645508,105.0999984741211,-0.40000152587890625,12075.990234375
08172025_22_6LapsAndWeirdCurrData.parquet,-2.49,0.0,443.0,0.0,2.299999952316284,109.0999984741211,0.25,108.6956558227539,109.0999984741211,0.0,250.92999267578125
08172025_22_6LapsAndWeirdCurrData.parquet,-2.49,1202.0,888.0,7161.0,63.70000076293945,106.4000015258789,0.339996337890625,5.337462425231934,106.4000015258789,0.0,6777.68017578125
08172025_22_6LapsAndWeirdCurrData.parquet,-2.48,2724.0,1238.0,0.0,62.400001525878906,105.30000305175781,-0.34000396728515625,-5.448781490325928,104.5,0.0,6570.72021484375
08172025_22_6LapsAndWeirdCurrData.parquet,-2.48,0.0,443.0,0.0,2.299999952316284,109.0999984741211,0.25,108.6956558227539,109.0999984741211,0.0,250.92999267578125
08172025_22_6LapsAndWeirdCurrData.parquet,-2.48,1202.0,888.0,7161.0,63.70000076293945,106.4000015258789,0.339996337890625,5.337462425231934,106.4000015258789,0.0,6777.68017578125
08172025_22_6LapsAndWeirdCurrData.parquet,-2.48,1255.0,1174.0,12528.0,114.9000015258789,105.0999984741211,0.720001220703125,6.266328811645508,105.0999984741211,0.0,12075.990234375
08172025_22_6LapsAndWeirdCurrData.parquet,-2.47,2724.0,1238.0,0.0,62.400001525878906,105.30000305175781,-0.34000396728515625,-5.448781490325928,104.5,0.0,6570.72021484375
08172025_22_6LapsAndWeirdCurrData.parquet,-2.47,0.0,443.0,0.0,2.200000047683716,109.0999984741211,0.25,113.63636016845703,109.0999984741211,0.0,240.02000427246094
08172025_22_6LapsAndWeirdCurrData.parquet,-2.47,1221.0,888.0,7161.0,63.70000076293945,106.4000015258789,0.339996337890625,5.337462425231934,106.4000015258789,0.0,6777.68017578125
08172025_22_6LapsAndWeirdCurrData.parquet,-2.47,1255.0,1174.0,12528.0,114.9000015258789,105.0999984741211,0.720001220703125,6.266328811645508,105.0999984741211,0.0,12075.990234375
08172025_22_6LapsAndWeirdCurrData.parquet,-2.46,1255.0,1174.0,12294.0,114.9000015258789,105.0999984741211,0.720001220703125,6.266328811645508,105.0999984741211,0.0,12075.990234375
08172025_22_6LapsAndWeirdCurrData.parquet,-2.46,2735.0,1238.0,0.0,62.400001525878906,105.30000305175781,-0.34000396728515625,-5.448781490325928,104.5,0.0,6570.72021484375
08172025_22_6LapsAndWeirdCurrData.parquet,-2.46,1221.0,888.0,7230.0,63.70000076293945,106.4000015258789,0.339996337890625,5.337462425231934,106.4000015258789,0.0,6777.68017578125
08172025_22_6LapsAndWeirdCurrData.parquet,-2.46,0.0,443.0,0.0,2.200000047683716,109.0999984741211,0.25,113.63636016845703,109.0999984741211,0.0,240.02000427246094
08172025_22_6LapsAndWeirdCurrData.parquet,-2.45,1221.0,888.0,7230.0,63.70000076293945,106.4000015258789,0.339996337890625,5.337462425231934,106.4000015258789,0.0,6777.68017578125
08172025_22_6LapsAndWeirdCurrData.parquet,-2.45,1270.0,1174.0,12294.0,114.0999984741211,105.20000457763672,0.6199951171875,5.4337873458862305,105.0999984741211,0.100006103515625,12003.3203125
08172025_22_6LapsAndWeirdCurrData.parquet,-2.45,2735.0,1238.0,0.0,48.5,106.0999984741211,-1.1399993896484375,-23.505142211914062,104.5,0.7999954223632812,5145.85009765625
08172025_22_6LapsAndWeirdCurrData.parquet,-2.45,0.0,443.0,0.0,2.200000047683716,109.0999984741211,0.25,113.63636016845703,109.0999984741211,0.0,240.02000427246094
08172025_22_6LapsAndWeirdCurrData.parquet,-2.44,1270.0,1174.0,12294.0,114.0999984741211,105.20000457763672,0.6199951171875,5.4337873458862305,105.0999984741211,0.0,12003.3203125
08172025_22_6LapsAndWeirdCurrData.parquet,-2.44,1221.0,888.0,7230.0,63.70000076293945,106.4000015258789,0.339996337890625,5.337462425231934,106.4000015258789,0.0,6777.68017578125
08172025_22_6LapsAndWeirdCurrData.parquet,-2.44,2689.0,1238.0,0.0,48.5,106.0999984741211,-1.1399993896484375,-23.505142211914062,104.5,0.0,5145.85009765625
08172025_22_6LapsAndWeirdCurrData.parquet,-2.44,0.0,443.0,0.0,2.200000047683716,109.0999984741211,0.25,113.63636016845703,109.0999984741211,0.0,240.02000427246094
08172025_22_6LapsAndWeirdCurrData.parquet,-2.43,1314.0,1174.0,12294.0,114.0999984741211,105.20000457763672,0.6199951171875,5.4337873458862305,105.0999984741211,0.0,12003.3203125
08172025_22_6LapsAndWeirdCurrData.parquet,-2.43,2689.0,1238.0,0.0,48.5,106.0999984741211,-1.1399993896484375,-23.505142211914062,104.5,0.0,5145.85009765625
08172025_22_6LapsAndWeirdCurrData.parquet,-2.43,0.0,443.0,0.0,2.200000047683716,109.0999984741211,0.25,113.63636016845703,109.0999984741211,0.0,240.02000427246094
08172025_22_6LapsAndWeirdCurrData.parquet,-2.43,1245.0,888.0,7262.0,63.70000076293945,106.4000015258789,0.339996337890625,5.337462425231934,106.4000015258789,0.0,6777.68017578125
08172025_22_6LapsAndWeirdCurrData.parquet,-2.42,1245.0,888.0,7262.0,63.70000076293945,106.4000015258789,0.339996337890625,5.337462425231934,106.4000015258789,0.0,6777.68017578125
08172025_22_6LapsAndWeirdCurrData.parquet,-2.42,1314.0,1172.0,12326.0,114.0999984741211,105.20000457763672,0.6199951171875,5.4337873458862305,105.0999984741211,0.0,12003.3203125
08172025_22_6LapsAndWeirdCurrData.parquet,-2.42,2689.0,1238.0,0.0,48.5,106.0999984741211,-1.1399993896484375,-23.505142211914062,104.5,0.0,5145.85009765625
08172025_22_6LapsAndWeirdCurrData.parquet,-2.42,0.0,443.0,0.0,2.200000047683716,109.0999984741211,0.25,113.63636016845703,109.0999984741211,0.0,240.02000427246094
08172025_22_6LapsAndWeirdCurrData.parquet,-2.41,2655.0,1238.0,0.0,48.5,106.0999984741211,-1.1399993896484375,-23.505142211914062,104.5,0.0,5145.85009765625
08172025_22_6LapsAndWeirdCurrData.parquet,-2.41,1314.0,1172.0,12326.0,114.0999984741211,105.20000457763672,0.6199951171875,5.4337873458862305,105.0999984741211,0.0,12003.3203125
08172025_22_6LapsAndWeirdCurrData.parquet,-2.41,1242.0,888.0,7262.0,66.30000305175781,106.30000305175781,0.43999481201171875,6.636422157287598,106.30000305175781,-0.09999847412109375,7047.6904296875
08172025_22_6LapsAndWeirdCurrData.parquet,-2.41,0.0,443.0,0.0,2.200000047683716,109.0999984741211,0.25,113.63636016845703,109.0999984741211,0.0,240.02000427246094
08172025_22_6LapsAndWeirdCurrData.parquet,-2.4,0.0,444.0,0.0,2.200000047683716,109.0999984741211,0.25,113.63636016845703,109.0999984741211,0.0,240.02000427246094
08172025_22_6LapsAndWeirdCurrData.parquet,-2.4,2655.0,1238.0,0.0,48.5,106.0999984741211,-1.1399993896484375,-23.505142211914062,104.5,0.0,5145.85009765625
08172025_22_6LapsAndWeirdCurrData.parquet,-2.4,1314.0,1172.0,12326.0,114.0999984741211,105.20000457763672,0.6199951171875,5.4337873458862305,105.0999984741211,0.0,12003.3203125
08172025_22_6LapsAndWeirdCurrData.parquet,-2.4,1242.0,888.0,7262.0,66.30000305175781,106.30000305175781,0.339996337890625,5.12814998626709,106.30000305175781,0.0,7047.6904296875
08172025_22_6LapsAndWeirdCurrData.parquet,-2.39,1316.0,1172.0,12326.0,114.0999984741211,105.20000457763672,0.6199951171875,5.4337873458862305,105.0999984741211,0.0,12003.3203125
08172025_22_6LapsAndWeirdCurrData.parquet,-2.39,0.0,444.0,0.0,2.200000047683716,109.0,0.34999847412109375,159.0902099609375,109.0,-0.09999847412109375,239.8000030517578
08172025_22_6LapsAndWeirdCurrData.parquet,-2.39,2635.0,1238.0,0.0,48.5,106.0999984741211,-1.1399993896484375,-23.505142211914062,104.5,0.0,5145.85009765625
08172025_22_6LapsAndWeirdCurrData.parquet,-2.39,1242.0,888.0,7262.0,66.30000305175781,106.30000305175781,0.339996337890625,5.12814998626709,106.30000305175781,0.0,7047.6904296875
08172025_22_6LapsAndWeirdCurrData.parquet,-2.38,0.0,444.0,0.0,2.200000047683716,109.0,0.34999847412109375,159.0902099609375,109.0,0.0,239.8000030517578
08172025_22_6LapsAndWeirdCurrData.parquet,-2.38,2635.0,1238.0,0.0,48.5,106.0999984741211,-1.1399993896484375,-23.505142211914062,104.5,0.0,5145.85009765625
08172025_22_6LapsAndWeirdCurrData.parquet,-2.38,1254.0,888.0,7262.0,66.30000305175781,106.30000305175781,0.339996337890625,5.12814998626709,106.30000305175781,0.0,7047.6904296875
08172025_22_6LapsAndWeirdCurrData.parquet,-2.38,1316.0,1172.0,12305.0,114.0999984741211,105.20000457763672,0.489990234375,4.294393062591553,105.0999984741211,0.0,12003.3203125
08172025_22_6LapsAndWeirdCurrData.parquet,-2.37,1347.0,1172.0,12305.0,117.20000457763672,105.0999984741211,0.589996337890625,5.0340986251831055,105.0999984741211,-0.100006103515625,12317.720703125
08172025_22_6LapsAndWeirdCurrData.parquet,-2.37,0.0,444.0,0.0,2.200000047683716,109.0,0.34999847412109375,159.0902099609375,109.0,0.0,239.8000030517578
08172025_22_6LapsAndWeirdCurrData.parquet,-2.37,1254.0,888.0,7262.0,66.4000015258789,106.30000305175781,0.339996337890625,5.120426654815674,106.30000305175781,0.0,7058.3203125
08172025_22_6LapsAndWeirdCurrData.parquet,-2.37,2610.0,1238.0,0.0,25.399999618530273,106.5999984741211,-1.6399993896484375,-64.56690216064453,104.5,0.5,2707.639892578125
08172025_22_6LapsAndWeirdCurrData.parquet,-2.36,1267.0,888.0,7262.0,66.4000015258789,106.30000305175781,0.339996337890625,5.120426654815674,106.30000305175781,0.0,7058.3203125
08172025_22_6LapsAndWeirdCurrData.parquet,-2.36,1347.0,1172.0,12305.0,117.20000457763672,105.0999984741211,0.589996337890625,5.0340986251831055,105.0999984741211,0.0,12317.720703125
08172025_22_6LapsAndWeirdCurrData.parquet,-2.36,2610.0,1238.0,0.0,25.399999618530273,106.5999984741211,-0.7300033569335938,-28.74028968811035,104.5,0.0,2707.639892578125
08172025_22_6LapsAndWeirdCurrData.parquet,-2.36,0.0,444.0,0.0,2.200000047683716,109.0,0.34999847412109375,159.0902099609375,109.0,0.0,239.8000030517578
08172025_22_6LapsAndWeirdCurrData.parquet,-2.35,1343.0,1172.0,12305.0,117.20000457763672,105.0999984741211,0.589996337890625,5.0340986251831055,105.0999984741211,0.0,12317.720703125
08172025_22_6LapsAndWeirdCurrData.parquet,-2.35,1267.0,902.0,7306.0,66.4000015258789,106.30000305175781,0.339996337890625,5.120426654815674,106.30000305175781,0.0,7058.3203125
08172025_22_6LapsAndWeirdCurrData.parquet,-2.35,0.0,444.0,0.0,2.299999952316284,109.0999984741211,0.25,108.6956558227539,109.0,0.09999847412109375,250.92999267578125
08172025_22_6LapsAndWeirdCurrData.parquet,-2.35,2610.0,1238.0,0.0,25.399999618530273,106.5999984741211,-0.7300033569335938,-28.74028968811035,104.5,0.0,2707.639892578125
08172025_22_6LapsAndWeirdCurrData.parquet,-2.34,1343.0,1172.0,12226.0,117.20000457763672,105.0999984741211,0.589996337890625,5.0340986251831055,105.0999984741211,0.0,12317.720703125
08172025_22_6LapsAndWeirdCurrData.parquet,-2.34,1267.0,902.0,7306.0,66.4000015258789,106.30000305175781,0.339996337890625,5.120426654815674,106.30000305175781,0.0,7058.3203125
08172025_22_6LapsAndWeirdCurrData.parquet,-2.34,0.0,444.0,0.0,2.299999952316284,109.0999984741211,0.25,108.6956558227539,109.0,0.0,250.92999267578125
08172025_22_6LapsAndWeirdCurrData.parquet,-2.34,2610.0,455.0,0.0,25.399999618530273,106.5999984741211,-0.7300033569335938,-28.74028968811035,104.5,0.0,2707.639892578125
08172025_22_6LapsAndWeirdCurrData.parquet,-2.33,1343.0,1172.0,12226.0,118.30000305175781,105.0999984741211,0.589996337890625,4.9872894287109375,105.0999984741211,0.0,12433.330078125
08172025_22_6LapsAndWeirdCurrData.parquet,-2.33,1267.0,902.0,7306.0,67.30000305175781,106.20000457763672,0.43999481201171875,6.53781270980835,106.20000457763672,-0.09999847412109375,7147.2607421875
08172025_22_6LapsAndWeirdCurrData.parquet,-2.33,0.0,444.0,0.0,2.299999952316284,109.0999984741211,0.25,108.6956558227539,109.0,0.0,250.92999267578125
08172025_22_6LapsAndWeirdCurrData.parquet,-2.33,2610.0,455.0,0.0,14.699999809265137,106.70000457763672,-0.8300094604492188,-56.46323013305664,104.5,0.100006103515625,1568.489990234375
08172025_22_6LapsAndWeirdCurrData.parquet,-2.32,1355.0,1150.0,12226.0,118.30000305175781,105.0999984741211,0.589996337890625,4.9872894287109375,105.0999984741211,0.0,12433.330078125
08172025_22_6LapsAndWeirdCurrData.parquet,-2.32,1282.0,902.0,7306.0,67.30000305175781,106.20000457763672,0.43999481201171875,6.53781270980835,106.20000457763672,0.0,7147.2607421875
08172025_22_6LapsAndWeirdCurrData.parquet,-2.32,0.0,444.0,0.0,2.299999952316284,109.0999984741211,0.25,108.6956558227539,109.0,0.0,250.92999267578125
08172025_22_6LapsAndWeirdCurrData.parquet,-2.32,2516.0,455.0,0.0,14.699999809265137,106.70000457763672,-0.8300094604492188,-56.46323013305664,104.5,0.0,1568.489990234375
08172025_22_6LapsAndWeirdCurrData.parquet,-2.31,0.0,444.0,0.0,2.299999952316284,109.0999984741211,0.25,108.6956558227539,109.0,0.0,250.92999267578125
08172025_22_6LapsAndWeirdCurrData.parquet,-2.31,2516.0,455.0,0.0,14.699999809265137,106.70000457763672,-0.8300094604492188,-56.46323013305664,104.5,0.0,1568.489990234375
08172025_22_6LapsAndWeirdCurrData.parquet,-2.31,1355.0,1150.0,12226.0,118.30000305175781,105.0999984741211,0.589996337890625,4.9872894287109375,105.0999984741211,0.0,12433.330078125
08172025_22_6LapsAndWeirdCurrData.parquet,-2.31,1282.0,902.0,7310.0,67.30000305175781,106.20000457763672,0.43999481201171875,6.53781270980835,106.20000457763672,0.0,7147.2607421875
08172025_22_6LapsAndWeirdCurrData.parquet,-2.3,0.0,443.0,0.0,2.299999952316284,109.0999984741211,0.25,108.6956558227539,109.0,0.0,250.92999267578125
08172025_22_6LapsAndWeirdCurrData.parquet,-2.3,2483.0,455.0,0.0,14.699999809265137,106.70000457763672,0.149993896484375,10.203666687011719,104.5,0.0,1568.489990234375
08172025_22_6LapsAndWeirdCurrData.parquet,-2.3,1377.0,1150.0,11841.0,118.30000305175781,105.0999984741211,0.589996337890625,4.9872894287109375,105.0999984741211,0.0,12433.330078125
08172025_22_6LapsAndWeirdCurrData.parquet,-2.3,1292.0,902.0,7310.0,67.30000305175781,106.20000457763672,0.43999481201171875,6.53781270980835,106.20000457763672,0.0,7147.2607421875
08172025_22_6LapsAndWeirdCurrData.parquet,-2.29,0.0,443.0,0.0,2.299999952316284,109.0999984741211,0.25,108.6956558227539,109.0,0.0,250.92999267578125
08172025_22_6LapsAndWeirdCurrData.parquet,-2.29,1377.0,1150.0,11841.0,119.4000015258789,105.0999984741211,0.589996337890625,4.941342830657959,105.0999984741211,0.0,12548.9404296875
08172025_22_6LapsAndWeirdCurrData.parquet,-2.29,2483.0,455.0,0.0,11.600000381469727,106.70000457763672,0.149993896484375,12.93050765991211,104.5,0.0,1237.7200927734375
08172025_22_6LapsAndWeirdCurrData.parquet,-2.29,1292.0,902.0,7310.0,68.4000015258789,106.20000457763672,0.43999481201171875,6.432672500610352,106.20000457763672,0.0,7264.08056640625
08172025_22_6LapsAndWeirdCurrData.parquet,-2.28,2455.0,455.0,0.0,11.600000381469727,106.70000457763672,0.149993896484375,12.93050765991211,104.5,0.0,1237.7200927734375
08172025_22_6LapsAndWeirdCurrData.parquet,-2.28,1284.0,902.0,7310.0,68.4000015258789,106.20000457763672,0.43999481201171875,6.432672500610352,106.20000457763672,0.0,7264.08056640625
08172025_22_6LapsAndWeirdCurrData.parquet,-2.28,1381.0,1150.0,11841.0,119.4000015258789,105.0999984741211,0.48999786376953125,4.103834629058838,105.0999984741211,0.0,12548.9404296875
08172025_22_6LapsAndWeirdCurrData.parquet,-2.28,0.0,443.0,0.0,2.299999952316284,109.0999984741211,0.25,108.6956558227539,109.0,0.0,250.92999267578125
08172025_22_6LapsAndWeirdCurrData.parquet,-2.27,1284.0,902.0,7309.0,68.4000015258789,106.20000457763672,0.43999481201171875,6.432672500610352,106.20000457763672,0.0,7264.08056640625
08172025_22_6LapsAndWeirdCurrData.parquet,-2.27,2455.0,455.0,0.0,11.600000381469727,106.70000457763672,0.149993896484375,12.93050765991211,104.5,0.0,1237.7200927734375
08172025_22_6LapsAndWeirdCurrData.parquet,-2.27,1381.0,1150.0,11841.0,119.4000015258789,105.0999984741211,0.48999786376953125,4.103834629058838,105.0999984741211,0.0,12548.9404296875
08172025_22_6LapsAndWeirdCurrData.parquet,-2.27,0.0,443.0,0.0,2.299999952316284,109.0999984741211,0.25,108.6956558227539,109.0,0.0,250.92999267578125
08172025_22_6LapsAndWeirdCurrData.parquet,-2.26,1284.0,902.0,7309.0,68.4000015258789,106.20000457763672,0.43999481201171875,6.432672500610352,106.20000457763672,0.0,7264.08056640625
08172025_22_6LapsAndWeirdCurrData.parquet,-2.26,0.0,443.0,0.0,2.299999952316284,109.0999984741211,0.25,108.6956558227539,109.0,0.0,250.92999267578125
08172025_22_6LapsAndWeirdCurrData.parquet,-2.26,2423.0,455.0,0.0,11.600000381469727,106.70000457763672,0.149993896484375,12.93050765991211,104.5,0.0,1237.7200927734375
08172025_22_6LapsAndWeirdCurrData.parquet,-2.26,1392.0,1150.0,11706.0,119.4000015258789,105.0999984741211,0.48999786376953125,4.103834629058838,105.0999984741211,0.0,12548.9404296875
08172025_22_6LapsAndWeirdCurrData.parquet,-2.25,2333.0,455.0,0.0,11.600000381469727,106.70000457763672,0.149993896484375,12.93050765991211,104.5,0.0,1237.7200927734375
08172025_22_6LapsAndWeirdCurrData.parquet,-2.25,1392.0,1150.0,11706.0,120.0,105.0999984741211,0.48999786376953125,4.083315372467041,105.0999984741211,0.0,12612.0
08172025_22_6LapsAndWeirdCurrData.parquet,-2.25,1292.0,902.0,7309.0,68.70000457763672,106.0999984741211,0.5400009155273438,7.860274791717529,106.0999984741211,-0.100006103515625,7289.0703125
08172025_22_6LapsAndWeirdCurrData.parquet,-2.25,0.0,443.0,0.0,2.299999952316284,109.0999984741211,0.25,108.6956558227539,109.0,0.0,250.92999267578125
08172025_22_6LapsAndWeirdCurrData.parquet,-2.24,1392.0,1150.0,11706.0,120.0,105.0999984741211,0.48999786376953125,4.083315372467041,105.0999984741211,0.0,12612.0
08172025_22_6LapsAndWeirdCurrData.parquet,-2.24,1292.0,902.0,7309.0,68.70000457763672,106.0999984741211,0.5400009155273438,7.860274791717529,106.0999984741211,0.0,7289.0703125
08172025_22_6LapsAndWeirdCurrData.parquet,-2.24,2333.0,455.0,0.0,11.600000381469727,106.70000457763672,0.149993896484375,12.93050765991211,104.5,0.0,1237.7200927734375
08172025_22_6LapsAndWeirdCurrData.parquet,-2.24,0.0,443.0,0.0,2.299999952316284,109.0999984741211,0.25,108.6956558227539,109.0,0.0,250.92999267578125
08172025_22_6LapsAndWeirdCurrData.parquet,-2.23,1312.0,902.0,7538.0,68.70000457763672,106.0999984741211,0.5400009155273438,7.860274791717529,106.0999984741211,0.0,7289.0703125
08172025_22_6LapsAndWeirdCurrData.parquet,-2.23,2333.0,455.0,0.0,11.600000381469727,106.70000457763672,0.149993896484375,12.93050765991211,104.5,0.0,1237.7200927734375
08172025_22_6LapsAndWeirdCurrData.parquet,-2.23,0.0,443.0,0.0,2.299999952316284,109.0999984741211,0.25,108.6956558227539,109.0,0.0,250.92999267578125
08172025_22_6LapsAndWeirdCurrData.parquet,-2.23,1397.0,1150.0,11706.0,120.0,105.0999984741211,0.48999786376953125,4.083315372467041,105.0999984741211,0.0,12612.0
08172025_22_6LapsAndWeirdCurrData.parquet,-2.22,0.0,443.0,0.0,2.200000047683716,109.0999984741211,0.25,113.63636016845703,109.0,0.0,240.02000427246094
08172025_22_6LapsAndWeirdCurrData.parquet,-2.22,2176.0,455.0,0.0,11.600000381469727,106.70000457763672,0.149993896484375,12.93050765991211,104.5,0.0,1237.7200927734375
08172025_22_6LapsAndWeirdCurrData.parquet,-2.22,1312.0,902.0,7538.0,68.70000457763672,106.0999984741211,0.5400009155273438,7.860274791717529,106.0999984741211,0.0,7289.0703125
08172025_22_6LapsAndWeirdCurrData.parquet,-2.22,1397.0,1139.0,11700.0,120.0,105.0999984741211,0.48999786376953125,4.083315372467041,105.0999984741211,0.0,12612.0
08172025_22_6LapsAndWeirdCurrData.parquet,-2.21,2176.0,455.0,0.0,11.600000381469727,106.70000457763672,0.149993896484375,12.93050765991211,104.5,0.0,1237.7200927734375
08172025_22_6LapsAndWeirdCurrData.parquet,-2.21,1397.0,1139.0,11700.0,120.0,105.0999984741211,0.48999786376953125,4.083315372467041,105.0999984741211,0.0,12612.0
08172025_22_6LapsAndWeirdCurrData.parquet,-2.21,1311.0,902.0,7538.0,68.70000457763672,106.0999984741211,0.5400009155273438,7.860274791717529,106.0999984741211,0.0,7289.0703125
08172025_22_6LapsAndWeirdCurrData.parquet,-2.21,0.0,443.0,0.0,2.200000047683716,109.0999984741211,0.25,113.63636016845703,109.0,0.0,240.02000427246094
08172025_22_6LapsAndWeirdCurrData.parquet,-2.2,1397.0,1139.0,11700.0,119.5,105.0999984741211,0.48999786376953125,4.100400447845459,105.0999984741211,0.0,12559.4501953125
08172025_22_6LapsAndWeirdCurrData.parquet,-2.2,2141.0,455.0,0.0,8.300000190734863,106.70000457763672,0.149993896484375,18.071552276611328,104.5,0.0,885.6100463867188
08172025_22_6LapsAndWeirdCurrData.parquet,-2.2,1311.0,902.0,7538.0,68.70000457763672,106.0999984741211,0.45999908447265625,6.695765018463135,106.0999984741211,0.0,7289.0703125
08172025_22_6LapsAndWeirdCurrData.parquet,-2.2,0.0,444.0,0.0,2.200000047683716,109.0999984741211,0.25,113.63636016845703,109.0,0.0,240.02000427246094
08172025_22_6LapsAndWeirdCurrData.parquet,-2.19,1415.0,1139.0,11700.0,119.5,105.0999984741211,0.48999786376953125,4.100400447845459,105.0999984741211,0.0,12559.4501953125
08172025_22_6LapsAndWeirdCurrData.parquet,-2.19,2141.0,455.0,0.0,8.300000190734863,106.70000457763672,0.149993896484375,18.071552276611328,104.5,0.0,885.6100463867188
08172025_22_6LapsAndWeirdCurrData.parquet,-2.19,1317.0,902.0,7919.0,68.70000457763672,106.0999984741211,0.45999908447265625,6.695765018463135,106.0999984741211,0.0,7289.0703125
08172025_22_6LapsAndWeirdCurrData.parquet,-2.19,0.0,444.0,0.0,2.200000047683716,109.0999984741211,0.25,113.63636016845703,109.0,0.0,240.02000427246094
08172025_22_6LapsAndWeirdCurrData.parquet,-2.18,1415.0,1139.0,11593.0,119.5,105.0999984741211,0.48999786376953125,4.100400447845459,105.0999984741211,0.0,12559.4501953125
08172025_22_6LapsAndWeirdCurrData.parquet,-2.18,1317.0,902.0,7919.0,68.70000457763672,106.0999984741211,0.45999908447265625,6.695765018463135,106.0999984741211,0.0,7289.0703125
08172025_22_6LapsAndWeirdCurrData.parquet,-2.18,2141.0,455.0,0.0,8.300000190734863,106.70000457763672,0.149993896484375,18.071552276611328,104.5,0.0,885.6100463867188
08172025_22_6LapsAndWeirdCurrData.parquet,-2.18,0.0,444.0,0.0,2.200000047683716,109.0999984741211,0.25,113.63636016845703,109.0,0.0,240.02000427246094
08172025_22_6LapsAndWeirdCurrData.parquet,-2.17,1326.0,902.0,7919.0,68.70000457763672,106.0999984741211,0.45999908447265625,6.695765018463135,106.0999984741211,0.0,7289.0703125
08172025_22_6LapsAndWeirdCurrData.parquet,-2.17,1444.0,1139.0,11593.0,119.5,105.0999984741211,0.48999786376953125,4.100400447845459,105.0999984741211,0.0,12559.4501953125
08172025_22_6LapsAndWeirdCurrData.parquet,-2.17,0.0,444.0,0.0,2.200000047683716,109.0999984741211,0.25,113.63636016845703,109.0,0.0,240.02000427246094
08172025_22_6LapsAndWeirdCurrData.parquet,-2.17,2128.0,455.0,0.0,8.300000190734863,106.70000457763672,0.149993896484375,18.071552276611328,104.5,0.0,885.6100463867188
08172025_22_6LapsAndWeirdCurrData.parquet,-2.16,2128.0,455.0,0.0,7.300000190734863,106.70000457763672,0.149993896484375,20.547109603881836,104.5,0.0,778.9100341796875
08172025_22_6LapsAndWeirdCurrData.parquet,-2.16,1444.0,1139.0,11593.0,120.4000015258789,105.0,0.589996337890625,4.900301933288574,105.0,-0.09999847412109375,12642.0
08172025_22_6LapsAndWeirdCurrData.parquet,-2.16,0.0,444.0,0.0,2.200000047683716,109.0999984741211,0.25,113.63636016845703,109.0,0.0,240.02000427246094
08172025_22_6LapsAndWeirdCurrData.parquet,-2.16,1326.0,902.0,7919.0,71.70000457763672,105.9000015258789,0.6599960327148438,9.204964637756348,105.9000015258789,-0.1999969482421875,7593.03076171875
08172025_22_6LapsAndWeirdCurrData.parquet,-2.15,0.0,444.0,0.0,2.200000047683716,109.0999984741211,0.25,113.63636016845703,109.0,0.0,240.02000427246094
08172025_22_6LapsAndWeirdCurrData.parquet,-2.15,2059.0,455.0,0.0,7.300000190734863,106.70000457763672,0.149993896484375,20.547109603881836,104.5,0.0,778.9100341796875
08172025_22_6LapsAndWeirdCurrData.parquet,-2.15,1456.0,1139.0,11593.0,120.4000015258789,105.0,0.589996337890625,4.900301933288574,105.0,0.0,12642.0
08172025_22_6LapsAndWeirdCurrData.parquet,-2.15,1326.0,902.0,7919.0,71.70000457763672,105.9000015258789,0.6599960327148438,9.204964637756348,105.9000015258789,0.0,7593.03076171875
08172025_22_6LapsAndWeirdCurrData.parquet,-2.14,2059.0,455.0,0.0,7.300000190734863,106.70000457763672,0.149993896484375,20.547109603881836,104.5,0.0,778.9100341796875
08172025_22_6LapsAndWeirdCurrData.parquet,-2.14,0.0,444.0,0.0,2.299999952316284,109.0999984741211,0.25,108.6956558227539,109.0,0.0,250.92999267578125
08172025_22_6LapsAndWeirdCurrData.parquet,-2.14,1456.0,1139.0,11258.0,120.4000015258789,105.0,0.589996337890625,4.900301933288574,105.0,0.0,12642.0
08172025_22_6LapsAndWeirdCurrData.parquet,-2.14,1326.0,902.0,7919.0,71.70000457763672,105.9000015258789,0.6599960327148438,9.204964637756348,105.9000015258789,0.0,7593.03076171875
08172025_22_6LapsAndWeirdCurrData.parquet,-2.13,1334.0,902.0,7919.0,71.70000457763672,105.9000015258789,0.6599960327148438,9.204964637756348,105.9000015258789,0.0,7593.03076171875
08172025_22_6LapsAndWeirdCurrData.parquet,-2.13,1465.0,1139.0,11258.0,120.4000015258789,105.0,0.589996337890625,4.900301933288574,105.0,0.0,12642.0
08172025_22_6LapsAndWeirdCurrData.parquet,-2.13,0.0,444.0,0.0,2.299999952316284,109.0999984741211,0.25,108.6956558227539,109.0,0.0,250.92999267578125
08172025_22_6LapsAndWeirdCurrData.parquet,-2.13,1959.0,455.0,0.0,7.300000190734863,106.70000457763672,0.149993896484375,20.547109603881836,104.5,0.0,778.9100341796875
08172025_22_6LapsAndWeirdCurrData.parquet,-2.12,1959.0,455.0,0.0,6.599999904632568,106.80000305175781,0.04999542236328125,7.575064182281494,104.5,0.09999847412109375,704.8800048828125
08172025_22_6LapsAndWeirdCurrData.parquet,-2.12,1465.0,1104.0,11258.0,120.80000305175781,105.0,0.589996337890625,4.884075164794922,105.0,0.0,12684.0
08172025_22_6LapsAndWeirdCurrData.parquet,-2.12,1334.0,902.0,7919.0,73.4000015258789,106.0,0.55999755859375,7.62939453125,105.9000015258789,0.09999847412109375,7780.400390625
08172025_22_6LapsAndWeirdCurrData.parquet,-2.12,0.0,444.0,0.0,2.299999952316284,109.0999984741211,0.25,108.6956558227539,109.0,0.0,250.92999267578125
08172025_22_6LapsAndWeirdCurrData.parquet,-2.11,0.0,444.0,0.0,2.299999952316284,109.0999984741211,0.25,108.6956558227539,109.0,0.0,250.92999267578125
08172025_22_6LapsAndWeirdCurrData.parquet,-2.11,1972.0,455.0,0.0,6.599999904632568,106.80000305175781,0.04999542236328125,7.575064182281494,104.5,0.0,704.8800048828125
08172025_22_6LapsAndWeirdCurrData.parquet,-2.11,1465.0,1104.0,11258.0,120.80000305175781,105.0,0.589996337890625,4.884075164794922,105.0,0.0,12684.0
08172025_22_6LapsAndWeirdCurrData.parquet,-2.11,1334.0,902.0,7676.0,73.4000015258789,106.0,0.55999755859375,7.62939453125,105.9000015258789,0.0,7780.400390625
08172025_22_6LapsAndWeirdCurrData.parquet,-2.1,1972.0,455.0,0.0,6.599999904632568,106.80000305175781,0.12999725341796875,19.69655418395996,104.5,0.0,704.8800048828125
08172025_22_6LapsAndWeirdCurrData.parquet,-2.1,1448.0,1104.0,10890.0,120.80000305175781,105.0,0.589996337890625,4.884075164794922,105.0,0.0,12684.0
08172025_22_6LapsAndWeirdCurrData.parquet,-2.1,0.0,443.0,0.0,2.299999952316284,109.0999984741211,0.25,108.6956558227539,109.0,0.0,250.92999267578125
08172025_22_6LapsAndWeirdCurrData.parquet,-2.1,1334.0,902.0,7676.0,73.4000015258789,106.0,0.55999755859375,7.62939453125,105.9000015258789,0.0,7780.400390625
08172025_22_6LapsAndWeirdCurrData.parquet,-2.09,0.0,443.0,0.0,2.299999952316284,109.0999984741211,0.25,108.6956558227539,109.0,0.0,250.92999267578125
08172025_22_6LapsAndWeirdCurrData.parquet,-2.09,2141.0,455.0,0.0,6.599999904632568,106.80000305175781,0.12999725341796875,19.69655418395996,104.5,0.0,704.8800048828125
08172025_22_6LapsAndWeirdCurrData.parquet,-2.09,1334.0,902.0,7676.0,73.4000015258789,106.0,0.55999755859375,7.62939453125,105.9000015258789,0.0,7780.400390625
08172025_22_6LapsAndWeirdCurrData.parquet,-2.09,1448.0,1104.0,10890.0,120.80000305175781,105.0,0.589996337890625,4.884075164794922,105.0,0.0,12684.0
08172025_22_6LapsAndWeirdCurrData.parquet,-2.08,1453.0,1104.0,10890.0,120.80000305175781,105.0,0.5400009155273438,4.470206260681152,105.0,0.0,12684.0
08172025_22_6LapsAndWeirdCurrData.parquet,-2.08,1350.0,902.0,7676.0,74.5,106.0,0.55999755859375,7.5167460441589355,105.9000015258789,0.0,7897.0
08172025_22_6LapsAndWeirdCurrData.parquet,-2.08,2141.0,455.0,0.0,5.900000095367432,106.80000305175781,0.12999725341796875,22.033432006835938,104.5,0.0,630.1200561523438
08172025_22_6LapsAndWeirdCurrData.parquet,-2.08,0.0,443.0,0.0,2.299999952316284,109.0999984741211,0.25,108.6956558227539,109.0,0.0,250.92999267578125
08172025_22_6LapsAndWeirdCurrData.parquet,-2.07,0.0,443.0,0.0,2.299999952316284,109.0999984741211,0.25,108.6956558227539,109.0,0.0,250.92999267578125
08172025_22_6LapsAndWeirdCurrData.parquet,-2.07,1453.0,1104.0,10890.0,120.80000305175781,105.0,0.5400009155273438,4.470206260681152,105.0,0.0,12684.0
08172025_22_6LapsAndWeirdCurrData.parquet,-2.07,1350.0,902.0,7764.0,74.5,106.0,0.55999755859375,7.5167460441589355,105.9000015258789,0.0,7897.0
08172025_22_6LapsAndWeirdCurrData.parquet,-2.07,2144.0,455.0,0.0,5.900000095367432,106.80000305175781,0.12999725341796875,22.033432006835938,104.5,0.0,630.1200561523438
08172025_22_6LapsAndWeirdCurrData.parquet,-2.06,1469.0,1104.0,10799.0,120.80000305175781,105.0,0.5400009155273438,4.470206260681152,105.0,0.0,12684.0
08172025_22_6LapsAndWeirdCurrData.parquet,-2.06,0.0,443.0,0.0,2.299999952316284,109.0999984741211,0.25,108.6956558227539,109.0,0.0,250.92999267578125
08172025_22_6LapsAndWeirdCurrData.parquet,-2.06,2144.0,455.0,0.0,5.900000095367432,106.80000305175781,0.12999725341796875,22.033432006835938,104.5,0.0,630.1200561523438
08172025_22_6LapsAndWeirdCurrData.parquet,-2.06,1350.0,902.0,7764.0,74.5,106.0,0.55999755859375,7.5167460441589355,105.9000015258789,0.0,7897.0
08172025_22_6LapsAndWeirdCurrData.parquet,-2.05,1362.0,927.0,7764.0,74.5,106.0,0.55999755859375,7.5167460441589355,105.9000015258789,0.0,7897.0
08172025_22_6LapsAndWeirdCurrData.parquet,-2.05,1469.0,1104.0,10799.0,120.80000305175781,105.0,0.5400009155273438,4.470206260681152,105.0,0.0,12684.0
08172025_22_6LapsAndWeirdCurrData.parquet,-2.05,2144.0,455.0,0.0,5.900000095367432,106.80000305175781,0.12999725341796875,22.033432006835938,104.5,0.0,630.1200561523438
08172025_22_6LapsAndWeirdCurrData.parquet,-2.05,0.0,443.0,0.0,2.299999952316284,109.0999984741211,0.25,108.6956558227539,109.0,0.0,250.92999267578125
08172025_22_6LapsAndWeirdCurrData.parquet,-2.04,2144.0,455.0,0.0,6.0,106.80000305175781,0.12999725341796875,21.666208267211914,104.5,0.0,640.800048828125
08172025_22_6LapsAndWeirdCurrData.parquet,-2.04,1362.0,927.0,7764.0,74.5,106.0,0.55999755859375,7.5167460441589355,105.9000015258789,0.0,7897.0
08172025_22_6LapsAndWeirdCurrData.parquet,-2.04,1506.0,1104.0,10799.0,118.30000305175781,105.0999984741211,0.44000244140625,3.7193779945373535,105.0,0.09999847412109375,12433.330078125
08172025_22_6LapsAndWeirdCurrData.parquet,-2.04,0.0,443.0,0.0,2.299999952316284,109.0999984741211,0.25,108.6956558227539,109.0,0.0,250.92999267578125
08172025_22_6LapsAndWeirdCurrData.parquet,-2.03,1362.0,927.0,7767.0,75.70000457763672,105.9000015258789,0.6599960327148438,8.718573570251465,105.9000015258789,-0.09999847412109375,8016.63037109375
08172025_22_6LapsAndWeirdCurrData.parquet,-2.03,2144.0,455.0,0.0,6.0,106.80000305175781,0.12999725341796875,21.666208267211914,104.5,0.0,640.800048828125
08172025_22_6LapsAndWeirdCurrData.parquet,-2.03,1506.0,1104.0,10799.0,118.30000305175781,105.0999984741211,0.44000244140625,3.7193779945373535,105.0,0.0,12433.330078125
08172025_22_6LapsAndWeirdCurrData.parquet,-2.03,0.0,443.0,0.0,2.299999952316284,109.0999984741211,0.25,108.6956558227539,109.0,0.0,250.92999267578125
08172025_22_6LapsAndWeirdCurrData.parquet,-2.02,1362.0,927.0,7767.0,75.70000457763672,105.9000015258789,0.6599960327148438,8.718573570251465,105.9000015258789,0.0,8016.63037109375
08172025_22_6LapsAndWeirdCurrData.parquet,-2.02,1833.0,455.0,0.0,6.0,106.80000305175781,0.12999725341796875,21.666208267211914,104.5,0.0,640.800048828125
08172025_22_6LapsAndWeirdCurrData.parquet,-2.02,0.0,443.0,0.0,2.299999952316284,109.0999984741211,0.25,108.6956558227539,109.0,0.0,250.92999267578125
08172025_22_6LapsAndWeirdCurrData.parquet,-2.02,1506.0,1100.0,10949.0,118.30000305175781,105.0999984741211,0.44000244140625,3.7193779945373535,105.0,0.0,12433.330078125
08172025_22_6LapsAndWeirdCurrData.parquet,-2.01,1833.0,455.0,0.0,6.0,106.80000305175781,0.12999725341796875,21.666208267211914,104.5,0.0,640.800048828125
08172025_22_6LapsAndWeirdCurrData.parquet,-2.01,0.0,443.0,0.0,2.299999952316284,109.0,0.34999847412109375,152.17324829101562,109.0,-0.09999847412109375,250.6999969482422
08172025_22_6LapsAndWeirdCurrData.parquet,-2.01,1506.0,1100.0,10949.0,118.30000305175781,105.0999984741211,0.44000244140625,3.7193779945373535,105.0,0.0,12433.330078125
08172025_22_6LapsAndWeirdCurrData.parquet,-2.01,1362.0,927.0,7767.0,75.70000457763672,105.9000015258789,0.6599960327148438,8.718573570251465,105.9000015258789,0.0,8016.63037109375
08172025_22_6LapsAndWeirdCurrData.parquet,-2.0,1834.0,455.0,0.0,5.700000286102295,106.80000305175781,0.12999725341796875,22.806533813476562,105.30000305175781,0.0,608.7600708007812
08172025_22_6LapsAndWeirdCurrData.parquet,-2.0,1362.0,927.0,7767.0,75.70000457763672,105.9000015258789,0.37999725341796875,5.019778251647949,105.9000015258789,0.0,8016.63037109375
08172025_22_6LapsAndWeirdCurrData.parquet,-2.0,0.0,443.0,0.0,2.299999952316284,109.0,0.34999847412109375,152.17324829101562,109.0,0.0,250.6999969482422
08172025_22_6LapsAndWeirdCurrData.parquet,-2.0,1537.0,1100.0,10949.0,119.20000457763672,105.0,0.5400009155273438,4.530208587646484,105.0,-0.09999847412109375,12516.0
08172025_22_6LapsAndWeirdCurrData.parquet,-1.99,0.0,443.0,0.0,2.299999952316284,109.0,0.34999847412109375,152.17324829101562,109.0,0.0,250.6999969482422
08172025_22_6LapsAndWeirdCurrData.parquet,-1.99,1834.0,455.0,0.0,5.700000286102295,106.80000305175781,0.12999725341796875,22.806533813476562,105.30000305175781,0.0,608.7600708007812
08172025_22_6LapsAndWeirdCurrData.parquet,-1.99,1367.0,927.0,7736.0,76.70000457763672,105.9000015258789,0.37999725341796875,4.954331398010254,105.9000015258789,0.0,8122.53076171875
08172025_22_6LapsAndWeirdCurrData.parquet,-1.99,1537.0,1100.0,10949.0,119.20000457763672,105.0,0.5400009155273438,4.530208587646484,105.0,0.0,12516.0
08172025_22_6LapsAndWeirdCurrData.parquet,-1.98,2007.0,455.0,0.0,5.700000286102295,106.80000305175781,0.12999725341796875,22.806533813476562,105.30000305175781,0.0,608.7600708007812
08172025_22_6LapsAndWeirdCurrData.parquet,-1.98,0.0,443.0,0.0,2.299999952316284,109.0999984741211,0.25,108.6956558227539,109.0,0.09999847412109375,250.92999267578125
08172025_22_6LapsAndWeirdCurrData.parquet,-1.98,1367.0,927.0,7736.0,76.70000457763672,105.9000015258789,0.37999725341796875,4.954331398010254,105.9000015258789,0.0,8122.53076171875
08172025_22_6LapsAndWeirdCurrData.parquet,-1.98,1537.0,1100.0,10678.0,119.20000457763672,105.0,0.5400009155273438,4.530208587646484,105.0,0.0,12516.0
08172025_22_6LapsAndWeirdCurrData.parquet,-1.97,2007.0,455.0,0.0,5.700000286102295,106.80000305175781,0.12999725341796875,22.806533813476562,105.30000305175781,0.0,608.7600708007812
08172025_22_6LapsAndWeirdCurrData.parquet,-1.97,0.0,443.0,0.0,2.299999952316284,109.0999984741211,0.25,108.6956558227539,109.0,0.0,250.92999267578125
08172025_22_6LapsAndWeirdCurrData.parquet,-1.97,1391.0,927.0,7736.0,76.70000457763672,105.9000015258789,0.37999725341796875,4.954331398010254,105.9000015258789,0.0,8122.53076171875
08172025_22_6LapsAndWeirdCurrData.parquet,-1.97,1528.0,1100.0,10678.0,119.20000457763672,105.0,0.5400009155273438,4.530208587646484,105.0,0.0,12516.0
08172025_22_6LapsAndWeirdCurrData.parquet,-1.96,0.0,443.0,0.0,2.299999952316284,109.0999984741211,0.25,108.6956558227539,109.0,0.0,250.92999267578125
08172025_22_6LapsAndWeirdCurrData.parquet,-1.96,2095.0,455.0,0.0,5.300000190734863,106.80000305175781,0.12999725341796875,24.527782440185547,106.0999984741211,0.0,566.0400390625
08172025_22_6LapsAndWeirdCurrData.parquet,-1.96,1391.0,927.0,7736.0,76.70000457763672,105.9000015258789,0.37999725341796875,4.954331398010254,105.9000015258789,0.0,8122.53076171875
08172025_22_6LapsAndWeirdCurrData.parquet,-1.96,1528.0,1100.0,10678.0,119.20000457763672,105.0,0.5400009155273438,4.530208587646484,105.0,0.0,12516.0
08172025_22_6LapsAndWeirdCurrData.parquet,-1.95,0.0,443.0,0.0,2.299999952316284,109.0999984741211,0.25,108.6956558227539,109.0,0.0,250.92999267578125
08172025_22_6LapsAndWeirdCurrData.parquet,-1.95,2093.0,455.0,0.0,5.300000190734863,106.80000305175781,0.12999725341796875,24.527782440185547,106.0999984741211,0.0,566.0400390625
08172025_22_6LapsAndWeirdCurrData.parquet,-1.95,1391.0,927.0,7736.0,77.5,105.80000305175781,0.4799957275390625,6.193492889404297,105.80000305175781,-0.09999847412109375,8199.5
08172025_22_6LapsAndWeirdCurrData.parquet,-1.95,1514.0,1100.0,10678.0,118.5999984741211,105.0999984741211,0.44000244140625,3.709969997406006,105.0,0.09999847412109375,12464.859375
08172025_22_6LapsAndWeirdCurrData.parquet,-1.94,1514.0,1100.0,10568.0,118.5999984741211,105.0999984741211,0.44000244140625,3.709969997406006,105.0,0.0,12464.859375
08172025_22_6LapsAndWeirdCurrData.parquet,-1.94,0.0,444.0,0.0,2.299999952316284,109.0999984741211,0.25,108.6956558227539,109.0,0.0,250.92999267578125
08172025_22_6LapsAndWeirdCurrData.parquet,-1.94,2093.0,455.0,0.0,5.300000190734863,106.80000305175781,0.12999725341796875,24.527782440185547,106.0999984741211,0.0,566.0400390625
08172025_22_6LapsAndWeirdCurrData.parquet,-1.94,1391.0,927.0,7736.0,77.5,105.80000305175781,0.4799957275390625,6.193492889404297,105.80000305175781,0.0,8199.5
08172025_22_6LapsAndWeirdCurrData.parquet,-1.93,1514.0,1100.0,10568.0,118.5999984741211,105.0999984741211,0.44000244140625,3.709969997406006,105.0,0.0,12464.859375
08172025_22_6LapsAndWeirdCurrData.parquet,-1.93,2093.0,455.0,0.0,5.300000190734863,106.80000305175781,0.12999725341796875,24.527782440185547,106.0999984741211,0.0,566.0400390625
08172025_22_6LapsAndWeirdCurrData.parquet,-1.93,1384.0,927.0,7736.0,77.5,105.80000305175781,0.4799957275390625,6.193492889404297,105.80000305175781,0.0,8199.5
08172025_22_6LapsAndWeirdCurrData.parquet,-1.93,0.0,444.0,0.0,2.299999952316284,109.0999984741211,0.25,108.6956558227539,109.0,0.0,250.92999267578125
08172025_22_6LapsAndWeirdCurrData.parquet,-1.92,2084.0,455.0,224.0,5.300000190734863,106.80000305175781,0.12999725341796875,24.527782440185547,106.0999984741211,0.0,566.0400390625
08172025_22_6LapsAndWeirdCurrData.parquet,-1.92,1384.0,927.0,7736.0,77.5,105.80000305175781,0.4799957275390625,6.193492889404297,105.80000305175781,0.0,8199.5
08172025_22_6LapsAndWeirdCurrData.parquet,-1.92,0.0,444.0,0.0,2.299999952316284,109.0999984741211,0.25,108.6956558227539,109.0,0.0,250.92999267578125
08172025_22_6LapsAndWeirdCurrData.parquet,-1.92,1514.0,1091.0,10568.0,118.5999984741211,105.0999984741211,0.44000244140625,3.709969997406006,105.0,0.0,12464.859375
08172025_22_6LapsAndWeirdCurrData.parquet,-1.91,1396.0,927.0,7124.0,77.70000457763672,105.9000015258789,0.37999725341796875,4.890569686889648,105.80000305175781,0.09999847412109375,8228.4306640625
08172025_22_6LapsAndWeirdCurrData.parquet,-1.91,2084.0,455.0,224.0,5.400000095367432,106.80000305175781,0.12999725341796875,24.073564529418945,106.0999984741211,0.0,576.7200317382812
08172025_22_6LapsAndWeirdCurrData.parquet,-1.91,1514.0,1091.0,10568.0,118.5999984741211,105.0999984741211,0.44000244140625,3.709969997406006,105.0,0.0,12464.859375
08172025_22_6LapsAndWeirdCurrData.parquet,-1.91,0.0,444.0,0.0,2.299999952316284,109.0999984741211,0.25,108.6956558227539,109.0,0.0,250.92999267578125
08172025_22_6LapsAndWeirdCurrData.parquet,-1.9,1514.0,1091.0,10898.0,118.5999984741211,105.0999984741211,0.44000244140625,3.709969997406006,105.0,0.0,12464.859375
08172025_22_6LapsAndWeirdCurrData.parquet,-1.9,0.0,444.0,0.0,2.299999952316284,109.0999984741211,0.25,108.6956558227539,109.0,0.0,250.92999267578125
08172025_22_6LapsAndWeirdCurrData.parquet,-1.9,2084.0,455.0,224.0,5.400000095367432,106.80000305175781,0.1699981689453125,31.481143951416016,106.0999984741211,0.0,576.7200317382812
08172025_22_6LapsAndWeirdCurrData.parquet,-1.9,1396.0,927.0,7124.0,77.70000457763672,105.9000015258789,0.30999755859375,3.9896721839904785,105.80000305175781,0.0,8228.4306640625
08172025_22_6LapsAndWeirdCurrData.parquet,-1.89,2087.0,455.0,224.0,5.400000095367432,106.80000305175781,0.1699981689453125,31.481143951416016,106.0999984741211,0.0,576.7200317382812
08172025_22_6LapsAndWeirdCurrData.parquet,-1.89,1514.0,1091.0,10898.0,118.5999984741211,105.0999984741211,0.44000244140625,3.709969997406006,105.0,0.0,12464.859375
08172025_22_6LapsAndWeirdCurrData.parquet,-1.89,0.0,444.0,0.0,2.299999952316284,109.0999984741211,0.25,108.6956558227539,109.0,0.0,250.92999267578125
08172025_22_6LapsAndWeirdCurrData.parquet,-1.89,1413.0,927.0,7124.0,77.70000457763672,105.9000015258789,0.30999755859375,3.9896721839904785,105.80000305175781,0.0,8228.4306640625
08172025_22_6LapsAndWeirdCurrData.parquet,-1.88,0.0,444.0,0.0,2.299999952316284,109.0999984741211,0.25,108.6956558227539,109.0,0.0,250.92999267578125
08172025_22_6LapsAndWeirdCurrData.parquet,-1.88,1579.0,1091.0,10898.0,118.5999984741211,105.0999984741211,0.37000274658203125,3.119753360748291,105.0,0.0,12464.859375
08172025_22_6LapsAndWeirdCurrData.parquet,-1.88,1413.0,927.0,7124.0,77.70000457763672,105.9000015258789,0.30999755859375,3.9896721839904785,105.80000305175781,0.0,8228.4306640625
08172025_22_6LapsAndWeirdCurrData.parquet,-1.88,2087.0,455.0,373.0,5.400000095367432,106.80000305175781,0.1699981689453125,31.481143951416016,106.5999984741211,0.0,576.7200317382812
08172025_22_6LapsAndWeirdCurrData.parquet,-1.87,1579.0,1091.0,10898.0,119.4000015258789,104.9000015258789,0.5699996948242188,4.773866653442383,104.9000015258789,-0.1999969482421875,12525.060546875
08172025_22_6LapsAndWeirdCurrData.parquet,-1.87,2096.0,455.0,373.0,5.700000286102295,106.80000305175781,0.1699981689453125,29.824237823486328,106.5999984741211,0.0,608.7600708007812
08172025_22_6LapsAndWeirdCurrData.parquet,-1.87,1406.0,927.0,6975.0,76.5,106.0,0.20999908447265625,2.745086193084717,105.80000305175781,0.09999847412109375,8109.0
08172025_22_6LapsAndWeirdCurrData.parquet,-1.87,0.0,444.0,0.0,2.299999952316284,109.0999984741211,0.25,108.6956558227539,109.0,0.0,250.92999267578125
08172025_22_6LapsAndWeirdCurrData.parquet,-1.86,2096.0,455.0,373.0,5.700000286102295,106.80000305175781,0.1699981689453125,29.824237823486328,106.5999984741211,0.0,608.7600708007812
08172025_22_6LapsAndWeirdCurrData.parquet,-1.86,1406.0,927.0,6975.0,76.5,106.0,0.20999908447265625,2.745086193084717,105.80000305175781,0.0,8109.0
08172025_22_6LapsAndWeirdCurrData.parquet,-1.86,1590.0,1091.0,10879.0,119.4000015258789,104.9000015258789,0.5699996948242188,4.773866653442383,104.9000015258789,0.0,12525.060546875
08172025_22_6LapsAndWeirdCurrData.parquet,-1.86,0.0,444.0,0.0,2.299999952316284,109.0999984741211,0.25,108.6956558227539,109.0,0.0,250.92999267578125
08172025_22_6LapsAndWeirdCurrData.parquet,-1.85,1406.0,887.0,6975.0,76.5,106.0,0.20999908447265625,2.745086193084717,105.80000305175781,0.0,8109.0
08172025_22_6LapsAndWeirdCurrData.parquet,-1.85,2110.0,455.0,373.0,5.700000286102295,106.80000305175781,0.1699981689453125,29.824237823486328,106.5999984741211,0.0,608.7600708007812
08172025_22_6LapsAndWeirdCurrData.parquet,-1.85,0.0,444.0,0.0,2.299999952316284,109.0999984741211,0.25,108.6956558227539,109.0,0.0,250.92999267578125
08172025_22_6LapsAndWeirdCurrData.parquet,-1.85,1590.0,1091.0,10879.0,119.4000015258789,104.9000015258789,0.5699996948242188,4.773866653442383,104.9000015258789,0.0,12525.060546875
08172025_22_6LapsAndWeirdCurrData.parquet,-1.84,0.0,443.0,0.0,2.299999952316284,109.0999984741211,0.25,108.6956558227539,109.0,0.0,250.92999267578125
08172025_22_6LapsAndWeirdCurrData.parquet,-1.84,2110.0,455.0,373.0,5.700000286102295,106.80000305175781,0.1699981689453125,29.824237823486328,106.70000457763672,0.0,608.7600708007812
08172025_22_6LapsAndWeirdCurrData.parquet,-1.84,1585.0,1091.0,10879.0,119.4000015258789,104.9000015258789,0.5699996948242188,4.773866653442383,104.9000015258789,0.0,12525.060546875
08172025_22_6LapsAndWeirdCurrData.parquet,-1.84,1406.0,887.0,6975.0,76.5,106.0,0.20999908447265625,2.745086193084717,105.80000305175781,0.0,8109.0
08172025_22_6LapsAndWeirdCurrData.parquet,-1.83,1585.0,1091.0,10879.0,120.9000015258789,104.9000015258789,0.5699996948242188,4.714637756347656,104.9000015258789,0.0,12682.41015625
08172025_22_6LapsAndWeirdCurrData.parquet,-1.83,0.0,443.0,0.0,2.299999952316284,109.0999984741211,0.25,108.6956558227539,109.0,0.0,250.92999267578125
08172025_22_6LapsAndWeirdCurrData.parquet,-1.83,1423.0,887.0,7131.0,76.5,106.0,0.20999908447265625,2.745086193084717,105.80000305175781,0.0,8109.0
08172025_22_6LapsAndWeirdCurrData.parquet,-1.83,2136.0,455.0,373.0,6.5,106.70000457763672,0.26999664306640625,41.53794479370117,106.70000457763672,-0.09999847412109375,693.550048828125
08172025_22_6LapsAndWeirdCurrData.parquet,-1.82,0.0,443.0,0.0,2.299999952316284,109.0999984741211,0.25,108.6956558227539,109.0,0.0,250.92999267578125
08172025_22_6LapsAndWeirdCurrData.parquet,-1.82,2136.0,455.0,373.0,6.5,106.70000457763672,0.26999664306640625,41.53794479370117,106.70000457763672,0.0,693.550048828125
08172025_22_6LapsAndWeirdCurrData.parquet,-1.82,1585.0,1087.0,10665.0,120.9000015258789,104.9000015258789,0.5699996948242188,4.714637756347656,104.9000015258789,0.0,12682.41015625
08172025_22_6LapsAndWeirdCurrData.parquet,-1.82,1423.0,887.0,7131.0,75.0999984741211,106.0999984741211,0.1100006103515625,1.464721918106079,105.80000305175781,0.09999847412109375,7968.10986328125
08172025_22_6LapsAndWeirdCurrData.parquet,-1.81,0.0,443.0,0.0,2.200000047683716,109.0999984741211,0.25,113.63636016845703,109.0,0.0,240.02000427246094
08172025_22_6LapsAndWeirdCurrData.parquet,-1.81,1585.0,1087.0,10665.0,120.9000015258789,104.9000015258789,0.5699996948242188,4.714637756347656,104.9000015258789,0.0,12682.41015625
08172025_22_6LapsAndWeirdCurrData.parquet,-1.81,2146.0,455.0,373.0,6.5,106.70000457763672,0.26999664306640625,41.53794479370117,106.70000457763672,0.0,693.550048828125
08172025_22_6LapsAndWeirdCurrData.parquet,-1.81,1423.0,887.0,7131.0,75.0999984741211,106.0999984741211,0.1100006103515625,1.464721918106079,105.80000305175781,0.0,7968.10986328125
08172025_22_6LapsAndWeirdCurrData.parquet,-1.8,1579.0,1087.0,10665.0,120.9000015258789,104.9000015258789,0.5699996948242188,4.714637756347656,104.9000015258789,0.0,12682.41015625
08172025_22_6LapsAndWeirdCurrData.parquet,-1.8,0.0,443.0,0.0,2.200000047683716,109.0999984741211,0.25,113.63636016845703,109.0,0.0,240.02000427246094
08172025_22_6LapsAndWeirdCurrData.parquet,-1.8,2146.0,455.0,462.0,6.5,106.70000457763672,0.26999664306640625,41.53794479370117,106.70000457763672,0.0,693.550048828125
08172025_22_6LapsAndWeirdCurrData.parquet,-1.8,1422.0,887.0,7131.0,75.0999984741211,106.0999984741211,0.1100006103515625,1.464721918106079,105.80000305175781,0.0,7968.10986328125
08172025_22_6LapsAndWeirdCurrData.parquet,-1.79,0.0,443.0,0.0,2.200000047683716,109.0999984741211,0.25,113.63636016845703,109.0,0.0,240.02000427246094
08172025_22_6LapsAndWeirdCurrData.parquet,-1.79,2097.0,455.0,462.0,7.700000286102295,106.70000457763672,0.26999664306640625,35.06449508666992,106.70000457763672,0.0,821.590087890625
08172025_22_6LapsAndWeirdCurrData.parquet,-1.79,1579.0,1087.0,10665.0,121.5999984741211,104.9000015258789,0.5699996948242188,4.687497615814209,104.9000015258789,0.0,12755.83984375
08172025_22_6LapsAndWeirdCurrData.parquet,-1.79,1422.0,887.0,7071.0,75.0999984741211,106.0999984741211,0.1100006103515625,1.464721918106079,105.80000305175781,0.0,7968.10986328125
08172025_22_6LapsAndWeirdCurrData.parquet,-1.78,0.0,443.0,0.0,2.200000047683716,109.0999984741211,0.25,113.63636016845703,109.0,0.0,240.02000427246094
08172025_22_6LapsAndWeirdCurrData.parquet,-1.78,1434.0,887.0,7071.0,75.0999984741211,106.0,0.20999908447265625,2.7962594032287598,105.80000305175781,-0.09999847412109375,7960.599609375
08172025_22_6LapsAndWeirdCurrData.parquet,-1.78,1579.0,1087.0,10985.0,121.5999984741211,104.9000015258789,0.5499954223632812,4.522988796234131,104.9000015258789,0.0,12755.83984375
08172025_22_6LapsAndWeirdCurrData.parquet,-1.78,2097.0,455.0,462.0,7.700000286102295,106.70000457763672,0.26999664306640625,35.06449508666992,106.70000457763672,0.0,821.590087890625
08172025_22_6LapsAndWeirdCurrData.parquet,-1.77,2097.0,455.0,462.0,7.700000286102295,106.70000457763672,0.26999664306640625,35.06449508666992,106.70000457763672,0.0,821.590087890625
08172025_22_6LapsAndWeirdCurrData.parquet,-1.77,1434.0,887.0,7071.0,75.0999984741211,106.0,0.20999908447265625,2.7962594032287598,105.80000305175781,0.0,7960.599609375
08172025_22_6LapsAndWeirdCurrData.parquet,-1.77,1614.0,1087.0,10985.0,121.5999984741211,104.9000015258789,0.5499954223632812,4.522988796234131,104.9000015258789,0.0,12755.83984375
08172025_22_6LapsAndWeirdCurrData.parquet,-1.77,0.0,443.0,0.0,2.299999952316284,109.0999984741211,0.25,108.6956558227539,109.0,0.0,250.92999267578125
08172025_22_6LapsAndWeirdCurrData.parquet,-1.76,1444.0,887.0,7071.0,75.0999984741211,106.0,0.20999908447265625,2.7962594032287598,105.80000305175781,0.0,7960.599609375
08172025_22_6LapsAndWeirdCurrData.parquet,-1.76,1614.0,1087.0,10985.0,121.5999984741211,104.9000015258789,0.5499954223632812,4.522988796234131,104.9000015258789,0.0,12755.83984375
08172025_22_6LapsAndWeirdCurrData.parquet,-1.76,0.0,443.0,0.0,2.299999952316284,109.0999984741211,0.25,108.6956558227539,109.0,0.0,250.92999267578125
08172025_22_6LapsAndWeirdCurrData.parquet,-1.76,1921.0,455.0,533.0,7.700000286102295,106.70000457763672,0.26999664306640625,35.06449508666992,106.70000457763672,0.0,821.590087890625
08172025_22_6LapsAndWeirdCurrData.parquet,-1.75,1444.0,884.0,6971.0,75.0999984741211,106.0,0.20999908447265625,2.7962594032287598,105.80000305175781,0.0,7960.599609375
08172025_22_6LapsAndWeirdCurrData.parquet,-1.75,1672.0,1087.0,10985.0,123.5999984741211,104.70000457763672,0.7499923706054688,6.067899703979492,104.70000457763672,-0.1999969482421875,12940.919921875
08172025_22_6LapsAndWeirdCurrData.parquet,-1.75,0.0,443.0,0.0,2.299999952316284,109.0999984741211,0.25,108.6956558227539,109.0,0.0,250.92999267578125
08172025_22_6LapsAndWeirdCurrData.parquet,-1.75,1883.0,455.0,533.0,8.800000190734863,106.70000457763672,0.26999664306640625,30.68143653869629,106.70000457763672,0.0,938.9600830078125
08172025_22_6LapsAndWeirdCurrData.parquet,-1.74,1444.0,884.0,6971.0,75.0999984741211,106.0,0.20999908447265625,2.7962594032287598,105.80000305175781,0.0,7960.599609375
08172025_22_6LapsAndWeirdCurrData.parquet,-1.74,1672.0,1087.0,11070.0,123.5999984741211,104.70000457763672,0.7499923706054688,6.067899703979492,104.70000457763672,0.0,12940.919921875
08172025_22_6LapsAndWeirdCurrData.parquet,-1.74,0.0,442.0,0.0,2.299999952316284,109.0999984741211,0.25,108.6956558227539,109.0,0.0,250.92999267578125
08172025_22_6LapsAndWeirdCurrData.parquet,-1.74,1883.0,455.0,533.0,8.800000190734863,106.70000457763672,0.26999664306640625,30.68143653869629,106.70000457763672,0.0,938.9600830078125
08172025_22_6LapsAndWeirdCurrData.parquet,-1.73,1883.0,455.0,533.0,8.800000190734863,106.70000457763672,0.26999664306640625,30.68143653869629,106.70000457763672,0.0,938.9600830078125
08172025_22_6LapsAndWeirdCurrData.parquet,-1.73,1444.0,884.0,6971.0,75.0999984741211,106.0,0.20999908447265625,2.7962594032287598,105.80000305175781,0.0,7960.599609375
08172025_22_6LapsAndWeirdCurrData.parquet,-1.73,1639.0,1087.0,11070.0,123.5999984741211,104.70000457763672,0.7499923706054688,6.067899703979492,104.70000457763672,0.0,12940.919921875
08172025_22_6LapsAndWeirdCurrData.parquet,-1.73,0.0,442.0,0.0,2.299999952316284,109.0,0.34999847412109375,152.17324829101562,109.0,-0.09999847412109375,250.6999969482422
08172025_22_6LapsAndWeirdCurrData.parquet,-1.72,1639.0,1095.0,11070.0,123.5999984741211,104.70000457763672,0.7499923706054688,6.067899703979492,104.70000457763672,0.0,12940.919921875
08172025_22_6LapsAndWeirdCurrData.parquet,-1.72,1450.0,884.0,6971.0,75.0999984741211,106.0,0.20999908447265625,2.7962594032287598,105.80000305175781,0.0,7960.599609375
08172025_22_6LapsAndWeirdCurrData.parquet,-1.72,1897.0,455.0,580.0,8.800000190734863,106.70000457763672,0.26999664306640625,30.68143653869629,106.70000457763672,0.0,938.9600830078125
08172025_22_6LapsAndWeirdCurrData.parquet,-1.72,0.0,442.0,0.0,2.299999952316284,109.0,0.34999847412109375,152.17324829101562,109.0,0.0,250.6999969482422
08172025_22_6LapsAndWeirdCurrData.parquet,-1.71,1897.0,455.0,580.0,9.300000190734863,106.70000457763672,0.26999664306640625,29.031896591186523,106.70000457763672,0.0,992.31005859375
08172025_22_6LapsAndWeirdCurrData.parquet,-1.71,1450.0,884.0,7054.0,75.0999984741211,106.0,0.20999908447265625,2.7962594032287598,105.80000305175781,0.0,7960.599609375
08172025_22_6LapsAndWeirdCurrData.parquet,-1.71,0.0,442.0,0.0,2.299999952316284,109.0,0.34999847412109375,152.17324829101562,109.0,0.0,250.6999969482422
08172025_22_6LapsAndWeirdCurrData.parquet,-1.71,1639.0,1095.0,11070.0,126.5,104.5999984741211,0.8499984741210938,6.719355583190918,104.5999984741211,-0.100006103515625,13231.8994140625
08172025_22_6LapsAndWeirdCurrData.parquet,-1.7,1639.0,1095.0,10713.0,126.5,104.5999984741211,0.8499984741210938,6.719355583190918,104.5999984741211,0.0,13231.8994140625
08172025_22_6LapsAndWeirdCurrData.parquet,-1.7,2026.0,455.0,580.0,9.300000190734863,106.70000457763672,0.2299957275390625,24.730722427368164,106.70000457763672,0.0,992.31005859375
08172025_22_6LapsAndWeirdCurrData.parquet,-1.7,0.0,442.0,0.0,2.299999952316284,109.0,0.34999847412109375,152.17324829101562,109.0,0.0,250.6999969482422
08172025_22_6LapsAndWeirdCurrData.parquet,-1.7,1471.0,884.0,7054.0,75.0,106.0,0.3699951171875,4.933268070220947,105.80000305175781,0.0,7950.0
08172025_22_6LapsAndWeirdCurrData.parquet,-1.69,1639.0,1095.0,10713.0,126.5,104.5999984741211,0.8499984741210938,6.719355583190918,104.5999984741211,0.0,13231.8994140625
08172025_22_6LapsAndWeirdCurrData.parquet,-1.69,2026.0,455.0,580.0,9.300000190734863,106.70000457763672,0.2299957275390625,24.730722427368164,106.70000457763672,0.0,992.31005859375
08172025_22_6LapsAndWeirdCurrData.parquet,-1.69,0.0,442.0,0.0,2.299999952316284,109.0999984741211,0.25,108.6956558227539,109.0,0.09999847412109375,250.92999267578125
08172025_22_6LapsAndWeirdCurrData.parquet,-1.69,1471.0,884.0,7054.0,75.0,106.0,0.3699951171875,4.933268070220947,105.80000305175781,0.0,7950.0
08172025_22_6LapsAndWeirdCurrData.parquet,-1.68,1650.0,1095.0,10713.0,126.5,104.5999984741211,0.8499984741210938,6.719355583190918,104.5999984741211,0.0,13231.8994140625
08172025_22_6LapsAndWeirdCurrData.parquet,-1.68,0.0,442.0,0.0,2.299999952316284,109.0999984741211,0.25,108.6956558227539,109.0,0.0,250.92999267578125
08172025_22_6LapsAndWeirdCurrData.parquet,-1.68,2104.0,455.0,1056.0,9.300000190734863,106.70000457763672,0.2299957275390625,24.730722427368164,106.70000457763672,0.0,992.31005859375
08172025_22_6LapsAndWeirdCurrData.parquet,-1.68,1470.0,884.0,7054.0,75.0,106.0,0.3699951171875,4.933268070220947,105.80000305175781,0.0,7950.0
08172025_22_6LapsAndWeirdCurrData.parquet,-1.67,0.0,442.0,0.0,2.299999952316284,109.0999984741211,0.25,108.6956558227539,109.0,0.0,250.92999267578125
08172025_22_6LapsAndWeirdCurrData.parquet,-1.67,2104.0,455.0,1056.0,11.100000381469727,106.5,0.43000030517578125,38.738765716552734,106.5,-0.20000457763671875,1182.1500244140625
08172025_22_6LapsAndWeirdCurrData.parquet,-1.67,1470.0,884.0,7290.0,75.0,106.0,0.3699951171875,4.933268070220947,105.80000305175781,0.0,7950.0
08172025_22_6LapsAndWeirdCurrData.parquet,-1.67,1650.0,1095.0,10713.0,126.5,104.5999984741211,0.8499984741210938,6.719355583190918,104.5999984741211,0.0,13231.8994140625
08172025_22_6LapsAndWeirdCurrData.parquet,-1.66,0.0,442.0,0.0,2.299999952316284,109.0999984741211,0.25,108.6956558227539,109.0,0.0,250.92999267578125
08172025_22_6LapsAndWeirdCurrData.parquet,-1.66,2104.0,455.0,1056.0,11.100000381469727,106.5,0.43000030517578125,38.738765716552734,106.5,0.0,1182.1500244140625
08172025_22_6LapsAndWeirdCurrData.parquet,-1.66,1471.0,884.0,7290.0,75.0999984741211,105.9000015258789,0.46999359130859375,6.258237361907959,105.80000305175781,-0.09999847412109375,7953.08984375
08172025_22_6LapsAndWeirdCurrData.parquet,-1.66,1705.0,1091.0,10787.0,126.4000015258789,104.70000457763672,0.7499923706054688,5.933484077453613,104.5999984741211,0.100006103515625,13234.0810546875
08172025_22_6LapsAndWeirdCurrData.parquet,-1.65,1471.0,884.0,7290.0,75.0999984741211,105.9000015258789,0.46999359130859375,6.258237361907959,105.80000305175781,0.0,7953.08984375
08172025_22_6LapsAndWeirdCurrData.parquet,-1.65,2128.0,455.0,1056.0,11.100000381469727,106.5,0.43000030517578125,38.738765716552734,106.5,0.0,1182.1500244140625
08172025_22_6LapsAndWeirdCurrData.parquet,-1.65,1705.0,1091.0,10787.0,126.4000015258789,104.70000457763672,0.7499923706054688,5.933484077453613,104.5999984741211,0.0,13234.0810546875
08172025_22_6LapsAndWeirdCurrData.parquet,-1.65,0.0,442.0,0.0,2.299999952316284,109.0,0.34999847412109375,152.17324829101562,109.0,-0.09999847412109375,250.6999969482422
08172025_22_6LapsAndWeirdCurrData.parquet,-1.64,1471.0,884.0,7290.0,75.0999984741211,105.9000015258789,0.46999359130859375,6.258237361907959,105.80000305175781,0.0,7953.08984375
08172025_22_6LapsAndWeirdCurrData.parquet,-1.64,2128.0,455.0,1056.0,11.100000381469727,106.5,0.43000030517578125,38.738765716552734,106.5,0.0,1182.1500244140625
08172025_22_6LapsAndWeirdCurrData.parquet,-1.64,1739.0,1091.0,10787.0,126.4000015258789,104.70000457763672,0.7499923706054688,5.933484077453613,104.5999984741211,0.0,13234.0810546875
08172025_22_6LapsAndWeirdCurrData.parquet,-1.64,0.0,443.0,0.0,2.299999952316284,109.0,0.34999847412109375,152.17324829101562,109.0,0.0,250.6999969482422
08172025_22_6LapsAndWeirdCurrData.parquet,-1.63,1508.0,884.0,7461.0,75.0999984741211,105.9000015258789,0.46999359130859375,6.258237361907959,105.80000305175781,0.0,7953.08984375
08172025_22_6LapsAndWeirdCurrData.parquet,-1.63,2033.0,455.0,1056.0,11.100000381469727,106.5,0.43000030517578125,38.738765716552734,106.5,0.0,1182.1500244140625
08172025_22_6LapsAndWeirdCurrData.parquet,-1.63,0.0,443.0,0.0,2.299999952316284,109.0,0.34999847412109375,152.17324829101562,109.0,0.0,250.6999969482422
08172025_22_6LapsAndWeirdCurrData.parquet,-1.63,1739.0,1091.0,10787.0,126.4000015258789,104.70000457763672,0.7499923706054688,5.933484077453613,104.5999984741211,0.0,13234.0810546875
08172025_22_6LapsAndWeirdCurrData.parquet,-1.62,0.0,443.0,0.0,2.299999952316284,109.0,0.34999847412109375,152.17324829101562,109.0,0.0,250.6999969482422
08172025_22_6LapsAndWeirdCurrData.parquet,-1.62,1743.0,1091.0,10658.0,129.10000610351562,104.5,0.9499969482421875,7.358613014221191,104.5,-0.20000457763671875,13490.9501953125
08172025_22_6LapsAndWeirdCurrData.parquet,-1.62,1508.0,884.0,7461.0,78.4000015258789,105.70000457763672,0.6699905395507812,8.545797348022461,105.70000457763672,-0.1999969482421875,8286.880859375
08172025_22_6LapsAndWeirdCurrData.parquet,-1.62,2033.0,455.0,1056.0,15.90000057220459,106.20000457763672,0.7299957275390625,45.91168212890625,106.20000457763672,-0.29999542236328125,1688.580078125
08172025_22_6LapsAndWeirdCurrData.parquet,-1.61,1743.0,1091.0,10658.0,129.10000610351562,104.5,0.7599945068359375,5.886866569519043,104.5,0.0,13490.9501953125
08172025_22_6LapsAndWeirdCurrData.parquet,-1.61,1503.0,884.0,7461.0,78.4000015258789,105.70000457763672,0.6699905395507812,8.545797348022461,105.70000457763672,0.0,8286.880859375
08172025_22_6LapsAndWeirdCurrData.parquet,-1.61,0.0,443.0,0.0,2.299999952316284,109.0,0.34999847412109375,152.17324829101562,109.0,0.0,250.6999969482422
08172025_22_6LapsAndWeirdCurrData.parquet,-1.61,2051.0,455.0,1056.0,15.90000057220459,106.20000457763672,0.7299957275390625,45.91168212890625,106.20000457763672,0.0,1688.580078125
08172025_22_6LapsAndWeirdCurrData.parquet,-1.6,1503.0,884.0,7461.0,78.4000015258789,105.70000457763672,0.6699905395507812,8.545797348022461,105.70000457763672,0.0,8286.880859375
08172025_22_6LapsAndWeirdCurrData.parquet,-1.6,1728.0,1091.0,10658.0,129.10000610351562,104.5,0.7599945068359375,5.886866569519043,104.5,0.0,13490.9501953125
08172025_22_6LapsAndWeirdCurrData.parquet,-1.6,2051.0,455.0,2712.0,15.90000057220459,106.20000457763672,0.5799942016601562,36.477622985839844,106.20000457763672,0.0,1688.580078125
08172025_22_6LapsAndWeirdCurrData.parquet,-1.6,0.0,443.0,0.0,2.299999952316284,109.0,0.34999847412109375,152.17324829101562,109.0,0.0,250.6999969482422
08172025_22_6LapsAndWeirdCurrData.parquet,-1.59,1503.0,884.0,7415.0,78.4000015258789,105.70000457763672,0.6699905395507812,8.545797348022461,105.70000457763672,0.0,8286.880859375
08172025_22_6LapsAndWeirdCurrData.parquet,-1.59,1728.0,1091.0,10658.0,129.10000610351562,104.5,0.7599945068359375,5.886866569519043,104.5,0.0,13490.9501953125
08172025_22_6LapsAndWeirdCurrData.parquet,-1.59,2117.0,455.0,2712.0,15.90000057220459,106.20000457763672,0.5799942016601562,36.477622985839844,106.20000457763672,0.0,1688.580078125
08172025_22_6LapsAndWeirdCurrData.parquet,-1.59,0.0,443.0,0.0,2.299999952316284,109.0,0.34999847412109375,152.17324829101562,109.0,0.0,250.6999969482422
08172025_22_6LapsAndWeirdCurrData.parquet,-1.58,1503.0,884.0,7415.0,79.20000457763672,105.70000457763672,0.6699905395507812,8.45947551727295,105.70000457763672,0.0,8371.4404296875
08172025_22_6LapsAndWeirdCurrData.parquet,-1.58,1699.0,1091.0,10187.0,130.1999969482422,104.5999984741211,0.6599960327148438,5.069094181060791,104.5,0.09999847412109375,13618.919921875
08172025_22_6LapsAndWeirdCurrData.parquet,-1.58,2117.0,455.0,2712.0,22.899999618530273,105.80000305175781,0.9799957275390625,42.79457473754883,105.80000305175781,-0.40000152587890625,2422.820068359375
08172025_22_6LapsAndWeirdCurrData.parquet,-1.58,0.0,443.0,0.0,2.299999952316284,109.0,0.34999847412109375,152.17324829101562,109.0,0.0,250.6999969482422
08172025_22_6LapsAndWeirdCurrData.parquet,-1.57,1513.0,884.0,7415.0,79.20000457763672,105.70000457763672,0.6699905395507812,8.45947551727295,105.70000457763672,0.0,8371.4404296875
08172025_22_6LapsAndWeirdCurrData.parquet,-1.57,1699.0,1091.0,10187.0,130.1999969482422,104.5999984741211,0.6599960327148438,5.069094181060791,104.5,0.0,13618.919921875
08172025_22_6LapsAndWeirdCurrData.parquet,-1.57,2209.0,455.0,2712.0,22.899999618530273,105.80000305175781,0.9799957275390625,42.79457473754883,105.80000305175781,0.0,2422.820068359375
08172025_22_6LapsAndWeirdCurrData.parquet,-1.57,0.0,443.0,0.0,2.200000047683716,109.0999984741211,0.25,113.63636016845703,109.0,0.09999847412109375,240.02000427246094
08172025_22_6LapsAndWeirdCurrData.parquet,-1.56,2209.0,455.0,3601.0,22.899999618530273,105.80000305175781,0.9799957275390625,42.79457473754883,105.80000305175781,0.0,2422.820068359375
08172025_22_6LapsAndWeirdCurrData.parquet,-1.56,1513.0,884.0,7415.0,79.20000457763672,105.70000457763672,0.6699905395507812,8.45947551727295,105.70000457763672,0.0,8371.4404296875
08172025_22_6LapsAndWeirdCurrData.parquet,-1.56,0.0,443.0,0.0,2.200000047683716,109.0999984741211,0.25,113.63636016845703,109.0,0.0,240.02000427246094
08172025_22_6LapsAndWeirdCurrData.parquet,-1.56,1746.0,1061.0,10187.0,130.1999969482422,104.5999984741211,0.6599960327148438,5.069094181060791,104.5,0.0,13618.919921875
08172025_22_6LapsAndWeirdCurrData.parquet,-1.55,2209.0,455.0,3601.0,22.899999618530273,105.80000305175781,0.9799957275390625,42.79457473754883,105.80000305175781,0.0,2422.820068359375
08172025_22_6LapsAndWeirdCurrData.parquet,-1.55,0.0,443.0,0.0,2.200000047683716,109.0999984741211,0.25,113.63636016845703,109.0,0.0,240.02000427246094
08172025_22_6LapsAndWeirdCurrData.parquet,-1.55,1513.0,884.0,7649.0,79.20000457763672,105.70000457763672,0.6699905395507812,8.45947551727295,105.70000457763672,0.0,8371.4404296875
08172025_22_6LapsAndWeirdCurrData.parquet,-1.55,1746.0,1061.0,10187.0,130.1999969482422,104.5999984741211,0.6599960327148438,5.069094181060791,104.5,0.0,13618.919921875
08172025_22_6LapsAndWeirdCurrData.parquet,-1.54,2209.0,455.0,3601.0,22.899999618530273,105.80000305175781,0.9799957275390625,42.79457473754883,105.80000305175781,0.0,2422.820068359375
08172025_22_6LapsAndWeirdCurrData.parquet,-1.54,1513.0,884.0,7649.0,80.4000015258789,105.70000457763672,0.459991455078125,5.721286773681641,105.70000457763672,0.0,8498.2802734375
08172025_22_6LapsAndWeirdCurrData.parquet,-1.54,0.0,443.0,0.0,2.200000047683716,109.0999984741211,0.25,113.63636016845703,109.0,0.0,240.02000427246094
08172025_22_6LapsAndWeirdCurrData.parquet,-1.54,1779.0,1061.0,10417.0,129.3000030517578,104.5999984741211,0.6599960327148438,5.104377269744873,104.5,0.0,13524.7802734375
08172025_22_6LapsAndWeirdCurrData.parquet,-1.53,2209.0,455.0,6693.0,22.899999618530273,105.80000305175781,0.9799957275390625,42.79457473754883,105.80000305175781,0.0,2422.820068359375
08172025_22_6LapsAndWeirdCurrData.parquet,-1.53,1513.0,884.0,7649.0,80.4000015258789,105.70000457763672,0.459991455078125,5.721286773681641,105.70000457763672,0.0,8498.2802734375
08172025_22_6LapsAndWeirdCurrData.parquet,-1.53,0.0,443.0,0.0,2.299999952316284,109.0999984741211,0.25,108.6956558227539,109.0,0.0,250.92999267578125
08172025_22_6LapsAndWeirdCurrData.parquet,-1.53,1779.0,1061.0,10417.0,129.3000030517578,104.5999984741211,0.6599960327148438,5.104377269744873,104.5,0.0,13524.7802734375
08172025_22_6LapsAndWeirdCurrData.parquet,-1.52,2345.0,455.0,6693.0,22.899999618530273,105.80000305175781,0.9799957275390625,42.79457473754883,105.80000305175781,0.0,2422.820068359375
08172025_22_6LapsAndWeirdCurrData.parquet,-1.52,1779.0,1061.0,10417.0,129.3000030517578,104.5999984741211,0.6599960327148438,5.104377269744873,104.5,0.0,13524.7802734375
08172025_22_6LapsAndWeirdCurrData.parquet,-1.52,0.0,443.0,0.0,2.299999952316284,109.0999984741211,0.25,108.6956558227539,109.0,0.0,250.92999267578125
08172025_22_6LapsAndWeirdCurrData.parquet,-1.52,1520.0,884.0,7649.0,80.4000015258789,105.70000457763672,0.459991455078125,5.721286773681641,105.70000457763672,0.0,8498.2802734375
08172025_22_6LapsAndWeirdCurrData.parquet,-1.51,0.0,443.0,0.0,2.299999952316284,109.0999984741211,0.25,108.6956558227539,109.0,0.0,250.92999267578125
08172025_22_6LapsAndWeirdCurrData.parquet,-1.51,1520.0,884.0,7685.0,80.4000015258789,105.70000457763672,0.459991455078125,5.721286773681641,105.70000457763672,0.0,8498.2802734375
08172025_22_6LapsAndWeirdCurrData.parquet,-1.51,2345.0,455.0,6693.0,22.899999618530273,105.80000305175781,0.9799957275390625,42.79457473754883,105.80000305175781,0.0,2422.820068359375
08172025_22_6LapsAndWeirdCurrData.parquet,-1.51,1745.0,1061.0,10417.0,129.3000030517578,104.5999984741211,0.6599960327148438,5.104377269744873,104.5,0.0,13524.7802734375
08172025_22_6LapsAndWeirdCurrData.parquet,-1.5,1532.0,884.0,7685.0,81.9000015258789,105.5999984741211,0.55999755859375,6.837576866149902,105.5999984741211,-0.100006103515625,8648.6396484375
08172025_22_6LapsAndWeirdCurrData.parquet,-1.5,1745.0,1061.0,10368.0,130.0,104.5999984741211,0.6599960327148438,5.076892852783203,104.5,0.0,13598.0
08172025_22_6LapsAndWeirdCurrData.parquet,-1.5,2392.0,455.0,6693.0,63.400001525878906,103.80000305175781,2.9799957275390625,47.00308609008789,103.80000305175781,-2.0,6580.92041015625
08172025_22_6LapsAndWeirdCurrData.parquet,-1.5,0.0,443.0,0.0,2.299999952316284,109.0999984741211,0.25,108.6956558227539,109.0,0.0,250.92999267578125
08172025_22_6LapsAndWeirdCurrData.parquet,-1.49,1553.0,922.0,7685.0,81.9000015258789,105.5999984741211,0.55999755859375,6.837576866149902,105.5999984741211,0.0,8648.6396484375
08172025_22_6LapsAndWeirdCurrData.parquet,-1.49,0.0,443.0,0.0,2.299999952316284,109.0999984741211,0.25,108.6956558227539,109.0,0.0,250.92999267578125
08172025_22_6LapsAndWeirdCurrData.parquet,-1.49,1796.0,1061.0,10368.0,130.0,104.5999984741211,0.6599960327148438,5.076892852783203,104.5,0.0,13598.0
08172025_22_6LapsAndWeirdCurrData.parquet,-1.49,2392.0,455.0,6693.0,63.400001525878906,103.80000305175781,2.9799957275390625,47.00308609008789,103.80000305175781,0.0,6580.92041015625
08172025_22_6LapsAndWeirdCurrData.parquet,-1.48,1553.0,922.0,7685.0,81.9000015258789,105.5999984741211,0.55999755859375,6.837576866149902,105.5999984741211,0.0,8648.6396484375
08172025_22_6LapsAndWeirdCurrData.parquet,-1.48,2510.0,455.0,6693.0,63.400001525878906,103.80000305175781,2.9799957275390625,47.00308609008789,103.80000305175781,0.0,6580.92041015625
08172025_22_6LapsAndWeirdCurrData.parquet,-1.48,0.0,443.0,0.0,2.299999952316284,109.0999984741211,0.25,108.6956558227539,109.0,0.0,250.92999267578125
08172025_22_6LapsAndWeirdCurrData.parquet,-1.48,1796.0,1061.0,10368.0,130.0,104.5999984741211,0.6599960327148438,5.076892852783203,104.5,0.0,13598.0
08172025_22_6LapsAndWeirdCurrData.parquet,-1.47,0.0,443.0,0.0,2.299999952316284,109.0999984741211,0.25,108.6956558227539,109.0,0.0,250.92999267578125
08172025_22_6LapsAndWeirdCurrData.parquet,-1.47,2510.0,455.0,6693.0,63.400001525878906,103.80000305175781,2.9799957275390625,47.00308609008789,103.80000305175781,0.0,6580.92041015625
08172025_22_6LapsAndWeirdCurrData.parquet,-1.47,1553.0,922.0,7748.0,81.9000015258789,105.5999984741211,0.55999755859375,6.837576866149902,105.5999984741211,0.0,8648.6396484375
08172025_22_6LapsAndWeirdCurrData.parquet,-1.47,1804.0,1061.0,10368.0,130.0,104.5999984741211,0.6599960327148438,5.076892852783203,104.5,0.0,13598.0
08172025_22_6LapsAndWeirdCurrData.parquet,-1.46,2560.0,455.0,6693.0,83.9000015258789,103.0999984741211,3.6800003051757812,43.86174392700195,103.0999984741211,-0.7000045776367188,8650.08984375
08172025_22_6LapsAndWeirdCurrData.parquet,-1.46,0.0,443.0,0.0,2.299999952316284,109.0999984741211,0.25,108.6956558227539,109.0,0.0,250.92999267578125
08172025_22_6LapsAndWeirdCurrData.parquet,-1.46,1568.0,922.0,7748.0,81.9000015258789,105.5999984741211,0.55999755859375,6.837576866149902,105.5999984741211,0.0,8648.6396484375
08172025_22_6LapsAndWeirdCurrData.parquet,-1.46,1804.0,1067.0,10273.0,130.0,104.5999984741211,0.6599960327148438,5.076892852783203,104.5,0.0,13598.0
08172025_22_6LapsAndWeirdCurrData.parquet,-1.45,2560.0,455.0,6971.0,83.9000015258789,103.0999984741211,1.8700027465820312,22.288471221923828,103.0999984741211,0.0,8650.08984375
08172025_22_6LapsAndWeirdCurrData.parquet,-1.45,0.0,443.0,0.0,2.299999952316284,109.0999984741211,0.25,108.6956558227539,109.0,0.0,250.92999267578125
08172025_22_6LapsAndWeirdCurrData.parquet,-1.45,1568.0,922.0,7748.0,83.9000015258789,105.5,0.6599960327148438,7.866459846496582,105.5,-0.09999847412109375,8851.4501953125
08172025_22_6LapsAndWeirdCurrData.parquet,-1.45,1804.0,1067.0,10273.0,130.0,104.5999984741211,0.6599960327148438,5.076892852783203,104.5,0.0,13598.0
08172025_22_6LapsAndWeirdCurrData.parquet,-1.44,2592.0,455.0,6971.0,83.9000015258789,103.0999984741211,1.8700027465820312,22.288471221923828,103.0999984741211,0.0,8650.08984375
08172025_22_6LapsAndWeirdCurrData.parquet,-1.44,0.0,443.0,0.0,2.200000047683716,109.0999984741211,0.25,113.63636016845703,109.0,0.0,240.02000427246094
08172025_22_6LapsAndWeirdCurrData.parquet,-1.44,1804.0,1067.0,10273.0,130.0,104.5999984741211,0.6599960327148438,5.076892852783203,104.5,0.0,13598.0
08172025_22_6LapsAndWeirdCurrData.parquet,-1.44,1565.0,922.0,7748.0,83.9000015258789,105.5,0.6599960327148438,7.866459846496582,105.5,0.0,8851.4501953125
08172025_22_6LapsAndWeirdCurrData.parquet,-1.43,2592.0,455.0,6971.0,83.9000015258789,103.0999984741211,1.8700027465820312,22.288471221923828,103.0999984741211,0.0,8650.08984375
08172025_22_6LapsAndWeirdCurrData.parquet,-1.43,0.0,443.0,0.0,2.200000047683716,109.0999984741211,0.25,113.63636016845703,109.0,0.0,240.02000427246094
08172025_22_6LapsAndWeirdCurrData.parquet,-1.43,1778.0,1067.0,10273.0,130.0,104.5999984741211,0.6599960327148438,5.076892852783203,104.5,0.0,13598.0
08172025_22_6LapsAndWeirdCurrData.parquet,-1.43,1565.0,922.0,7752.0,83.9000015258789,105.5,0.6599960327148438,7.866459846496582,105.5,0.0,8851.4501953125
08172025_22_6LapsAndWeirdCurrData.parquet,-1.42,1778.0,1067.0,10120.0,130.0,104.5999984741211,0.6599960327148438,5.076892852783203,104.5,0.0,13598.0
08172025_22_6LapsAndWeirdCurrData.parquet,-1.42,0.0,443.0,0.0,2.200000047683716,109.0999984741211,0.25,113.63636016845703,109.0,0.0,240.02000427246094
08172025_22_6LapsAndWeirdCurrData.parquet,-1.42,1565.0,922.0,7752.0,83.9000015258789,105.5,0.6599960327148438,7.866459846496582,105.5,0.0,8851.4501953125
08172025_22_6LapsAndWeirdCurrData.parquet,-1.42,2592.0,455.0,6971.0,83.9000015258789,103.0999984741211,1.8700027465820312,22.288471221923828,103.0999984741211,0.0,8650.08984375
08172025_22_6LapsAndWeirdCurrData.parquet,-1.41,1780.0,1067.0,10120.0,131.0,104.5999984741211,0.45999908447265625,3.511443614959717,104.5,0.0,13702.599609375
08172025_22_6LapsAndWeirdCurrData.parquet,-1.41,0.0,443.0,0.0,2.200000047683716,109.0999984741211,0.25,113.63636016845703,109.0,0.0,240.02000427246094
08172025_22_6LapsAndWeirdCurrData.parquet,-1.41,1558.0,922.0,7752.0,84.80000305175781,105.5,0.6599960327148438,7.7829718589782715,105.5,0.0,8946.400390625
08172025_22_6LapsAndWeirdCurrData.parquet,-1.41,2525.0,455.0,6496.0,99.0,103.0,1.970001220703125,19.899002075195312,103.0,-0.09999847412109375,10197.0
08172025_22_6LapsAndWeirdCurrData.parquet,-1.4,2525.0,455.0,6496.0,99.0,103.0,1.970001220703125,19.899002075195312,103.0,0.0,10197.0
08172025_22_6LapsAndWeirdCurrData.parquet,-1.4,1780.0,1067.0,10120.0,131.0,104.5999984741211,0.45999908447265625,3.511443614959717,104.5,0.0,13702.599609375
08172025_22_6LapsAndWeirdCurrData.parquet,-1.4,0.0,443.0,0.0,2.200000047683716,109.0999984741211,0.25,113.63636016845703,109.0,0.0,240.02000427246094
08172025_22_6LapsAndWeirdCurrData.parquet,-1.4,1558.0,922.0,7752.0,84.80000305175781,105.5,0.6599960327148438,7.7829718589782715,105.5,0.0,8946.400390625
08172025_22_6LapsAndWeirdCurrData.parquet,-1.39,1780.0,1067.0,10120.0,131.0,104.5999984741211,0.45999908447265625,3.511443614959717,104.5,0.0,13702.599609375
08172025_22_6LapsAndWeirdCurrData.parquet,-1.39,0.0,443.0,0.0,2.200000047683716,109.0999984741211,0.25,113.63636016845703,109.0,0.0,240.02000427246094
08172025_22_6LapsAndWeirdCurrData.parquet,-1.39,1583.0,922.0,7752.0,84.80000305175781,105.5,0.6599960327148438,7.7829718589782715,105.5,0.0,8946.400390625
08172025_22_6LapsAndWeirdCurrData.parquet,-1.39,2479.0,455.0,6496.0,99.0,103.0,1.970001220703125,19.899002075195312,103.0,0.0,10197.0
08172025_22_6LapsAndWeirdCurrData.parquet,-1.38,1583.0,922.0,7752.0,84.80000305175781,105.5,0.6599960327148438,7.7829718589782715,105.5,0.0,8946.400390625
08172025_22_6LapsAndWeirdCurrData.parquet,-1.38,2479.0,455.0,6496.0,99.0,103.0,1.970001220703125,19.899002075195312,103.0,0.0,10197.0
08172025_22_6LapsAndWeirdCurrData.parquet,-1.38,1813.0,1067.0,10088.0,131.0,104.5999984741211,0.45999908447265625,3.511443614959717,104.5,0.0,13702.599609375
08172025_22_6LapsAndWeirdCurrData.parquet,-1.38,0.0,443.0,0.0,2.200000047683716,109.0999984741211,0.25,113.63636016845703,109.0,0.0,240.02000427246094
08172025_22_6LapsAndWeirdCurrData.parquet,-1.37,1813.0,1067.0,10088.0,130.8000030517578,104.5999984741211,0.45999908447265625,3.516812562942505,104.5,0.0,13681.6796875
08172025_22_6LapsAndWeirdCurrData.parquet,-1.37,1583.0,922.0,7752.0,86.5999984741211,105.5,0.6599960327148438,7.621201038360596,105.5,0.0,9136.2998046875
08172025_22_6LapsAndWeirdCurrData.parquet,-1.37,2551.0,455.0,5449.0,104.0,103.30000305175781,1.6699981689453125,16.057674407958984,103.0,0.3000030517578125,10743.2001953125
08172025_22_6LapsAndWeirdCurrData.parquet,-1.37,0.0,443.0,0.0,2.200000047683716,109.0999984741211,0.25,113.63636016845703,109.0,0.0,240.02000427246094
08172025_22_6LapsAndWeirdCurrData.parquet,-1.36,1583.0,922.0,7752.0,86.5999984741211,105.5,0.6599960327148438,7.621201038360596,105.5,0.0,9136.2998046875
08172025_22_6LapsAndWeirdCurrData.parquet,-1.36,2551.0,455.0,5449.0,104.0,103.30000305175781,1.6699981689453125,16.057674407958984,103.0,0.0,10743.2001953125
08172025_22_6LapsAndWeirdCurrData.parquet,-1.36,0.0,443.0,0.0,2.299999952316284,109.0999984741211,0.25,108.6956558227539,109.0,0.0,250.92999267578125
08172025_22_6LapsAndWeirdCurrData.parquet,-1.36,1772.0,1059.0,10088.0,130.8000030517578,104.5999984741211,0.45999908447265625,3.516812562942505,104.5,0.0,13681.6796875
08172025_22_6LapsAndWeirdCurrData.parquet,-1.35,2565.0,455.0,5449.0,104.0,103.30000305175781,1.6699981689453125,16.057674407958984,103.0,0.0,10743.2001953125
08172025_22_6LapsAndWeirdCurrData.parquet,-1.35,0.0,443.0,0.0,2.299999952316284,109.0999984741211,0.25,108.6956558227539,109.0,0.0,250.92999267578125
08172025_22_6LapsAndWeirdCurrData.parquet,-1.35,1585.0,922.0,7716.0,86.5999984741211,105.5,0.6599960327148438,7.621201038360596,105.5,0.0,9136.2998046875
08172025_22_6LapsAndWeirdCurrData.parquet,-1.35,1772.0,1059.0,10088.0,130.8000030517578,104.5999984741211,0.45999908447265625,3.516812562942505,104.5,0.0,13681.6796875
08172025_22_6LapsAndWeirdCurrData.parquet,-1.34,1585.0,922.0,7716.0,86.5999984741211,105.5,0.5499954223632812,6.350986480712891,105.5,0.0,9136.2998046875
08172025_22_6LapsAndWeirdCurrData.parquet,-1.34,2565.0,455.0,5449.0,104.0,103.30000305175781,1.6699981689453125,16.057674407958984,103.0,0.0,10743.2001953125
08172025_22_6LapsAndWeirdCurrData.parquet,-1.34,1793.0,1059.0,10275.0,130.8000030517578,104.5999984741211,0.45999908447265625,3.516812562942505,104.5,0.0,13681.6796875
08172025_22_6LapsAndWeirdCurrData.parquet,-1.34,0.0,455.0,0.0,2.299999952316284,109.0999984741211,0.25,108.6956558227539,109.0,0.0,250.92999267578125
08172025_22_6LapsAndWeirdCurrData.parquet,-1.33,2525.0,455.0,4429.0,104.0,103.70000457763672,1.2699966430664062,12.211505889892578,103.0,0.40000152587890625,10784.80078125
08172025_22_6LapsAndWeirdCurrData.parquet,-1.33,1793.0,1059.0,10275.0,130.1999969482422,104.5999984741211,0.45999908447265625,3.5330193042755127,104.5,0.0,13618.919921875
08172025_22_6LapsAndWeirdCurrData.parquet,-1.33,1598.0,922.0,7716.0,87.0,105.5,0.5499954223632812,6.321786403656006,105.5,0.0,9178.5
08172025_22_6LapsAndWeirdCurrData.parquet,-1.33,0.0,455.0,0.0,2.299999952316284,109.0999984741211,0.25,108.6956558227539,109.0,0.0,250.92999267578125
08172025_22_6LapsAndWeirdCurrData.parquet,-1.32,1863.0,1059.0,10275.0,130.1999969482422,104.5999984741211,0.45999908447265625,3.5330193042755127,104.5,0.0,13618.919921875
08172025_22_6LapsAndWeirdCurrData.parquet,-1.32,2525.0,455.0,4429.0,104.0,103.70000457763672,1.2699966430664062,12.211505889892578,103.0,0.0,10784.80078125
08172025_22_6LapsAndWeirdCurrData.parquet,-1.32,0.0,455.0,0.0,2.299999952316284,109.0999984741211,0.25,108.6956558227539,109.0,0.0,250.92999267578125
08172025_22_6LapsAndWeirdCurrData.parquet,-1.32,1598.0,922.0,7716.0,87.0,105.5,0.5499954223632812,6.321786403656006,105.5,0.0,9178.5
08172025_22_6LapsAndWeirdCurrData.parquet,-1.31,1598.0,922.0,7716.0,87.0,105.5,0.5499954223632812,6.321786403656006,105.5,0.0,9178.5
08172025_22_6LapsAndWeirdCurrData.parquet,-1.31,2588.0,455.0,4429.0,104.0,103.70000457763672,1.2699966430664062,12.211505889892578,103.0,0.0,10784.80078125
08172025_22_6LapsAndWeirdCurrData.parquet,-1.31,1863.0,1059.0,10275.0,130.1999969482422,104.5999984741211,0.45999908447265625,3.5330193042755127,104.5,0.0,13618.919921875
08172025_22_6LapsAndWeirdCurrData.parquet,-1.31,0.0,455.0,0.0,2.299999952316284,109.0999984741211,0.25,108.6956558227539,109.0,0.0,250.92999267578125
08172025_22_6LapsAndWeirdCurrData.parquet,-1.3,0.0,455.0,0.0,2.299999952316284,109.0999984741211,0.25,108.6956558227539,109.0,0.0,250.92999267578125
08172025_22_6LapsAndWeirdCurrData.parquet,-1.3,1851.0,1059.0,10526.0,130.1999969482422,104.5999984741211,0.45999908447265625,3.5330193042755127,104.5,0.0,13618.919921875
08172025_22_6LapsAndWeirdCurrData.parquet,-1.3,1605.0,922.0,7716.0,87.0,105.5,0.5499954223632812,6.321786403656006,105.5,0.0,9178.5
08172025_22_6LapsAndWeirdCurrData.parquet,-1.3,2588.0,455.0,4429.0,104.0,103.70000457763672,1.2699966430664062,12.211505889892578,103.0,0.0,10784.80078125
08172025_22_6LapsAndWeirdCurrData.parquet,-1.29,0.0,455.0,0.0,2.299999952316284,109.0999984741211,0.26000213623046875,113.0444107055664,109.0,0.0,250.92999267578125
08172025_22_6LapsAndWeirdCurrData.parquet,-1.29,2588.0,455.0,4429.0,104.0,103.70000457763672,1.2699966430664062,12.211505889892578,103.0,0.0,10784.80078125
08172025_22_6LapsAndWeirdCurrData.parquet,-1.29,1851.0,1059.0,10526.0,132.10000610351562,104.4000015258789,0.6599960327148438,4.996184825897217,104.4000015258789,-0.1999969482421875,13791.2412109375
08172025_22_6LapsAndWeirdCurrData.parquet,-1.29,1604.0,923.0,7716.0,87.9000015258789,105.5,0.5499954223632812,6.257058143615723,105.5,0.0,9273.4501953125
08172025_22_6LapsAndWeirdCurrData.parquet,-1.28,0.0,455.0,0.0,2.299999952316284,109.0999984741211,0.26000213623046875,113.0444107055664,109.0,0.0,250.92999267578125
08172025_22_6LapsAndWeirdCurrData.parquet,-1.28,1604.0,923.0,7716.0,87.9000015258789,105.5,0.5499954223632812,6.257058143615723,105.5,0.0,9273.4501953125
08172025_22_6LapsAndWeirdCurrData.parquet,-1.28,2588.0,455.0,4429.0,104.0,103.70000457763672,1.2699966430664062,12.211505889892578,103.0,0.0,10784.80078125
08172025_22_6LapsAndWeirdCurrData.parquet,-1.28,1866.0,1059.0,10526.0,132.10000610351562,104.4000015258789,0.6599960327148438,4.996184825897217,104.4000015258789,0.0,13791.2412109375
08172025_22_6LapsAndWeirdCurrData.parquet,-1.27,1866.0,1059.0,10526.0,132.10000610351562,104.4000015258789,0.6599960327148438,4.996184825897217,104.4000015258789,0.0,13791.2412109375
08172025_22_6LapsAndWeirdCurrData.parquet,-1.27,0.0,455.0,0.0,2.299999952316284,109.0999984741211,0.26000213623046875,113.0444107055664,109.0,0.0,250.92999267578125
08172025_22_6LapsAndWeirdCurrData.parquet,-1.27,1604.0,923.0,7709.0,87.9000015258789,105.5,0.5499954223632812,6.257058143615723,105.5,0.0,9273.4501953125
08172025_22_6LapsAndWeirdCurrData.parquet,-1.27,2588.0,455.0,4429.0,104.0,103.70000457763672,1.2699966430664062,12.211505889892578,103.0,0.0,10784.80078125
08172025_22_6LapsAndWeirdCurrData.parquet,-1.26,2046.0,455.0,4429.0,104.0,103.70000457763672,1.2699966430664062,12.211505889892578,103.0,0.0,10784.80078125
08172025_22_6LapsAndWeirdCurrData.parquet,-1.26,1866.0,1070.0,10440.0,132.10000610351562,104.4000015258789,0.6599960327148438,4.996184825897217,104.4000015258789,0.0,13791.2412109375
08172025_22_6LapsAndWeirdCurrData.parquet,-1.26,0.0,455.0,0.0,2.299999952316284,109.0999984741211,0.26000213623046875,113.0444107055664,109.0,0.0,250.92999267578125
08172025_22_6LapsAndWeirdCurrData.parquet,-1.26,1610.0,923.0,7709.0,87.9000015258789,105.5,0.5499954223632812,6.257058143615723,105.5,0.0,9273.4501953125
08172025_22_6LapsAndWeirdCurrData.parquet,-1.25,1866.0,1070.0,10440.0,132.10000610351562,104.4000015258789,0.6599960327148438,4.996184825897217,104.4000015258789,0.0,13791.2412109375
08172025_22_6LapsAndWeirdCurrData.parquet,-1.25,0.0,455.0,0.0,2.299999952316284,109.0999984741211,0.26000213623046875,113.0444107055664,109.0,0.0,250.92999267578125
08172025_22_6LapsAndWeirdCurrData.parquet,-1.25,2046.0,455.0,2708.0,104.0,103.70000457763672,0.149993896484375,1.442249059677124,103.0,0.0,10784.80078125
08172025_22_6LapsAndWeirdCurrData.parquet,-1.25,1610.0,923.0,7709.0,88.30000305175781,105.4000015258789,0.649993896484375,7.361199378967285,105.4000015258789,-0.09999847412109375,9306.8203125
08172025_22_6LapsAndWeirdCurrData.parquet,-1.24,1866.0,1070.0,10440.0,132.10000610351562,104.4000015258789,0.6599960327148438,4.996184825897217,104.4000015258789,0.0,13791.2412109375
08172025_22_6LapsAndWeirdCurrData.parquet,-1.24,1623.0,923.0,7709.0,88.30000305175781,105.4000015258789,0.45999908447265625,5.209502220153809,105.4000015258789,0.0,9306.8203125
08172025_22_6LapsAndWeirdCurrData.parquet,-1.24,0.0,471.0,0.0,2.200000047683716,109.0999984741211,0.26000213623046875,118.18278503417969,109.0,0.0,240.02000427246094
08172025_22_6LapsAndWeirdCurrData.parquet,-1.24,1978.0,455.0,2708.0,83.20000457763672,105.20000457763672,-1.350006103515625,-16.22603416442871,103.0,1.5,8752.640625
08172025_22_6LapsAndWeirdCurrData.parquet,-1.23,1826.0,1070.0,10440.0,132.10000610351562,104.4000015258789,0.6599960327148438,4.996184825897217,104.4000015258789,0.0,13791.2412109375
08172025_22_6LapsAndWeirdCurrData.parquet,-1.23,1623.0,923.0,7716.0,88.30000305175781,105.4000015258789,0.45999908447265625,5.209502220153809,105.4000015258789,0.0,9306.8203125
08172025_22_6LapsAndWeirdCurrData.parquet,-1.23,0.0,471.0,0.0,2.200000047683716,109.0999984741211,0.26000213623046875,118.18278503417969,109.0,0.0,240.02000427246094
08172025_22_6LapsAndWeirdCurrData.parquet,-1.23,1978.0,455.0,2708.0,83.20000457763672,105.20000457763672,-1.350006103515625,-16.22603416442871,103.0,0.0,8752.640625
08172025_22_6LapsAndWeirdCurrData.parquet,-1.22,1826.0,1070.0,10534.0,132.10000610351562,104.4000015258789,0.6599960327148438,4.996184825897217,104.4000015258789,0.0,13791.2412109375
08172025_22_6LapsAndWeirdCurrData.parquet,-1.22,1623.0,923.0,7716.0,88.30000305175781,105.4000015258789,0.45999908447265625,5.209502220153809,105.4000015258789,0.0,9306.8203125
08172025_22_6LapsAndWeirdCurrData.parquet,-1.22,2060.0,455.0,2708.0,83.20000457763672,105.20000457763672,-1.350006103515625,-16.22603416442871,103.0,0.0,8752.640625
08172025_22_6LapsAndWeirdCurrData.parquet,-1.22,0.0,471.0,0.0,2.200000047683716,109.0999984741211,0.26000213623046875,118.18278503417969,109.0,0.0,240.02000427246094
08172025_22_6LapsAndWeirdCurrData.parquet,-1.21,2060.0,455.0,2899.0,83.20000457763672,105.20000457763672,-1.350006103515625,-16.22603416442871,103.0,0.0,8752.640625
08172025_22_6LapsAndWeirdCurrData.parquet,-1.21,1636.0,923.0,7716.0,89.5,105.4000015258789,0.45999908447265625,5.139654636383057,105.4000015258789,0.0,9433.2998046875
08172025_22_6LapsAndWeirdCurrData.parquet,-1.21,1887.0,1070.0,10534.0,135.40000915527344,104.30000305175781,0.899993896484375,6.646926403045654,104.30000305175781,-0.09999847412109375,14122.2216796875
08172025_22_6LapsAndWeirdCurrData.parquet,-1.21,0.0,471.0,0.0,2.200000047683716,109.0999984741211,0.26000213623046875,118.18278503417969,109.0,0.0,240.02000427246094
08172025_22_6LapsAndWeirdCurrData.parquet,-1.2,1887.0,1070.0,10534.0,135.40000915527344,104.30000305175781,0.899993896484375,6.646926403045654,104.30000305175781,0.0,14122.2216796875
08172025_22_6LapsAndWeirdCurrData.parquet,-1.2,1636.0,923.0,7716.0,89.5,105.4000015258789,0.45999908447265625,5.139654636383057,105.4000015258789,0.0,9433.2998046875
08172025_22_6LapsAndWeirdCurrData.parquet,-1.2,2127.0,455.0,2899.0,68.5,105.5999984741211,-1.75,-25.54744529724121,103.0,0.399993896484375,7233.60009765625
08172025_22_6LapsAndWeirdCurrData.parquet,-1.2,0.0,471.0,0.0,2.299999952316284,109.0,0.3600006103515625,156.52200317382812,109.0,-0.09999847412109375,250.6999969482422
08172025_22_6LapsAndWeirdCurrData.parquet,-1.19,1637.0,923.0,7613.0,89.5,105.4000015258789,0.45999908447265625,5.139654636383057,105.4000015258789,0.0,9433.2998046875
08172025_22_6LapsAndWeirdCurrData.parquet,-1.19,1891.0,1070.0,10534.0,135.40000915527344,104.30000305175781,0.899993896484375,6.646926403045654,104.30000305175781,0.0,14122.2216796875
08172025_22_6LapsAndWeirdCurrData.parquet,-1.19,2127.0,455.0,2899.0,68.5,105.5999984741211,-1.75,-25.54744529724121,103.0,0.0,7233.60009765625
08172025_22_6LapsAndWeirdCurrData.parquet,-1.19,0.0,471.0,0.0,2.299999952316284,109.0,0.3600006103515625,156.52200317382812,109.0,0.0,250.6999969482422
08172025_22_6LapsAndWeirdCurrData.parquet,-1.18,0.0,490.0,176.0,2.299999952316284,109.0,0.3600006103515625,156.52200317382812,109.0,0.0,250.6999969482422
08172025_22_6LapsAndWeirdCurrData.parquet,-1.18,1637.0,923.0,7613.0,89.5,105.4000015258789,0.45999908447265625,5.139654636383057,105.4000015258789,0.0,9433.2998046875
08172025_22_6LapsAndWeirdCurrData.parquet,-1.18,1891.0,1070.0,10622.0,135.40000915527344,104.30000305175781,0.899993896484375,6.646926403045654,104.30000305175781,0.0,14122.2216796875
08172025_22_6LapsAndWeirdCurrData.parquet,-1.18,2063.0,455.0,2899.0,68.5,105.5999984741211,-1.75,-25.54744529724121,103.0,0.0,7233.60009765625
08172025_22_6LapsAndWeirdCurrData.parquet,-1.17,0.0,490.0,176.0,2.299999952316284,109.0,0.3600006103515625,156.52200317382812,109.0,0.0,250.6999969482422
08172025_22_6LapsAndWeirdCurrData.parquet,-1.17,1871.0,1070.0,10622.0,135.40000915527344,104.30000305175781,0.899993896484375,6.646926403045654,104.30000305175781,0.0,14122.2216796875
08172025_22_6LapsAndWeirdCurrData.parquet,-1.17,1639.0,923.0,7613.0,89.9000015258789,105.4000015258789,0.45999908447265625,5.116786479949951,105.4000015258789,0.0,9475.4599609375
08172025_22_6LapsAndWeirdCurrData.parquet,-1.17,2063.0,455.0,3778.0,68.5,105.5999984741211,-1.75,-25.54744529724121,103.0,0.0,7233.60009765625
08172025_22_6LapsAndWeirdCurrData.parquet,-1.16,0.0,490.0,176.0,2.299999952316284,109.0999984741211,0.26000213623046875,113.0444107055664,109.0,0.09999847412109375,250.92999267578125
08172025_22_6LapsAndWeirdCurrData.parquet,-1.16,1871.0,1072.0,10622.0,136.90000915527344,104.20000457763672,0.9999923706054688,7.3045454025268555,104.20000457763672,-0.09999847412109375,14264.9814453125
08172025_22_6LapsAndWeirdCurrData.parquet,-1.16,2063.0,455.0,3778.0,61.0,105.5999984741211,-1.75,-28.68852424621582,103.0,0.0,6441.60009765625
08172025_22_6LapsAndWeirdCurrData.parquet,-1.16,1639.0,923.0,7613.0,89.9000015258789,105.4000015258789,0.45999908447265625,5.116786479949951,105.4000015258789,0.0,9475.4599609375
08172025_22_6LapsAndWeirdCurrData.parquet,-1.15,0.0,490.0,263.0,2.299999952316284,109.0999984741211,0.26000213623046875,113.0444107055664,109.0,0.0,250.92999267578125
08172025_22_6LapsAndWeirdCurrData.parquet,-1.15,2021.0,455.0,3778.0,61.0,105.5999984741211,0.339996337890625,5.5737104415893555,103.0,0.0,6441.60009765625
08172025_22_6LapsAndWeirdCurrData.parquet,-1.15,1871.0,1072.0,10622.0,136.90000915527344,104.20000457763672,0.9999923706054688,7.3045454025268555,104.20000457763672,0.0,14264.9814453125
08172025_22_6LapsAndWeirdCurrData.parquet,-1.15,1646.0,923.0,7337.0,89.9000015258789,105.4000015258789,0.45999908447265625,5.116786479949951,105.4000015258789,0.0,9475.4599609375
08172025_22_6LapsAndWeirdCurrData.parquet,-1.14,0.0,490.0,263.0,2.299999952316284,109.0999984741211,0.26000213623046875,113.0444107055664,109.0,0.0,250.92999267578125
08172025_22_6LapsAndWeirdCurrData.parquet,-1.14,2021.0,455.0,3778.0,61.0,105.5999984741211,0.339996337890625,5.5737104415893555,103.0,0.0,6441.60009765625
08172025_22_6LapsAndWeirdCurrData.parquet,-1.14,1646.0,923.0,7337.0,89.9000015258789,105.4000015258789,0.45999908447265625,5.116786479949951,105.4000015258789,0.0,9475.4599609375
08172025_22_6LapsAndWeirdCurrData.parquet,-1.14,1871.0,1072.0,10424.0,136.90000915527344,104.20000457763672,0.9999923706054688,7.3045454025268555,104.20000457763672,0.0,14264.9814453125
08172025_22_6LapsAndWeirdCurrData.parquet,-1.13,2097.0,455.0,4803.0,61.0,105.5999984741211,0.339996337890625,5.5737104415893555,103.0,0.0,6441.60009765625
08172025_22_6LapsAndWeirdCurrData.parquet,-1.13,1652.0,923.0,7337.0,89.9000015258789,105.4000015258789,0.45999908447265625,5.116786479949951,105.4000015258789,0.0,9475.4599609375
08172025_22_6LapsAndWeirdCurrData.parquet,-1.13,0.0,490.0,263.0,2.299999952316284,109.0999984741211,0.26000213623046875,113.0444107055664,109.0,0.0,250.92999267578125
08172025_22_6LapsAndWeirdCurrData.parquet,-1.13,1891.0,1072.0,10424.0,136.90000915527344,104.20000457763672,0.9999923706054688,7.3045454025268555,104.20000457763672,0.0,14264.9814453125
08172025_22_6LapsAndWeirdCurrData.parquet,-1.12,1652.0,923.0,7337.0,89.30000305175781,105.4000015258789,0.45999908447265625,5.151165008544922,105.4000015258789,0.0,9412.220703125
08172025_22_6LapsAndWeirdCurrData.parquet,-1.12,0.0,490.0,263.0,2.5,109.0999984741211,0.26000213623046875,104.0008544921875,109.0,0.0,272.75
08172025_22_6LapsAndWeirdCurrData.parquet,-1.12,2097.0,455.0,4803.0,59.20000076293945,105.20000457763672,0.739990234375,12.499835014343262,103.0,-0.399993896484375,6227.84033203125
08172025_22_6LapsAndWeirdCurrData.parquet,-1.12,1891.0,1072.0,10424.0,138.10000610351562,104.20000457763672,0.9999923706054688,7.241074085235596,104.20000457763672,0.0,14390.021484375
08172025_22_6LapsAndWeirdCurrData.parquet,-1.11,1891.0,1072.0,10424.0,138.10000610351562,104.20000457763672,0.489990234375,3.5480825901031494,104.20000457763672,0.0,14390.021484375
08172025_22_6LapsAndWeirdCurrData.parquet,-1.11,0.0,490.0,349.0,2.5,109.0999984741211,0.26000213623046875,104.0008544921875,109.0,0.0,272.75
08172025_22_6LapsAndWeirdCurrData.parquet,-1.11,2109.0,455.0,4803.0,59.20000076293945,105.20000457763672,0.739990234375,12.499835014343262,103.0,0.0,6227.84033203125
08172025_22_6LapsAndWeirdCurrData.parquet,-1.11,1658.0,923.0,7297.0,89.30000305175781,105.4000015258789,0.45999908447265625,5.151165008544922,105.4000015258789,0.0,9412.220703125
08172025_22_6LapsAndWeirdCurrData.parquet,-1.1,0.0,490.0,349.0,2.5,109.0999984741211,0.26000213623046875,104.0008544921875,109.0,0.0,272.75
08172025_22_6LapsAndWeirdCurrData.parquet,-1.1,1658.0,923.0,7297.0,89.30000305175781,105.4000015258789,0.45999908447265625,5.151165008544922,105.4000015258789,0.0,9412.220703125
08172025_22_6LapsAndWeirdCurrData.parquet,-1.1,2109.0,455.0,4803.0,59.20000076293945,105.20000457763672,0.739990234375,12.499835014343262,103.0,0.0,6227.84033203125
08172025_22_6LapsAndWeirdCurrData.parquet,-1.1,1901.0,1072.0,10361.0,138.10000610351562,104.20000457763672,0.489990234375,3.5480825901031494,104.20000457763672,0.0,14390.021484375
08172025_22_6LapsAndWeirdCurrData.parquet,-1.09,0.0,490.0,349.0,2.5,109.0999984741211,0.26000213623046875,104.0008544921875,109.0,0.0,272.75
08172025_22_6LapsAndWeirdCurrData.parquet,-1.09,1658.0,899.0,7297.0,88.5,105.5,0.3600006103515625,4.067803859710693,105.4000015258789,0.09999847412109375,9336.75
08172025_22_6LapsAndWeirdCurrData.parquet,-1.09,1901.0,1072.0,10361.0,138.10000610351562,104.20000457763672,0.489990234375,3.5480825901031494,104.20000457763672,0.0,14390.021484375
08172025_22_6LapsAndWeirdCurrData.parquet,-1.09,2093.0,455.0,4803.0,59.20000076293945,105.20000457763672,0.739990234375,12.499835014343262,103.0,0.0,6227.84033203125
08172025_22_6LapsAndWeirdCurrData.parquet,-1.08,1658.0,899.0,7297.0,88.5,105.5,0.3600006103515625,4.067803859710693,105.4000015258789,0.0,9336.75
08172025_22_6LapsAndWeirdCurrData.parquet,-1.08,1937.0,1072.0,10361.0,139.0,104.0999984741211,0.589996337890625,4.244577884674072,104.0999984741211,-0.100006103515625,14469.8994140625
08172025_22_6LapsAndWeirdCurrData.parquet,-1.08,0.0,510.0,476.0,2.5,109.0999984741211,0.26000213623046875,104.0008544921875,109.0,0.0,272.75
08172025_22_6LapsAndWeirdCurrData.parquet,-1.08,2093.0,455.0,4803.0,63.70000076293945,104.80000305175781,1.1399917602539062,17.896259307861328,103.0,-0.40000152587890625,6675.76025390625
08172025_22_6LapsAndWeirdCurrData.parquet,-1.07,1937.0,1072.0,10361.0,139.0,104.0999984741211,0.589996337890625,4.244577884674072,104.0999984741211,0.0,14469.8994140625
08172025_22_6LapsAndWeirdCurrData.parquet,-1.07,0.0,510.0,476.0,2.5,109.0999984741211,0.26000213623046875,104.0008544921875,109.0,0.0,272.75
08172025_22_6LapsAndWeirdCurrData.parquet,-1.07,1658.0,899.0,7278.0,88.5,105.5,0.3600006103515625,4.067803859710693,105.4000015258789,0.0,9336.75
08172025_22_6LapsAndWeirdCurrData.parquet,-1.07,2098.0,455.0,4803.0,63.70000076293945,104.80000305175781,1.1399917602539062,17.896259307861328,103.0,0.0,6675.76025390625
08172025_22_6LapsAndWeirdCurrData.parquet,-1.06,0.0,510.0,476.0,2.5,109.0999984741211,0.26000213623046875,104.0008544921875,109.0,0.0,272.75
08172025_22_6LapsAndWeirdCurrData.parquet,-1.06,1952.0,1075.0,10436.0,139.0,104.0999984741211,0.589996337890625,4.244577884674072,104.0999984741211,0.0,14469.8994140625
08172025_22_6LapsAndWeirdCurrData.parquet,-1.06,1682.0,899.0,7278.0,88.5,105.5,0.3600006103515625,4.067803859710693,105.4000015258789,0.0,9336.75
08172025_22_6LapsAndWeirdCurrData.parquet,-1.06,2098.0,455.0,4803.0,63.70000076293945,104.80000305175781,1.1399917602539062,17.896259307861328,103.0,0.0,6675.76025390625
08172025_22_6LapsAndWeirdCurrData.parquet,-1.05,1952.0,1075.0,10436.0,139.0,104.0999984741211,0.589996337890625,4.244577884674072,104.0999984741211,0.0,14469.8994140625
08172025_22_6LapsAndWeirdCurrData.parquet,-1.05,2098.0,455.0,1670.0,63.70000076293945,104.80000305175781,1.1399917602539062,17.896259307861328,103.0,0.0,6675.76025390625
08172025_22_6LapsAndWeirdCurrData.parquet,-1.05,1682.0,899.0,7278.0,88.5,105.5,0.3600006103515625,4.067803859710693,105.4000015258789,0.0,9336.75
08172025_22_6LapsAndWeirdCurrData.parquet,-1.05,14.0,510.0,476.0,2.5,109.0999984741211,0.26000213623046875,104.0008544921875,109.0,0.0,272.75
08172025_22_6LapsAndWeirdCurrData.parquet,-1.04,1905.0,1075.0,10436.0,139.90000915527344,104.0999984741211,0.589996337890625,4.21727180480957,104.0999984741211,0.0,14563.5908203125
08172025_22_6LapsAndWeirdCurrData.parquet,-1.04,2098.0,455.0,1670.0,61.60000228881836,105.0999984741211,0.839996337890625,13.636303901672363,103.0,0.29999542236328125,6474.16015625
08172025_22_6LapsAndWeirdCurrData.parquet,-1.04,1672.0,899.0,7278.0,88.70000457763672,105.5,0.29999542236328125,3.3821353912353516,105.4000015258789,0.0,9357.8505859375
08172025_22_6LapsAndWeirdCurrData.parquet,-1.04,14.0,510.0,476.0,2.5,109.0999984741211,0.26000213623046875,104.0008544921875,109.0,0.0,272.75
08172025_22_6LapsAndWeirdCurrData.parquet,-1.03,2159.0,455.0,1670.0,61.60000228881836,105.0999984741211,0.839996337890625,13.636303901672363,103.0,0.0,6474.16015625
08172025_22_6LapsAndWeirdCurrData.parquet,-1.03,1905.0,1075.0,10436.0,139.90000915527344,104.0999984741211,0.589996337890625,4.21727180480957,104.0999984741211,0.0,14563.5908203125
08172025_22_6LapsAndWeirdCurrData.parquet,-1.03,26.0,510.0,476.0,4.200000286102295,109.0999984741211,0.26000213623046875,61.90526580810547,109.0,0.0,458.22003173828125
08172025_22_6LapsAndWeirdCurrData.parquet,-1.03,1672.0,899.0,7186.0,88.70000457763672,105.5,0.29999542236328125,3.3821353912353516,105.4000015258789,0.0,9357.8505859375
08172025_22_6LapsAndWeirdCurrData.parquet,-1.02,2159.0,455.0,1670.0,61.60000228881836,105.0999984741211,0.839996337890625,13.636303901672363,103.0,0.0,6474.16015625
08172025_22_6LapsAndWeirdCurrData.parquet,-1.02,1929.0,1075.0,10455.0,139.90000915527344,104.0999984741211,0.589996337890625,4.21727180480957,104.0999984741211,0.0,14563.5908203125
08172025_22_6LapsAndWeirdCurrData.parquet,-1.02,1680.0,899.0,7186.0,88.70000457763672,105.5,0.29999542236328125,3.3821353912353516,105.4000015258789,0.0,9357.8505859375
08172025_22_6LapsAndWeirdCurrData.parquet,-1.02,26.0,510.0,482.0,4.200000286102295,109.0999984741211,0.26000213623046875,61.90526580810547,109.0,0.0,458.22003173828125
08172025_22_6LapsAndWeirdCurrData.parquet,-1.01,1929.0,1075.0,10455.0,139.90000915527344,104.0999984741211,0.589996337890625,4.21727180480957,104.0999984741211,0.0,14563.5908203125
08172025_22_6LapsAndWeirdCurrData.parquet,-1.01,1680.0,899.0,7186.0,88.70000457763672,105.5,0.29999542236328125,3.3821353912353516,105.4000015258789,0.0,9357.8505859375
08172025_22_6LapsAndWeirdCurrData.parquet,-1.01,35.0,510.0,482.0,4.200000286102295,109.0999984741211,0.26000213623046875,61.90526580810547,109.0,0.0,458.22003173828125
08172025_22_6LapsAndWeirdCurrData.parquet,-1.01,2159.0,455.0,1615.0,61.60000228881836,105.0999984741211,0.839996337890625,13.636303901672363,103.0,0.0,6474.16015625
08172025_22_6LapsAndWeirdCurrData.parquet,-1.0,35.0,510.0,482.0,4.200000286102295,109.0999984741211,0.26000213623046875,61.90526580810547,109.0,0.0,458.22003173828125
08172025_22_6LapsAndWeirdCurrData.parquet,-1.0,1683.0,899.0,7186.0,87.80000305175781,105.5,0.29999542236328125,3.416804075241089,105.4000015258789,0.0,9262.900390625
08172025_22_6LapsAndWeirdCurrData.parquet,-1.0,2163.0,455.0,1615.0,61.60000228881836,105.0999984741211,0.839996337890625,13.636303901672363,103.0,0.0,6474.16015625
08172025_22_6LapsAndWeirdCurrData.parquet,-1.0,1929.0,1075.0,10455.0,139.90000915527344,104.0999984741211,0.589996337890625,4.21727180480957,104.0999984741211,0.0,14563.5908203125
08172025_22_6LapsAndWeirdCurrData.parquet,-0.99,15.0,510.0,516.0,4.599999904632568,109.0999984741211,0.26000213623046875,56.5222053527832,109.0,0.0,501.8599853515625
08172025_22_6LapsAndWeirdCurrData.parquet,-0.99,1683.0,885.0,7074.0,87.80000305175781,105.5,0.29999542236328125,3.416804075241089,105.4000015258789,0.0,9262.900390625
08172025_22_6LapsAndWeirdCurrData.parquet,-0.99,2199.0,455.0,1615.0,49.60000228881836,106.0,-0.06000518798828125,-1.2097820043563843,103.0,0.9000015258789062,5257.60009765625
08172025_22_6LapsAndWeirdCurrData.parquet,-0.99,1999.0,1075.0,10455.0,141.6999969482422,104.0,0.6899948120117188,4.869406223297119,104.0,-0.09999847412109375,14736.7998046875
08172025_22_6LapsAndWeirdCurrData.parquet,-0.98,2199.0,455.0,1615.0,49.60000228881836,106.0,-0.06000518798828125,-1.2097820043563843,103.0,0.0,5257.60009765625
08172025_22_6LapsAndWeirdCurrData.parquet,-0.98,1683.0,885.0,7074.0,87.80000305175781,105.5,0.29999542236328125,3.416804075241089,105.4000015258789,0.0,9262.900390625
08172025_22_6LapsAndWeirdCurrData.parquet,-0.98,16.0,515.0,516.0,4.599999904632568,109.0999984741211,0.26000213623046875,56.5222053527832,109.0,0.0,501.8599853515625
08172025_22_6LapsAndWeirdCurrData.parquet,-0.98,1999.0,1075.0,10634.0,141.6999969482422,104.0,0.6899948120117188,4.869406223297119,104.0,0.0,14736.7998046875
08172025_22_6LapsAndWeirdCurrData.parquet,-0.97,16.0,515.0,516.0,4.599999904632568,109.0999984741211,0.26000213623046875,56.5222053527832,109.0,0.0,501.8599853515625
08172025_22_6LapsAndWeirdCurrData.parquet,-0.97,2199.0,455.0,2277.0,49.60000228881836,106.0,-0.06000518798828125,-1.2097820043563843,103.0,0.0,5257.60009765625
08172025_22_6LapsAndWeirdCurrData.parquet,-0.97,1991.0,1075.0,10634.0,141.6999969482422,104.0,0.6899948120117188,4.869406223297119,104.0,0.0,14736.7998046875
08172025_22_6LapsAndWeirdCurrData.parquet,-0.97,1683.0,885.0,7074.0,87.80000305175781,105.5,0.29999542236328125,3.416804075241089,105.4000015258789,0.0,9262.900390625
08172025_22_6LapsAndWeirdCurrData.parquet,-0.96,1991.0,1083.0,10634.0,141.6999969482422,104.0,0.6899948120117188,4.869406223297119,104.0,0.0,14736.7998046875
08172025_22_6LapsAndWeirdCurrData.parquet,-0.96,1702.0,885.0,7074.0,88.0,105.5,0.29999542236328125,3.40903902053833,105.4000015258789,0.0,9284.0
08172025_22_6LapsAndWeirdCurrData.parquet,-0.96,16.0,515.0,516.0,4.599999904632568,109.0999984741211,0.26000213623046875,56.5222053527832,109.0,0.0,501.8599853515625
08172025_22_6LapsAndWeirdCurrData.parquet,-0.96,2196.0,455.0,2277.0,49.60000228881836,106.0,-0.06000518798828125,-1.2097820043563843,103.0,0.0,5257.60009765625
08172025_22_6LapsAndWeirdCurrData.parquet,-0.95,16.0,515.0,689.0,4.900000095367432,109.0999984741211,0.26000213623046875,53.06166076660156,109.0,0.0,534.5900268554688
08172025_22_6LapsAndWeirdCurrData.parquet,-0.95,1991.0,1083.0,10634.0,141.6999969482422,104.0,0.6899948120117188,4.869406223297119,104.0,0.0,14736.7998046875
08172025_22_6LapsAndWeirdCurrData.parquet,-0.95,1702.0,885.0,7133.0,88.0,105.5,0.29999542236328125,3.40903902053833,105.4000015258789,0.0,9284.0
08172025_22_6LapsAndWeirdCurrData.parquet,-0.95,2196.0,455.0,2277.0,43.400001525878906,106.0,-0.279998779296875,-6.451584339141846,103.0,0.0,4600.400390625
08172025_22_6LapsAndWeirdCurrData.parquet,-0.94,5.0,515.0,689.0,4.900000095367432,109.0999984741211,0.26000213623046875,53.06166076660156,109.0,0.0,534.5900268554688
08172025_22_6LapsAndWeirdCurrData.parquet,-0.94,1991.0,1083.0,10478.0,141.6999969482422,104.0,0.6899948120117188,4.869406223297119,104.0,0.0,14736.7998046875
08172025_22_6LapsAndWeirdCurrData.parquet,-0.94,1701.0,885.0,7133.0,88.0,105.5,0.29999542236328125,3.40903902053833,105.4000015258789,0.0,9284.0
08172025_22_6LapsAndWeirdCurrData.parquet,-0.94,2212.0,455.0,2277.0,43.400001525878906,106.0,-0.279998779296875,-6.451584339141846,103.0,0.0,4600.400390625
08172025_22_6LapsAndWeirdCurrData.parquet,-0.93,1981.0,1083.0,10478.0,141.6999969482422,104.0,0.6899948120117188,4.869406223297119,104.0,0.0,14736.7998046875
08172025_22_6LapsAndWeirdCurrData.parquet,-0.93,1701.0,885.0,7133.0,88.0,105.5,0.29999542236328125,3.40903902053833,105.4000015258789,0.0,9284.0
08172025_22_6LapsAndWeirdCurrData.parquet,-0.93,5.0,515.0,689.0,4.900000095367432,109.0999984741211,0.26000213623046875,53.06166076660156,109.0,0.0,534.5900268554688
08172025_22_6LapsAndWeirdCurrData.parquet,-0.93,2212.0,455.0,2176.0,43.400001525878906,106.0,-0.279998779296875,-6.451584339141846,103.0,0.0,4600.400390625
08172025_22_6LapsAndWeirdCurrData.parquet,-0.92,1981.0,1083.0,10478.0,141.6999969482422,104.0,0.6899948120117188,4.869406223297119,104.0,0.0,14736.7998046875
08172025_22_6LapsAndWeirdCurrData.parquet,-0.92,2247.0,455.0,2176.0,43.400001525878906,106.0,-0.279998779296875,-6.451584339141846,103.0,0.0,4600.400390625
08172025_22_6LapsAndWeirdCurrData.parquet,-0.92,1701.0,885.0,7133.0,87.5,105.5,0.29999542236328125,3.4285190105438232,105.4000015258789,0.0,9231.25
08172025_22_6LapsAndWeirdCurrData.parquet,-0.92,15.0,515.0,689.0,4.900000095367432,109.0999984741211,0.26000213623046875,53.06166076660156,109.0,0.0,534.5900268554688
08172025_22_6LapsAndWeirdCurrData.parquet,-0.91,2247.0,455.0,2176.0,41.5,105.80000305175781,-0.0800018310546875,-1.9277549982070923,103.0,-0.1999969482421875,4390.7001953125
08172025_22_6LapsAndWeirdCurrData.parquet,-0.91,1701.0,885.0,7277.0,87.5,105.5,0.29999542236328125,3.4285190105438232,105.4000015258789,0.0,9231.25
08172025_22_6LapsAndWeirdCurrData.parquet,-0.91,1997.0,1083.0,10478.0,145.1999969482422,103.9000015258789,0.80999755859375,5.578495502471924,103.9000015258789,-0.09999847412109375,15086.2802734375
08172025_22_6LapsAndWeirdCurrData.parquet,-0.91,15.0,515.0,970.0,5.099999904632568,109.0999984741211,0.26000213623046875,50.980812072753906,109.0,0.0,556.4099731445312
08172025_22_6LapsAndWeirdCurrData.parquet,-0.9,2260.0,455.0,2176.0,41.5,105.80000305175781,-0.0800018310546875,-1.9277549982070923,103.0,0.0,4390.7001953125
08172025_22_6LapsAndWeirdCurrData.parquet,-0.9,1997.0,1083.0,10579.0,145.1999969482422,103.9000015258789,0.80999755859375,5.578495502471924,103.9000015258789,0.0,15086.2802734375
08172025_22_6LapsAndWeirdCurrData.parquet,-0.9,13.0,515.0,970.0,5.099999904632568,109.0999984741211,0.26000213623046875,50.980812072753906,109.0,0.0,556.4099731445312
08172025_22_6LapsAndWeirdCurrData.parquet,-0.9,1701.0,885.0,7277.0,87.5,105.5,0.29999542236328125,3.4285190105438232,105.4000015258789,0.0,9231.25
08172025_22_6LapsAndWeirdCurrData.parquet,-0.89,13.0,546.0,970.0,5.099999904632568,109.0999984741211,0.26000213623046875,50.980812072753906,109.0,0.0,556.4099731445312
08172025_22_6LapsAndWeirdCurrData.parquet,-0.89,2260.0,455.0,2176.0,41.5,105.80000305175781,-0.0800018310546875,-1.9277549982070923,103.0,0.0,4390.7001953125
08172025_22_6LapsAndWeirdCurrData.parquet,-0.89,2023.0,1083.0,10579.0,145.1999969482422,103.9000015258789,0.80999755859375,5.578495502471924,103.9000015258789,0.0,15086.2802734375
08172025_22_6LapsAndWeirdCurrData.parquet,-0.89,1730.0,885.0,7277.0,87.5,105.5,0.29999542236328125,3.4285190105438232,105.4000015258789,0.0,9231.25
08172025_22_6LapsAndWeirdCurrData.parquet,-0.88,2023.0,1083.0,10579.0,145.1999969482422,103.9000015258789,0.80999755859375,5.578495502471924,103.9000015258789,0.0,15086.2802734375
08172025_22_6LapsAndWeirdCurrData.parquet,-0.88,1730.0,885.0,7277.0,88.0999984741211,105.4000015258789,0.399993896484375,4.540225982666016,105.4000015258789,-0.09999847412109375,9285.740234375
08172025_22_6LapsAndWeirdCurrData.parquet,-0.88,2260.0,455.0,2176.0,41.5,105.80000305175781,-0.0800018310546875,-1.9277549982070923,103.30000305175781,0.0,4390.7001953125
08172025_22_6LapsAndWeirdCurrData.parquet,-0.88,13.0,546.0,991.0,5.099999904632568,109.0999984741211,0.26000213623046875,50.980812072753906,109.0,0.0,556.4099731445312
08172025_22_6LapsAndWeirdCurrData.parquet,-0.87,1727.0,885.0,7317.0,88.0999984741211,105.4000015258789,0.399993896484375,4.540225982666016,105.4000015258789,0.0,9285.740234375
08172025_22_6LapsAndWeirdCurrData.parquet,-0.87,2004.0,1083.0,10579.0,147.5,103.80000305175781,0.9099960327148438,6.169464588165283,103.80000305175781,-0.09999847412109375,15310.5
08172025_22_6LapsAndWeirdCurrData.parquet,-0.87,13.0,546.0,991.0,5.099999904632568,109.0999984741211,0.26000213623046875,50.980812072753906,109.0,0.0,556.4099731445312
08172025_22_6LapsAndWeirdCurrData.parquet,-0.87,2266.0,455.0,2176.0,41.79999923706055,105.5999984741211,0.12000274658203125,2.8708791732788086,103.30000305175781,-0.20000457763671875,4414.080078125
08172025_22_6LapsAndWeirdCurrData.parquet,-0.86,1727.0,885.0,7317.0,88.0999984741211,105.4000015258789,0.399993896484375,4.540225982666016,105.4000015258789,0.0,9285.740234375
08172025_22_6LapsAndWeirdCurrData.parquet,-0.86,2004.0,1083.0,10377.0,147.5,103.80000305175781,0.9099960327148438,6.169464588165283,103.80000305175781,0.0,15310.5
08172025_22_6LapsAndWeirdCurrData.parquet,-0.86,13.0,546.0,991.0,5.099999904632568,109.0999984741211,0.26000213623046875,50.980812072753906,109.0,0.0,556.4099731445312
08172025_22_6LapsAndWeirdCurrData.parquet,-0.86,2266.0,455.0,2176.0,41.79999923706055,105.5999984741211,0.12000274658203125,2.8708791732788086,103.30000305175781,0.0,4414.080078125
08172025_22_6LapsAndWeirdCurrData.parquet,-0.85,2307.0,455.0,3754.0,41.79999923706055,105.5999984741211,0.12000274658203125,2.8708791732788086,103.30000305175781,0.0,4414.080078125
08172025_22_6LapsAndWeirdCurrData.parquet,-0.85,2004.0,1083.0,10377.0,147.5,103.80000305175781,0.9099960327148438,6.169464588165283,103.80000305175781,0.0,15310.5
08172025_22_6LapsAndWeirdCurrData.parquet,-0.85,1735.0,885.0,7317.0,88.0999984741211,105.4000015258789,0.399993896484375,4.540225982666016,105.4000015258789,0.0,9285.740234375
08172025_22_6LapsAndWeirdCurrData.parquet,-0.85,5.0,546.0,991.0,5.099999904632568,109.0999984741211,0.26000213623046875,50.980812072753906,109.0,0.0,556.4099731445312
08172025_22_6LapsAndWeirdCurrData.parquet,-0.84,1735.0,885.0,7317.0,88.0999984741211,105.4000015258789,0.399993896484375,4.540225982666016,105.4000015258789,0.0,9285.740234375
08172025_22_6LapsAndWeirdCurrData.parquet,-0.84,2307.0,455.0,3754.0,41.79999923706055,105.5999984741211,0.12000274658203125,2.8708791732788086,103.70000457763672,0.0,4414.080078125
08172025_22_6LapsAndWeirdCurrData.parquet,-0.84,5.0,546.0,991.0,5.099999904632568,109.0999984741211,0.26000213623046875,50.980812072753906,109.0,0.0,556.4099731445312
08172025_22_6LapsAndWeirdCurrData.parquet,-0.84,2038.0,1083.0,10377.0,147.5,103.80000305175781,0.9099960327148438,6.169464588165283,103.80000305175781,0.0,15310.5
08172025_22_6LapsAndWeirdCurrData.parquet,-0.83,10.0,546.0,991.0,5.300000190734863,109.0999984741211,0.25,47.16980743408203,109.0,0.0,578.2300415039062
08172025_22_6LapsAndWeirdCurrData.parquet,-0.83,1735.0,885.0,7304.0,90.0999984741211,105.30000305175781,0.49999237060546875,5.549304962158203,105.30000305175781,-0.09999847412109375,9487.5302734375
08172025_22_6LapsAndWeirdCurrData.parquet,-0.83,2038.0,1083.0,10377.0,148.40000915527344,103.80000305175781,0.9099960327148438,6.132048606872559,103.80000305175781,0.0,15403.921875
08172025_22_6LapsAndWeirdCurrData.parquet,-0.83,2333.0,455.0,3754.0,44.70000076293945,105.4000015258789,0.31999969482421875,7.158829689025879,103.70000457763672,-0.1999969482421875,4711.38037109375
08172025_22_6LapsAndWeirdCurrData.parquet,-0.82,1735.0,885.0,7304.0,90.0999984741211,105.30000305175781,0.49999237060546875,5.549304962158203,105.30000305175781,0.0,9487.5302734375
08172025_22_6LapsAndWeirdCurrData.parquet,-0.82,2061.0,1083.0,10697.0,148.40000915527344,103.80000305175781,0.9099960327148438,6.132048606872559,103.80000305175781,0.0,15403.921875
08172025_22_6LapsAndWeirdCurrData.parquet,-0.82,10.0,546.0,1022.0,5.300000190734863,109.0999984741211,0.25,47.16980743408203,109.0,0.0,578.2300415039062
08172025_22_6LapsAndWeirdCurrData.parquet,-0.82,2333.0,455.0,3754.0,44.70000076293945,105.4000015258789,0.31999969482421875,7.158829689025879,103.70000457763672,0.0,4711.38037109375
08172025_22_6LapsAndWeirdCurrData.parquet,-0.81,2061.0,1083.0,10697.0,148.40000915527344,103.80000305175781,0.9099960327148438,6.132048606872559,103.80000305175781,0.0,15403.921875
08172025_22_6LapsAndWeirdCurrData.parquet,-0.81,1752.0,885.0,7304.0,90.0999984741211,105.30000305175781,0.49999237060546875,5.549304962158203,105.30000305175781,0.0,9487.5302734375
08172025_22_6LapsAndWeirdCurrData.parquet,-0.81,1.0,546.0,1022.0,5.300000190734863,109.0999984741211,0.25,47.16980743408203,109.0,0.0,578.2300415039062
08172025_22_6LapsAndWeirdCurrData.parquet,-0.81,2368.0,455.0,3399.0,44.70000076293945,105.4000015258789,0.31999969482421875,7.158829689025879,103.70000457763672,0.0,4711.38037109375
08172025_22_6LapsAndWeirdCurrData.parquet,-0.8,2368.0,455.0,3399.0,44.70000076293945,105.4000015258789,0.31999969482421875,7.158829689025879,103.70000457763672,0.0,4711.38037109375
08172025_22_6LapsAndWeirdCurrData.parquet,-0.8,1752.0,885.0,7304.0,90.0999984741211,105.30000305175781,0.49999237060546875,5.549304962158203,105.30000305175781,0.0,9487.5302734375
08172025_22_6LapsAndWeirdCurrData.parquet,-0.8,2073.0,1088.0,10697.0,148.40000915527344,103.80000305175781,0.9099960327148438,6.132048606872559,103.80000305175781,0.0,15403.921875
08172025_22_6LapsAndWeirdCurrData.parquet,-0.8,1.0,546.0,1022.0,5.300000190734863,109.0999984741211,0.25,47.16980743408203,109.0,0.0,578.2300415039062
08172025_22_6LapsAndWeirdCurrData.parquet,-0.79,0.0,546.0,1201.0,5.400000095367432,109.0999984741211,0.25,46.296295166015625,109.0,0.0,589.1400146484375
08172025_22_6LapsAndWeirdCurrData.parquet,-0.79,1752.0,885.0,7511.0,90.70000457763672,105.30000305175781,0.49999237060546875,5.512594699859619,105.30000305175781,0.0,9550.7109375
08172025_22_6LapsAndWeirdCurrData.parquet,-0.79,2073.0,1088.0,10697.0,148.40000915527344,103.80000305175781,0.9099960327148438,6.132048606872559,103.80000305175781,0.0,15403.921875
08172025_22_6LapsAndWeirdCurrData.parquet,-0.79,2384.0,455.0,3399.0,44.70000076293945,105.4000015258789,0.31999969482421875,7.158829689025879,103.70000457763672,0.0,4711.38037109375
08172025_22_6LapsAndWeirdCurrData.parquet,-0.78,1752.0,885.0,7511.0,90.70000457763672,105.30000305175781,0.4199981689453125,4.630630016326904,105.30000305175781,0.0,9550.7109375
08172025_22_6LapsAndWeirdCurrData.parquet,-0.78,2384.0,455.0,3399.0,44.70000076293945,105.4000015258789,0.31999969482421875,7.158829689025879,103.70000457763672,0.0,4711.38037109375
08172025_22_6LapsAndWeirdCurrData.parquet,-0.78,2095.0,1088.0,10663.0,148.40000915527344,103.80000305175781,0.9099960327148438,6.132048606872559,103.80000305175781,0.0,15403.921875
08172025_22_6LapsAndWeirdCurrData.parquet,-0.78,0.0,564.0,1201.0,5.400000095367432,109.0999984741211,0.25,46.296295166015625,109.0,0.0,589.1400146484375
08172025_22_6LapsAndWeirdCurrData.parquet,-0.77,2095.0,1088.0,10663.0,148.40000915527344,103.80000305175781,0.9099960327148438,6.132048606872559,103.80000305175781,0.0,15403.921875
08172025_22_6LapsAndWeirdCurrData.parquet,-0.77,2408.0,455.0,3075.0,44.70000076293945,105.4000015258789,0.31999969482421875,7.158829689025879,103.70000457763672,0.0,4711.38037109375
08172025_22_6LapsAndWeirdCurrData.parquet,-0.77,1752.0,885.0,7511.0,90.70000457763672,105.30000305175781,0.4199981689453125,4.630630016326904,105.30000305175781,0.0,9550.7109375
08172025_22_6LapsAndWeirdCurrData.parquet,-0.77,0.0,564.0,1201.0,5.400000095367432,109.0999984741211,0.25,46.296295166015625,109.0,0.0,589.1400146484375
08172025_22_6LapsAndWeirdCurrData.parquet,-0.76,2408.0,455.0,3075.0,44.70000076293945,105.4000015258789,0.31999969482421875,7.158829689025879,103.70000457763672,0.0,4711.38037109375
08172025_22_6LapsAndWeirdCurrData.parquet,-0.76,1762.0,885.0,7511.0,90.70000457763672,105.30000305175781,0.4199981689453125,4.630630016326904,105.30000305175781,0.0,9550.7109375
08172025_22_6LapsAndWeirdCurrData.parquet,-0.76,13.0,564.0,1201.0,5.400000095367432,109.0999984741211,0.25,46.296295166015625,109.0,0.0,589.1400146484375
08172025_22_6LapsAndWeirdCurrData.parquet,-0.76,2065.0,1088.0,10663.0,148.40000915527344,103.80000305175781,0.9099960327148438,6.132048606872559,103.80000305175781,0.0,15403.921875
08172025_22_6LapsAndWeirdCurrData.parquet,-0.75,13.0,564.0,1650.0,5.400000095367432,109.0999984741211,0.25,46.296295166015625,109.0,0.0,589.1400146484375
08172025_22_6LapsAndWeirdCurrData.parquet,-0.75,1762.0,885.0,7948.0,92.0,105.20000457763672,0.5199966430664062,5.652137756347656,105.20000457763672,-0.09999847412109375,9678.400390625
08172025_22_6LapsAndWeirdCurrData.parquet,-0.75,2408.0,455.0,3075.0,44.70000076293945,105.4000015258789,0.31999969482421875,7.158829689025879,104.80000305175781,0.0,4711.38037109375
08172025_22_6LapsAndWeirdCurrData.parquet,-0.75,2065.0,1088.0,10663.0,151.90000915527344,103.5999984741211,0.779998779296875,5.134949207305908,103.5999984741211,-0.20000457763671875,15736.8408203125
08172025_22_6LapsAndWeirdCurrData.parquet,-0.74,1786.0,885.0,7948.0,92.0,105.20000457763672,0.5199966430664062,5.652137756347656,105.20000457763672,0.0,9678.400390625
08172025_22_6LapsAndWeirdCurrData.parquet,-0.74,10.0,564.0,1650.0,5.5,109.0999984741211,0.25,45.45454788208008,109.0,0.0,600.0499877929688
08172025_22_6LapsAndWeirdCurrData.parquet,-0.74,2062.0,1088.0,10165.0,151.90000915527344,103.5999984741211,0.779998779296875,5.134949207305908,103.5999984741211,0.0,15736.8408203125
08172025_22_6LapsAndWeirdCurrData.parquet,-0.74,2508.0,455.0,3075.0,55.20000076293945,105.0999984741211,0.6200027465820312,11.23193359375,104.80000305175781,-0.3000030517578125,5801.52001953125
08172025_22_6LapsAndWeirdCurrData.parquet,-0.73,1786.0,933.0,7948.0,92.0,105.20000457763672,0.5199966430664062,5.652137756347656,105.20000457763672,0.0,9678.400390625
08172025_22_6LapsAndWeirdCurrData.parquet,-0.73,10.0,564.0,1650.0,5.5,109.0999984741211,0.23999786376953125,43.6359748840332,109.0,0.0,600.0499877929688
08172025_22_6LapsAndWeirdCurrData.parquet,-0.73,2062.0,1088.0,10165.0,151.90000915527344,103.5999984741211,0.779998779296875,5.134949207305908,103.5999984741211,0.0,15736.8408203125
08172025_22_6LapsAndWeirdCurrData.parquet,-0.73,2553.0,455.0,3075.0,55.20000076293945,105.0999984741211,0.6200027465820312,11.23193359375,104.80000305175781,0.0,5801.52001953125
08172025_22_6LapsAndWeirdCurrData.parquet,-0.72,14.0,564.0,1650.0,5.5,109.0999984741211,0.23999786376953125,43.6359748840332,109.0,0.0,600.0499877929688
08172025_22_6LapsAndWeirdCurrData.parquet,-0.72,2553.0,455.0,3075.0,55.20000076293945,105.0999984741211,0.6200027465820312,11.23193359375,104.80000305175781,0.0,5801.52001953125
08172025_22_6LapsAndWeirdCurrData.parquet,-0.72,1804.0,933.0,7948.0,92.0,105.20000457763672,0.5199966430664062,5.652137756347656,105.20000457763672,0.0,9678.400390625
08172025_22_6LapsAndWeirdCurrData.parquet,-0.72,2062.0,1088.0,10165.0,151.90000915527344,103.5999984741211,0.779998779296875,5.134949207305908,103.5999984741211,0.0,15736.8408203125
08172025_22_6LapsAndWeirdCurrData.parquet,-0.71,2553.0,455.0,3075.0,55.20000076293945,105.0999984741211,0.6200027465820312,11.23193359375,104.80000305175781,0.0,5801.52001953125
08172025_22_6LapsAndWeirdCurrData.parquet,-0.71,1804.0,933.0,7999.0,94.5999984741211,105.0,0.720001220703125,7.611006736755371,105.0,-0.20000457763671875,9933.0
08172025_22_6LapsAndWeirdCurrData.parquet,-0.71,2117.0,1088.0,10165.0,151.3000030517578,103.70000457763672,0.67999267578125,4.494333744049072,103.5999984741211,0.100006103515625,15689.810546875
08172025_22_6LapsAndWeirdCurrData.parquet,-0.71,14.0,564.0,2015.0,5.5,109.0999984741211,0.23999786376953125,43.6359748840332,109.0,0.0,600.0499877929688
08172025_22_6LapsAndWeirdCurrData.parquet,-0.7,2553.0,455.0,3075.0,60.29999923706055,104.80000305175781,0.9199981689453125,15.257018089294434,104.80000305175781,-0.29999542236328125,6319.43994140625
08172025_22_6LapsAndWeirdCurrData.parquet,-0.7,2117.0,1053.0,10031.0,151.3000030517578,103.70000457763672,0.67999267578125,4.494333744049072,103.5999984741211,0.0,15689.810546875
08172025_22_6LapsAndWeirdCurrData.parquet,-0.7,1804.0,933.0,7999.0,94.5999984741211,105.0,0.720001220703125,7.611006736755371,105.0,0.0,9933.0
08172025_22_6LapsAndWeirdCurrData.parquet,-0.7,14.0,564.0,2015.0,5.800000190734863,109.0,0.339996337890625,58.62005615234375,109.0,-0.09999847412109375,632.2000122070312
08172025_22_6LapsAndWeirdCurrData.parquet,-0.69,2599.0,455.0,3075.0,60.29999923706055,104.80000305175781,0.9199981689453125,15.257018089294434,104.80000305175781,0.0,6319.43994140625
08172025_22_6LapsAndWeirdCurrData.parquet,-0.69,1791.0,933.0,7999.0,94.5999984741211,105.0,0.720001220703125,7.611006736755371,105.0,0.0,9933.0
08172025_22_6LapsAndWeirdCurrData.parquet,-0.69,2117.0,1053.0,10031.0,151.3000030517578,103.70000457763672,0.67999267578125,4.494333744049072,103.5999984741211,0.0,15689.810546875
08172025_22_6LapsAndWeirdCurrData.parquet,-0.69,15.0,625.0,2015.0,5.800000190734863,109.0,0.339996337890625,58.62005615234375,109.0,0.0,632.2000122070312
08172025_22_6LapsAndWeirdCurrData.parquet,-0.68,1791.0,933.0,7999.0,94.5999984741211,105.0,0.720001220703125,7.611006736755371,105.0,0.0,9933.0
08172025_22_6LapsAndWeirdCurrData.parquet,-0.68,2117.0,1053.0,10031.0,151.3000030517578,103.70000457763672,0.67999267578125,4.494333744049072,103.5999984741211,0.0,15689.810546875
08172025_22_6LapsAndWeirdCurrData.parquet,-0.68,15.0,625.0,2511.0,5.800000190734863,109.0,0.339996337890625,58.62005615234375,109.0,0.0,632.2000122070312
08172025_22_6LapsAndWeirdCurrData.parquet,-0.68,2599.0,455.0,3529.0,60.29999923706055,104.80000305175781,1.0499954223632812,17.412860870361328,104.80000305175781,0.0,6319.43994140625
08172025_22_6LapsAndWeirdCurrData.parquet,-0.67,1793.0,933.0,7962.0,97.0999984741211,104.9000015258789,0.8199996948242188,8.44489860534668,104.9000015258789,-0.09999847412109375,10185.7900390625
08172025_22_6LapsAndWeirdCurrData.parquet,-0.67,15.0,625.0,2511.0,5.800000190734863,109.0,0.339996337890625,58.62005615234375,109.0,0.0,632.2000122070312
08172025_22_6LapsAndWeirdCurrData.parquet,-0.67,2635.0,455.0,3529.0,60.29999923706055,104.80000305175781,1.0499954223632812,17.412860870361328,104.80000305175781,0.0,6319.43994140625
08172025_22_6LapsAndWeirdCurrData.parquet,-0.67,2089.0,1053.0,10031.0,150.60000610351562,103.9000015258789,0.4799957275390625,3.187222480773926,103.5999984741211,0.1999969482421875,15647.3408203125
08172025_22_6LapsAndWeirdCurrData.parquet,-0.66,1793.0,933.0,7962.0,97.0999984741211,104.9000015258789,0.8199996948242188,8.44489860534668,104.9000015258789,0.0,10185.7900390625
08172025_22_6LapsAndWeirdCurrData.parquet,-0.66,15.0,625.0,2511.0,6.0,109.0,0.339996337890625,56.66605758666992,109.0,0.0,654.0
08172025_22_6LapsAndWeirdCurrData.parquet,-0.66,2089.0,1053.0,10056.0,150.60000610351562,103.9000015258789,0.4799957275390625,3.187222480773926,103.5999984741211,0.0,15647.3408203125
08172025_22_6LapsAndWeirdCurrData.parquet,-0.66,2635.0,455.0,3529.0,63.900001525878906,104.80000305175781,1.0499954223632812,16.431852340698242,104.80000305175781,0.0,6696.72021484375
08172025_22_6LapsAndWeirdCurrData.parquet,-0.65,1812.0,933.0,7962.0,97.0999984741211,104.9000015258789,0.8199996948242188,8.44489860534668,104.9000015258789,0.0,10185.7900390625
08172025_22_6LapsAndWeirdCurrData.parquet,-0.65,17.0,625.0,2511.0,6.0,109.0,0.339996337890625,56.66605758666992,109.0,0.0,654.0
08172025_22_6LapsAndWeirdCurrData.parquet,-0.65,2123.0,1053.0,10056.0,150.60000610351562,103.9000015258789,0.339996337890625,2.2576115131378174,103.5999984741211,0.0,15647.3408203125
08172025_22_6LapsAndWeirdCurrData.parquet,-0.65,2669.0,455.0,3529.0,63.900001525878906,104.80000305175781,1.0499954223632812,16.431852340698242,104.80000305175781,0.0,6696.72021484375
08172025_22_6LapsAndWeirdCurrData.parquet,-0.64,2669.0,455.0,3224.0,63.900001525878906,104.80000305175781,1.0499954223632812,16.431852340698242,104.80000305175781,0.0,6696.72021484375
08172025_22_6LapsAndWeirdCurrData.parquet,-0.64,1812.0,933.0,7962.0,97.0999984741211,104.9000015258789,0.8199996948242188,8.44489860534668,104.9000015258789,0.0,10185.7900390625
08172025_22_6LapsAndWeirdCurrData.parquet,-0.64,17.0,625.0,2511.0,6.0,109.0,0.339996337890625,56.66605758666992,109.0,0.0,654.0
08172025_22_6LapsAndWeirdCurrData.parquet,-0.64,2123.0,1053.0,10056.0,150.60000610351562,103.9000015258789,0.339996337890625,2.2576115131378174,103.5999984741211,0.0,15647.3408203125
08172025_22_6LapsAndWeirdCurrData.parquet,-0.63,22.0,625.0,2511.0,6.0,109.0,0.339996337890625,56.66605758666992,109.0,0.0,654.0
08172025_22_6LapsAndWeirdCurrData.parquet,-0.63,1809.0,933.0,8264.0,97.0999984741211,104.9000015258789,0.8199996948242188,8.44489860534668,104.9000015258789,0.0,10185.7900390625
08172025_22_6LapsAndWeirdCurrData.parquet,-0.63,2716.0,455.0,3224.0,63.900001525878906,104.80000305175781,1.0499954223632812,16.431852340698242,104.80000305175781,0.0,6696.72021484375
08172025_22_6LapsAndWeirdCurrData.parquet,-0.63,2139.0,1053.0,10056.0,150.60000610351562,103.9000015258789,0.339996337890625,2.2576115131378174,103.5999984741211,0.0,15647.3408203125
08172025_22_6LapsAndWeirdCurrData.parquet,-0.62,22.0,625.0,3043.0,6.400000095367432,109.0,0.339996337890625,53.124427795410156,109.0,0.0,697.6000366210938
08172025_22_6LapsAndWeirdCurrData.parquet,-0.62,2716.0,455.0,3224.0,64.5999984741211,104.9000015258789,0.9499969482421875,14.705836296081543,104.80000305175781,0.09999847412109375,6776.5400390625
08172025_22_6LapsAndWeirdCurrData.parquet,-0.62,1809.0,933.0,8264.0,97.0999984741211,104.9000015258789,0.8199996948242188,8.44489860534668,104.9000015258789,0.0,10185.7900390625
08172025_22_6LapsAndWeirdCurrData.parquet,-0.62,2139.0,1053.0,9917.0,150.10000610351562,103.80000305175781,0.43999481201171875,2.9313442707061768,103.5999984741211,-0.09999847412109375,15580.380859375
08172025_22_6LapsAndWeirdCurrData.parquet,-0.61,2139.0,1053.0,9917.0,150.10000610351562,103.80000305175781,0.43999481201171875,2.9313442707061768,103.5999984741211,0.0,15580.380859375
08172025_22_6LapsAndWeirdCurrData.parquet,-0.61,22.0,625.0,3043.0,6.400000095367432,109.0,0.339996337890625,53.124427795410156,109.0,0.0,697.6000366210938
08172025_22_6LapsAndWeirdCurrData.parquet,-0.61,1817.0,933.0,8264.0,97.0999984741211,104.9000015258789,0.8199996948242188,8.44489860534668,104.9000015258789,0.0,10185.7900390625
08172025_22_6LapsAndWeirdCurrData.parquet,-0.61,2698.0,455.0,3224.0,64.5999984741211,104.9000015258789,0.9499969482421875,14.705836296081543,104.80000305175781,0.0,6776.5400390625
08172025_22_6LapsAndWeirdCurrData.parquet,-0.6,2139.0,1035.0,9917.0,150.10000610351562,103.80000305175781,0.43999481201171875,2.9313442707061768,103.5999984741211,0.0,15580.380859375
08172025_22_6LapsAndWeirdCurrData.parquet,-0.6,24.0,625.0,3043.0,6.400000095367432,109.0,0.339996337890625,53.124427795410156,109.0,0.0,697.6000366210938
08172025_22_6LapsAndWeirdCurrData.parquet,-0.6,1817.0,933.0,8264.0,97.0999984741211,104.9000015258789,0.8199996948242188,8.44489860534668,104.9000015258789,0.0,10185.7900390625
08172025_22_6LapsAndWeirdCurrData.parquet,-0.6,2698.0,455.0,581.0,64.5999984741211,104.9000015258789,0.9499969482421875,14.705836296081543,104.80000305175781,0.0,6776.5400390625
08172025_22_6LapsAndWeirdCurrData.parquet,-0.59,24.0,625.0,3536.0,6.400000095367432,109.0,0.339996337890625,53.124427795410156,109.0,0.0,697.6000366210938
08172025_22_6LapsAndWeirdCurrData.parquet,-0.59,2139.0,1035.0,9917.0,150.10000610351562,103.80000305175781,0.43999481201171875,2.9313442707061768,103.5999984741211,0.0,15580.380859375
08172025_22_6LapsAndWeirdCurrData.parquet,-0.59,2698.0,455.0,581.0,64.5999984741211,104.9000015258789,0.9499969482421875,14.705836296081543,104.80000305175781,0.0,6776.5400390625
08172025_22_6LapsAndWeirdCurrData.parquet,-0.59,1817.0,933.0,8499.0,101.70000457763672,104.80000305175781,0.9199981689453125,9.046195983886719,104.80000305175781,-0.09999847412109375,10658.1611328125
08172025_22_6LapsAndWeirdCurrData.parquet,-0.58,27.0,697.0,3536.0,6.300000190734863,109.0,0.339996337890625,53.96767044067383,109.0,0.0,686.7000122070312
08172025_22_6LapsAndWeirdCurrData.parquet,-0.58,2143.0,1035.0,9858.0,150.40000915527344,103.80000305175781,0.43999481201171875,2.92549729347229,103.5999984741211,0.0,15611.521484375
08172025_22_6LapsAndWeirdCurrData.parquet,-0.58,2517.0,455.0,581.0,64.5999984741211,104.9000015258789,0.34999847412109375,5.417932987213135,104.80000305175781,0.0,6776.5400390625
08172025_22_6LapsAndWeirdCurrData.parquet,-0.58,1835.0,933.0,8499.0,101.70000457763672,104.80000305175781,0.5799942016601562,5.702991008758545,104.80000305175781,0.0,10658.1611328125
08172025_22_6LapsAndWeirdCurrData.parquet,-0.57,2517.0,455.0,581.0,64.5999984741211,104.9000015258789,0.34999847412109375,5.417932987213135,104.80000305175781,0.0,6776.5400390625
08172025_22_6LapsAndWeirdCurrData.parquet,-0.57,2143.0,1035.0,9858.0,150.40000915527344,103.80000305175781,0.43999481201171875,2.92549729347229,103.5999984741211,0.0,15611.521484375
08172025_22_6LapsAndWeirdCurrData.parquet,-0.57,1835.0,933.0,8499.0,101.70000457763672,104.80000305175781,0.5799942016601562,5.702991008758545,104.80000305175781,0.0,10658.1611328125
08172025_22_6LapsAndWeirdCurrData.parquet,-0.57,27.0,697.0,3536.0,6.300000190734863,109.0,0.339996337890625,53.96767044067383,109.0,0.0,686.7000122070312
08172025_22_6LapsAndWeirdCurrData.parquet,-0.56,20.0,697.0,3536.0,6.300000190734863,109.0,0.339996337890625,53.96767044067383,109.0,0.0,686.7000122070312
08172025_22_6LapsAndWeirdCurrData.parquet,-0.56,2342.0,455.0,0.0,64.5999984741211,104.9000015258789,0.34999847412109375,5.417932987213135,104.80000305175781,0.0,6776.5400390625
08172025_22_6LapsAndWeirdCurrData.parquet,-0.56,1835.0,933.0,8499.0,101.70000457763672,104.80000305175781,0.5799942016601562,5.702991008758545,104.80000305175781,0.0,10658.1611328125
08172025_22_6LapsAndWeirdCurrData.parquet,-0.56,2136.0,1035.0,9858.0,150.40000915527344,103.80000305175781,0.43999481201171875,2.92549729347229,103.5999984741211,0.0,15611.521484375
08172025_22_6LapsAndWeirdCurrData.parquet,-0.55,1835.0,933.0,8128.0,101.70000457763672,104.80000305175781,0.5799942016601562,5.702991008758545,104.80000305175781,0.0,10658.1611328125
08172025_22_6LapsAndWeirdCurrData.parquet,-0.55,2342.0,455.0,0.0,64.5999984741211,104.9000015258789,0.34999847412109375,5.417932987213135,104.80000305175781,0.0,6776.5400390625
08172025_22_6LapsAndWeirdCurrData.parquet,-0.55,20.0,697.0,4245.0,6.300000190734863,109.0,0.339996337890625,53.96767044067383,109.0,0.0,686.7000122070312
08172025_22_6LapsAndWeirdCurrData.parquet,-0.55,2136.0,1035.0,9858.0,150.40000915527344,103.80000305175781,0.43999481201171875,2.92549729347229,103.5999984741211,0.0,15611.521484375
08172025_22_6LapsAndWeirdCurrData.parquet,-0.54,1830.0,933.0,8128.0,104.70000457763672,104.70000457763672,0.67999267578125,6.49467658996582,104.70000457763672,-0.09999847412109375,10962.0908203125
08172025_22_6LapsAndWeirdCurrData.parquet,-0.54,2207.0,455.0,0.0,64.5999984741211,104.9000015258789,0.34999847412109375,5.417932987213135,104.80000305175781,0.0,6776.5400390625
08172025_22_6LapsAndWeirdCurrData.parquet,-0.54,2159.0,1035.0,10229.0,148.6999969482422,103.80000305175781,0.43999481201171875,2.9589428901672363,103.5999984741211,0.0,15435.060546875
08172025_22_6LapsAndWeirdCurrData.parquet,-0.54,31.0,697.0,4245.0,6.0,109.0,0.339996337890625,56.66605758666992,109.0,0.0,654.0
08172025_22_6LapsAndWeirdCurrData.parquet,-0.53,31.0,697.0,4245.0,6.0,109.0,0.31999969482421875,53.333282470703125,109.0,0.0,654.0
08172025_22_6LapsAndWeirdCurrData.parquet,-0.53,1830.0,936.0,8128.0,104.70000457763672,104.70000457763672,0.67999267578125,6.49467658996582,104.70000457763672,0.0,10962.0908203125
08172025_22_6LapsAndWeirdCurrData.parquet,-0.53,1934.0,455.0,0.0,40.60000228881836,106.5999984741211,-1.3499984741210938,-33.25119400024414,104.80000305175781,1.6999969482421875,4327.9599609375
08172025_22_6LapsAndWeirdCurrData.parquet,-0.53,2159.0,1035.0,10229.0,148.6999969482422,103.80000305175781,0.43999481201171875,2.9589428901672363,103.5999984741211,0.0,15435.060546875
08172025_22_6LapsAndWeirdCurrData.parquet,-0.52,1845.0,936.0,8128.0,104.70000457763672,104.70000457763672,0.67999267578125,6.49467658996582,104.70000457763672,0.0,10962.0908203125
08172025_22_6LapsAndWeirdCurrData.parquet,-0.52,1934.0,455.0,0.0,40.60000228881836,106.5999984741211,-1.3499984741210938,-33.25119400024414,104.80000305175781,0.0,4327.9599609375
08172025_22_6LapsAndWeirdCurrData.parquet,-0.52,49.0,697.0,4245.0,6.0,109.0,0.31999969482421875,53.333282470703125,109.0,0.0,654.0
08172025_22_6LapsAndWeirdCurrData.parquet,-0.52,2202.0,1035.0,10229.0,148.6999969482422,103.80000305175781,0.43999481201171875,2.9589428901672363,103.5999984741211,0.0,15435.060546875
08172025_22_6LapsAndWeirdCurrData.parquet,-0.51,49.0,697.0,4746.0,6.0,109.0,0.31999969482421875,53.333282470703125,109.0,0.0,654.0
08172025_22_6LapsAndWeirdCurrData.parquet,-0.51,1845.0,936.0,8364.0,104.70000457763672,104.70000457763672,0.67999267578125,6.49467658996582,104.70000457763672,0.0,10962.0908203125
08172025_22_6LapsAndWeirdCurrData.parquet,-0.51,1934.0,455.0,0.0,40.60000228881836,106.5999984741211,-1.3499984741210938,-33.25119400024414,104.80000305175781,0.0,4327.9599609375
08172025_22_6LapsAndWeirdCurrData.parquet,-0.51,2202.0,1035.0,10229.0,148.6999969482422,103.80000305175781,0.43999481201171875,2.9589428901672363,103.5999984741211,0.0,15435.060546875
08172025_22_6LapsAndWeirdCurrData.parquet,-0.5,1845.0,936.0,8364.0,105.5999984741211,104.80000305175781,0.5799942016601562,5.492369651794434,104.70000457763672,0.09999847412109375,11066.8798828125
08172025_22_6LapsAndWeirdCurrData.parquet,-0.5,1934.0,455.0,0.0,40.60000228881836,106.5999984741211,-1.3499984741210938,-33.25119400024414,104.80000305175781,0.0,4327.9599609375
08172025_22_6LapsAndWeirdCurrData.parquet,-0.5,2202.0,1054.0,10188.0,152.10000610351562,103.5,0.7399978637695312,4.865205764770508,103.5,-0.3000030517578125,15742.3505859375
08172025_22_6LapsAndWeirdCurrData.parquet,-0.5,29.0,697.0,4746.0,7.200000286102295,109.0,0.31999969482421875,44.444400787353516,109.0,0.0,784.800048828125
08172025_22_6LapsAndWeirdCurrData.parquet,-0.49,1778.0,455.0,0.0,29.399999618530273,106.80000305175781,-1.5500030517578125,-52.72119140625,104.80000305175781,0.20000457763671875,3139.920166015625
08172025_22_6LapsAndWeirdCurrData.parquet,-0.49,2202.0,1054.0,10188.0,152.10000610351562,103.5,0.7399978637695312,4.865205764770508,103.5,0.0,15742.3505859375
08172025_22_6LapsAndWeirdCurrData.parquet,-0.49,29.0,761.0,4746.0,7.200000286102295,109.0,0.31999969482421875,44.444400787353516,109.0,0.0,784.800048828125
08172025_22_6LapsAndWeirdCurrData.parquet,-0.49,1861.0,936.0,8364.0,105.5999984741211,104.80000305175781,0.5799942016601562,5.492369651794434,104.70000457763672,0.0,11066.8798828125
08172025_22_6LapsAndWeirdCurrData.parquet,-0.48,2202.0,1054.0,10188.0,152.10000610351562,103.5,0.7399978637695312,4.865205764770508,103.5,0.0,15742.3505859375
08172025_22_6LapsAndWeirdCurrData.parquet,-0.48,29.0,761.0,4744.0,7.200000286102295,109.0,0.31999969482421875,44.444400787353516,109.0,0.0,784.800048828125
08172025_22_6LapsAndWeirdCurrData.parquet,-0.48,1861.0,936.0,8364.0,105.5999984741211,104.80000305175781,0.5799942016601562,5.492369651794434,104.70000457763672,0.0,11066.8798828125
08172025_22_6LapsAndWeirdCurrData.parquet,-0.48,1778.0,455.0,0.0,29.399999618530273,106.80000305175781,-7.62939453125e-6,-0.00025950322742573917,104.80000305175781,0.0,3139.920166015625
08172025_22_6LapsAndWeirdCurrData.parquet,-0.47,2167.0,1054.0,10188.0,152.10000610351562,103.5,0.7399978637695312,4.865205764770508,103.5,0.0,15742.3505859375
08172025_22_6LapsAndWeirdCurrData.parquet,-0.47,29.0,761.0,4744.0,7.200000286102295,109.0,0.31999969482421875,44.444400787353516,109.0,0.0,784.800048828125
08172025_22_6LapsAndWeirdCurrData.parquet,-0.47,1859.0,936.0,9296.0,105.5999984741211,104.80000305175781,0.5799942016601562,5.492369651794434,104.70000457763672,0.0,11066.8798828125
08172025_22_6LapsAndWeirdCurrData.parquet,-0.47,1804.0,455.0,0.0,29.399999618530273,106.80000305175781,-7.62939453125e-6,-0.00025950322742573917,104.80000305175781,0.0,3139.920166015625
08172025_22_6LapsAndWeirdCurrData.parquet,-0.46,1804.0,455.0,0.0,29.399999618530273,106.80000305175781,-7.62939453125e-6,-0.00025950322742573917,104.80000305175781,0.0,3139.920166015625
08172025_22_6LapsAndWeirdCurrData.parquet,-0.46,2167.0,1054.0,10120.0,152.90000915527344,103.5,0.7399978637695312,4.839750289916992,103.5,0.0,15825.1513671875
08172025_22_6LapsAndWeirdCurrData.parquet,-0.46,29.0,761.0,4744.0,7.200000286102295,109.0,0.31999969482421875,44.444400787353516,109.0,0.0,784.800048828125
08172025_22_6LapsAndWeirdCurrData.parquet,-0.46,1859.0,936.0,9296.0,107.9000015258789,104.5999984741211,0.779998779296875,7.2289042472839355,104.5999984741211,-0.20000457763671875,11286.33984375
08172025_22_6LapsAndWeirdCurrData.parquet,-0.45,1871.0,936.0,9296.0,107.9000015258789,104.5999984741211,0.779998779296875,7.2289042472839355,104.5999984741211,0.0,11286.33984375
08172025_22_6LapsAndWeirdCurrData.parquet,-0.45,1975.0,455.0,0.0,21.200000762939453,106.9000015258789,-0.100006103515625,-4.717268943786621,104.80000305175781,0.09999847412109375,2266.280029296875
08172025_22_6LapsAndWeirdCurrData.parquet,-0.45,2207.0,1054.0,10120.0,152.90000915527344,103.5,0.9499969482421875,6.213191032409668,103.5,0.0,15825.1513671875
08172025_22_6LapsAndWeirdCurrData.parquet,-0.45,58.0,761.0,4744.0,8.5,108.9000015258789,0.4199981689453125,49.41154861450195,108.9000015258789,-0.09999847412109375,925.6500244140625
08172025_22_6LapsAndWeirdCurrData.parquet,-0.44,2207.0,1054.0,10120.0,152.90000915527344,103.5,0.9499969482421875,6.213191032409668,103.5,0.0,15825.1513671875
08172025_22_6LapsAndWeirdCurrData.parquet,-0.44,1975.0,455.0,0.0,21.200000762939453,106.9000015258789,-0.100006103515625,-4.717268943786621,104.80000305175781,0.0,2266.280029296875
08172025_22_6LapsAndWeirdCurrData.parquet,-0.44,58.0,761.0,4744.0,8.5,108.9000015258789,0.4199981689453125,49.41154861450195,108.9000015258789,0.0,925.6500244140625
08172025_22_6LapsAndWeirdCurrData.parquet,-0.44,1871.0,936.0,9296.0,107.9000015258789,104.5999984741211,0.779998779296875,7.2289042472839355,104.5999984741211,0.0,11286.33984375
08172025_22_6LapsAndWeirdCurrData.parquet,-0.43,1908.0,936.0,9237.0,113.9000015258789,104.20000457763672,1.17999267578125,10.35990047454834,104.20000457763672,-0.399993896484375,11868.380859375
08172025_22_6LapsAndWeirdCurrData.parquet,-0.43,2017.0,455.0,0.0,21.200000762939453,106.9000015258789,-0.100006103515625,-4.717268943786621,104.80000305175781,0.0,2266.280029296875
08172025_22_6LapsAndWeirdCurrData.parquet,-0.43,40.0,761.0,4744.0,8.5,108.9000015258789,0.4199981689453125,49.41154861450195,108.9000015258789,0.0,925.6500244140625
08172025_22_6LapsAndWeirdCurrData.parquet,-0.43,2209.0,1054.0,10120.0,152.90000915527344,103.5,0.9499969482421875,6.213191032409668,103.5,0.0,15825.1513671875
08172025_22_6LapsAndWeirdCurrData.parquet,-0.42,1908.0,936.0,9237.0,113.9000015258789,104.20000457763672,1.17999267578125,10.35990047454834,104.20000457763672,0.0,11868.380859375
08172025_22_6LapsAndWeirdCurrData.parquet,-0.42,2017.0,455.0,0.0,21.200000762939453,106.9000015258789,-0.100006103515625,-4.717268943786621,104.80000305175781,0.0,2266.280029296875
08172025_22_6LapsAndWeirdCurrData.parquet,-0.42,40.0,761.0,4453.0,8.5,108.9000015258789,0.4199981689453125,49.41154861450195,108.9000015258789,0.0,925.6500244140625
08172025_22_6LapsAndWeirdCurrData.parquet,-0.42,2209.0,1054.0,10272.0,152.90000915527344,103.5,0.9499969482421875,6.213191032409668,103.5,0.0,15825.1513671875
08172025_22_6LapsAndWeirdCurrData.parquet,-0.41,2206.0,1054.0,10272.0,154.5,103.5,0.9499969482421875,6.148847579956055,103.5,0.0,15990.75
08172025_22_6LapsAndWeirdCurrData.parquet,-0.41,1889.0,936.0,9237.0,113.9000015258789,104.20000457763672,1.17999267578125,10.35990047454834,104.20000457763672,0.0,11868.380859375
08172025_22_6LapsAndWeirdCurrData.parquet,-0.41,40.0,761.0,4453.0,8.5,108.9000015258789,0.4199981689453125,49.41154861450195,108.9000015258789,0.0,925.6500244140625
08172025_22_6LapsAndWeirdCurrData.parquet,-0.41,2004.0,455.0,0.0,15.699999809265137,106.9000015258789,-0.100006103515625,-6.369815826416016,104.80000305175781,0.0,1678.3299560546875
08172025_22_6LapsAndWeirdCurrData.parquet,-0.4,2004.0,455.0,0.0,15.699999809265137,106.9000015258789,-0.100006103515625,-6.369815826416016,104.80000305175781,0.0,1678.3299560546875
08172025_22_6LapsAndWeirdCurrData.parquet,-0.4,2206.0,1054.0,10272.0,154.5,103.5,0.9499969482421875,6.148847579956055,103.5,0.0,15990.75
08172025_22_6LapsAndWeirdCurrData.parquet,-0.4,1889.0,936.0,9237.0,113.9000015258789,104.20000457763672,1.17999267578125,10.35990047454834,104.20000457763672,0.0,11868.380859375
08172025_22_6LapsAndWeirdCurrData.parquet,-0.4,66.0,761.0,4453.0,8.5,108.9000015258789,0.4199981689453125,49.41154861450195,108.9000015258789,0.0,925.6500244140625
08172025_22_6LapsAndWeirdCurrData.parquet,-0.39,66.0,761.0,4362.0,8.5,108.9000015258789,0.4199981689453125,49.41154861450195,108.9000015258789,0.0,925.6500244140625
08172025_22_6LapsAndWeirdCurrData.parquet,-0.39,1890.0,936.0,9243.0,113.9000015258789,104.20000457763672,1.17999267578125,10.35990047454834,104.20000457763672,0.0,11868.380859375
08172025_22_6LapsAndWeirdCurrData.parquet,-0.39,1931.0,455.0,0.0,15.699999809265137,106.9000015258789,-0.100006103515625,-6.369815826416016,104.80000305175781,0.0,1678.3299560546875
08172025_22_6LapsAndWeirdCurrData.parquet,-0.39,2206.0,1054.0,10272.0,154.5,103.5,0.9499969482421875,6.148847579956055,103.5,0.0,15990.75
08172025_22_6LapsAndWeirdCurrData.parquet,-0.38,54.0,761.0,4362.0,8.5,108.9000015258789,0.4199981689453125,49.41154861450195,108.9000015258789,0.0,925.6500244140625
08172025_22_6LapsAndWeirdCurrData.parquet,-0.38,1931.0,455.0,0.0,15.699999809265137,106.9000015258789,-0.100006103515625,-6.369815826416016,104.80000305175781,0.0,1678.3299560546875
08172025_22_6LapsAndWeirdCurrData.parquet,-0.38,1890.0,936.0,9243.0,117.20000457763672,104.20000457763672,1.0699920654296875,9.129624366760254,104.20000457763672,0.0,12212.2412109375
08172025_22_6LapsAndWeirdCurrData.parquet,-0.38,2216.0,1054.0,10119.0,154.5,103.5,0.9499969482421875,6.148847579956055,103.5,0.0,15990.75
08172025_22_6LapsAndWeirdCurrData.parquet,-0.37,2220.0,1054.0,10119.0,156.0,103.4000015258789,1.0499954223632812,6.730740070343018,103.4000015258789,-0.09999847412109375,16130.400390625
08172025_22_6LapsAndWeirdCurrData.parquet,-0.37,54.0,761.0,4362.0,8.800000190734863,109.0,0.23999786376953125,27.272483825683594,108.9000015258789,0.09999847412109375,959.2000122070312
08172025_22_6LapsAndWeirdCurrData.parquet,-0.37,1931.0,455.0,0.0,12.5,106.9000015258789,-0.100006103515625,-8.00048828125,104.80000305175781,0.0,1336.25
08172025_22_6LapsAndWeirdCurrData.parquet,-0.37,1919.0,936.0,9243.0,117.20000457763672,104.20000457763672,1.0699920654296875,9.129624366760254,104.20000457763672,0.0,12212.2412109375
08172025_22_6LapsAndWeirdCurrData.parquet,-0.36,79.0,761.0,4362.0,8.800000190734863,109.0,0.23999786376953125,27.272483825683594,108.9000015258789,0.0,959.2000122070312
08172025_22_6LapsAndWeirdCurrData.parquet,-0.36,1856.0,455.0,0.0,12.5,106.9000015258789,-0.100006103515625,-8.00048828125,104.80000305175781,0.0,1336.25
08172025_22_6LapsAndWeirdCurrData.parquet,-0.36,2220.0,1054.0,10119.0,156.0,103.4000015258789,1.0499954223632812,6.730740070343018,103.4000015258789,0.0,16130.400390625
08172025_22_6LapsAndWeirdCurrData.parquet,-0.36,1919.0,936.0,9243.0,117.20000457763672,104.20000457763672,1.0699920654296875,9.129624366760254,104.20000457763672,0.0,12212.2412109375
08172025_22_6LapsAndWeirdCurrData.parquet,-0.35,1856.0,455.0,0.0,12.5,106.9000015258789,-0.100006103515625,-8.00048828125,104.80000305175781,0.0,1336.25
08172025_22_6LapsAndWeirdCurrData.parquet,-0.35,2220.0,1054.0,10119.0,156.0,103.4000015258789,1.0499954223632812,6.730740070343018,103.4000015258789,0.0,16130.400390625
08172025_22_6LapsAndWeirdCurrData.parquet,-0.35,79.0,761.0,4198.0,8.800000190734863,109.0,0.23999786376953125,27.272483825683594,108.9000015258789,0.0,959.2000122070312
08172025_22_6LapsAndWeirdCurrData.parquet,-0.35,1919.0,936.0,9320.0,117.20000457763672,104.20000457763672,1.0699920654296875,9.129624366760254,104.20000457763672,0.0,12212.2412109375
08172025_22_6LapsAndWeirdCurrData.parquet,-0.34,2247.0,1054.0,10140.0,156.0,103.4000015258789,1.0499954223632812,6.730740070343018,103.4000015258789,0.0,16130.400390625
08172025_22_6LapsAndWeirdCurrData.parquet,-0.34,80.0,761.0,4198.0,8.800000190734863,109.0,0.23999786376953125,27.272483825683594,108.9000015258789,0.0,959.2000122070312
08172025_22_6LapsAndWeirdCurrData.parquet,-0.34,1906.0,936.0,9320.0,120.20000457763672,104.0999984741211,1.1699981689453125,9.73376178741455,104.0999984741211,-0.100006103515625,12512.8203125
08172025_22_6LapsAndWeirdCurrData.parquet,-0.34,1834.0,455.0,0.0,12.5,106.9000015258789,-0.100006103515625,-8.00048828125,104.80000305175781,0.0,1336.25
08172025_22_6LapsAndWeirdCurrData.parquet,-0.33,2247.0,1054.0,10140.0,157.10000610351562,103.4000015258789,1.0499954223632812,6.683611869812012,103.4000015258789,0.0,16244.140625
08172025_22_6LapsAndWeirdCurrData.parquet,-0.33,1906.0,1007.0,9320.0,120.20000457763672,104.0999984741211,1.1699981689453125,9.73376178741455,104.0999984741211,0.0,12512.8203125
08172025_22_6LapsAndWeirdCurrData.parquet,-0.33,1834.0,455.0,0.0,10.100000381469727,106.9000015258789,-0.100006103515625,-9.901594161987305,104.80000305175781,0.0,1079.6900634765625
08172025_22_6LapsAndWeirdCurrData.parquet,-0.33,80.0,720.0,4198.0,9.0,109.0,0.23999786376953125,26.66642951965332,108.9000015258789,0.0,981.0
08172025_22_6LapsAndWeirdCurrData.parquet,-0.32,2251.0,1054.0,10140.0,157.10000610351562,103.4000015258789,1.0499954223632812,6.683611869812012,103.4000015258789,0.0,16244.140625
08172025_22_6LapsAndWeirdCurrData.parquet,-0.32,1834.0,455.0,0.0,10.100000381469727,106.9000015258789,-0.100006103515625,-9.901594161987305,104.80000305175781,0.0,1079.6900634765625
08172025_22_6LapsAndWeirdCurrData.parquet,-0.32,80.0,720.0,4055.0,9.0,109.0,0.23999786376953125,26.66642951965332,108.9000015258789,0.0,981.0
08172025_22_6LapsAndWeirdCurrData.parquet,-0.32,1906.0,1007.0,9320.0,120.20000457763672,104.0999984741211,1.1699981689453125,9.73376178741455,104.0999984741211,0.0,12512.8203125
08172025_22_6LapsAndWeirdCurrData.parquet,-0.31,1906.0,1007.0,9293.0,120.20000457763672,104.0999984741211,1.1699981689453125,9.73376178741455,104.0999984741211,0.0,12512.8203125
08172025_22_6LapsAndWeirdCurrData.parquet,-0.31,2251.0,1054.0,10140.0,157.10000610351562,103.4000015258789,1.0499954223632812,6.683611869812012,103.4000015258789,0.0,16244.140625
08172025_22_6LapsAndWeirdCurrData.parquet,-0.31,80.0,720.0,4055.0,9.0,109.0,0.23999786376953125,26.66642951965332,108.9000015258789,0.0,981.0
08172025_22_6LapsAndWeirdCurrData.parquet,-0.31,1834.0,455.0,0.0,10.100000381469727,106.9000015258789,-0.100006103515625,-9.901594161987305,104.80000305175781,0.0,1079.6900634765625
08172025_22_6LapsAndWeirdCurrData.parquet,-0.3,1820.0,455.0,0.0,10.100000381469727,106.9000015258789,-0.100006103515625,-9.901594161987305,104.80000305175781,0.0,1079.6900634765625
08172025_22_6LapsAndWeirdCurrData.parquet,-0.3,1935.0,1007.0,9293.0,122.5999984741211,104.0999984741211,1.1699981689453125,9.543214797973633,104.0999984741211,0.0,12762.6591796875
08172025_22_6LapsAndWeirdCurrData.parquet,-0.3,2251.0,1040.0,9929.0,157.10000610351562,103.4000015258789,1.0499954223632812,6.683611869812012,103.4000015258789,0.0,16244.140625
08172025_22_6LapsAndWeirdCurrData.parquet,-0.3,80.0,720.0,4055.0,9.0,109.0,0.23999786376953125,26.66642951965332,108.9000015258789,0.0,981.0
08172025_22_6LapsAndWeirdCurrData.parquet,-0.29,1820.0,455.0,0.0,10.100000381469727,106.9000015258789,-0.100006103515625,-9.901594161987305,104.80000305175781,0.0,1079.6900634765625
08172025_22_6LapsAndWeirdCurrData.parquet,-0.29,93.0,720.0,4055.0,9.0,108.9000015258789,0.339996337890625,37.77737045288086,108.9000015258789,-0.09999847412109375,980.1000366210938
08172025_22_6LapsAndWeirdCurrData.parquet,-0.29,2251.0,1040.0,9929.0,157.10000610351562,103.4000015258789,1.0499954223632812,6.683611869812012,103.4000015258789,0.0,16244.140625
08172025_22_6LapsAndWeirdCurrData.parquet,-0.29,1935.0,1007.0,9293.0,122.5999984741211,104.0999984741211,1.1699981689453125,9.543214797973633,104.0999984741211,0.0,12762.6591796875
08172025_22_6LapsAndWeirdCurrData.parquet,-0.28,1932.0,1007.0,9293.0,122.5999984741211,104.0999984741211,1.1699981689453125,9.543214797973633,104.0999984741211,0.0,12762.6591796875
08172025_22_6LapsAndWeirdCurrData.parquet,-0.28,1827.0,455.0,0.0,8.5,106.9000015258789,0.15999603271484375,18.823062896728516,104.80000305175781,0.0,908.6500244140625
08172025_22_6LapsAndWeirdCurrData.parquet,-0.28,93.0,720.0,4055.0,9.0,108.9000015258789,0.339996337890625,37.77737045288086,108.9000015258789,0.0,980.1000366210938
08172025_22_6LapsAndWeirdCurrData.parquet,-0.28,2260.0,1040.0,9929.0,157.10000610351562,103.4000015258789,1.0499954223632812,6.683611869812012,103.4000015258789,0.0,16244.140625
08172025_22_6LapsAndWeirdCurrData.parquet,-0.27,1932.0,1007.0,9327.0,122.5999984741211,104.0999984741211,1.1699981689453125,9.543214797973633,104.0999984741211,0.0,12762.6591796875
08172025_22_6LapsAndWeirdCurrData.parquet,-0.27,94.0,720.0,4276.0,9.0,108.9000015258789,0.339996337890625,37.77737045288086,108.9000015258789,0.0,980.1000366210938
08172025_22_6LapsAndWeirdCurrData.parquet,-0.27,1827.0,455.0,0.0,8.5,106.9000015258789,0.15999603271484375,18.823062896728516,104.80000305175781,0.0,908.6500244140625
08172025_22_6LapsAndWeirdCurrData.parquet,-0.27,2260.0,1040.0,9929.0,157.10000610351562,103.4000015258789,1.0499954223632812,6.683611869812012,103.4000015258789,0.0,16244.140625
08172025_22_6LapsAndWeirdCurrData.parquet,-0.26,1940.0,1007.0,9327.0,122.5999984741211,104.0999984741211,1.1699981689453125,9.543214797973633,104.0999984741211,0.0,12762.6591796875
08172025_22_6LapsAndWeirdCurrData.parquet,-0.26,94.0,720.0,4276.0,9.0,108.9000015258789,0.339996337890625,37.77737045288086,108.9000015258789,0.0,980.1000366210938
08172025_22_6LapsAndWeirdCurrData.parquet,-0.26,1827.0,455.0,0.0,8.5,106.9000015258789,0.15999603271484375,18.823062896728516,104.80000305175781,0.0,908.6500244140625
08172025_22_6LapsAndWeirdCurrData.parquet,-0.26,2260.0,1040.0,9964.0,157.10000610351562,103.4000015258789,1.0499954223632812,6.683611869812012,103.4000015258789,0.0,16244.140625
08172025_22_6LapsAndWeirdCurrData.parquet,-0.25,1940.0,1007.0,9327.0,124.5999984741211,104.0,1.2699966430664062,10.19258975982666,104.0,-0.09999847412109375,12958.3994140625
08172025_22_6LapsAndWeirdCurrData.parquet,-0.25,2260.0,1040.0,9964.0,157.60000610351562,103.4000015258789,0.6299972534179688,3.9974441528320312,103.4000015258789,0.0,16295.8408203125
08172025_22_6LapsAndWeirdCurrData.parquet,-0.25,1812.0,455.0,0.0,8.5,106.9000015258789,0.15999603271484375,18.823062896728516,104.80000305175781,0.0,908.6500244140625
08172025_22_6LapsAndWeirdCurrData.parquet,-0.25,87.0,720.0,4276.0,9.600000381469727,108.9000015258789,0.339996337890625,35.416282653808594,108.9000015258789,0.0,1045.4400634765625
08172025_22_6LapsAndWeirdCurrData.parquet,-0.24,2260.0,1040.0,9964.0,157.60000610351562,103.4000015258789,0.6299972534179688,3.9974441528320312,103.4000015258789,0.0,16295.8408203125
08172025_22_6LapsAndWeirdCurrData.parquet,-0.24,1812.0,455.0,0.0,7.5,106.9000015258789,0.15999603271484375,21.33280372619629,104.80000305175781,0.0,801.75
08172025_22_6LapsAndWeirdCurrData.parquet,-0.24,87.0,720.0,4276.0,9.600000381469727,108.9000015258789,0.339996337890625,35.416282653808594,108.9000015258789,0.0,1045.4400634765625
08172025_22_6LapsAndWeirdCurrData.parquet,-0.24,1970.0,1007.0,9327.0,124.5999984741211,104.0,1.2699966430664062,10.19258975982666,104.0,0.0,12958.3994140625
08172025_22_6LapsAndWeirdCurrData.parquet,-0.23,1785.0,455.0,0.0,7.5,106.9000015258789,0.15999603271484375,21.33280372619629,104.80000305175781,0.0,801.75
08172025_22_6LapsAndWeirdCurrData.parquet,-0.23,2307.0,1040.0,9964.0,157.60000610351562,103.4000015258789,0.6299972534179688,3.9974441528320312,103.4000015258789,0.0,16295.8408203125
08172025_22_6LapsAndWeirdCurrData.parquet,-0.23,106.0,793.0,5348.0,9.600000381469727,108.9000015258789,0.339996337890625,35.416282653808594,108.9000015258789,0.0,1045.4400634765625
08172025_22_6LapsAndWeirdCurrData.parquet,-0.23,1970.0,1089.0,10863.0,124.5999984741211,104.0,1.2699966430664062,10.19258975982666,104.0,0.0,12958.3994140625
08172025_22_6LapsAndWeirdCurrData.parquet,-0.22,1785.0,455.0,0.0,7.5,106.9000015258789,0.15999603271484375,21.33280372619629,104.80000305175781,0.0,801.75
08172025_22_6LapsAndWeirdCurrData.parquet,-0.22,2307.0,1040.0,9929.0,157.60000610351562,103.4000015258789,0.6299972534179688,3.9974441528320312,103.4000015258789,0.0,16295.8408203125
08172025_22_6LapsAndWeirdCurrData.parquet,-0.22,1970.0,1089.0,10863.0,124.5999984741211,104.0,1.2699966430664062,10.19258975982666,104.0,0.0,12958.3994140625
08172025_22_6LapsAndWeirdCurrData.parquet,-0.22,106.0,793.0,5348.0,9.90000057220459,108.9000015258789,0.339996337890625,34.34306335449219,108.9000015258789,0.0,1078.110107421875
08172025_22_6LapsAndWeirdCurrData.parquet,-0.21,1696.0,455.0,0.0,7.5,106.9000015258789,0.15999603271484375,21.33280372619629,104.80000305175781,0.0,801.75
08172025_22_6LapsAndWeirdCurrData.parquet,-0.21,2307.0,1040.0,9929.0,158.5,103.4000015258789,0.6299972534179688,3.974745988845825,103.4000015258789,0.0,16388.900390625
08172025_22_6LapsAndWeirdCurrData.parquet,-0.21,106.0,793.0,5348.0,9.90000057220459,108.9000015258789,0.339996337890625,34.34306335449219,108.9000015258789,0.0,1078.110107421875
08172025_22_6LapsAndWeirdCurrData.parquet,-0.21,1980.0,1089.0,10863.0,128.5,103.5999984741211,1.6699981689453125,12.996094703674316,103.5999984741211,-0.40000152587890625,13312.599609375
08172025_22_6LapsAndWeirdCurrData.parquet,-0.2,2307.0,1040.0,9929.0,158.5,103.4000015258789,0.6299972534179688,3.974745988845825,103.4000015258789,0.0,16388.900390625
08172025_22_6LapsAndWeirdCurrData.parquet,-0.2,117.0,793.0,5348.0,9.90000057220459,108.9000015258789,0.339996337890625,34.34306335449219,108.9000015258789,0.0,1078.110107421875
08172025_22_6LapsAndWeirdCurrData.parquet,-0.2,1980.0,1089.0,10863.0,128.5,103.5999984741211,1.6699981689453125,12.996094703674316,103.5999984741211,0.0,13312.599609375
08172025_22_6LapsAndWeirdCurrData.parquet,-0.2,1696.0,455.0,0.0,6.800000190734863,106.9000015258789,0.15999603271484375,23.528827667236328,104.80000305175781,0.0,726.9200439453125
08172025_22_6LapsAndWeirdCurrData.parquet,-0.19,2003.0,1089.0,11411.0,128.5,103.5999984741211,1.6699981689453125,12.996094703674316,103.5999984741211,0.0,13312.599609375
08172025_22_6LapsAndWeirdCurrData.parquet,-0.19,117.0,793.0,7120.0,9.90000057220459,108.9000015258789,0.339996337890625,34.34306335449219,108.9000015258789,0.0,1078.110107421875
08172025_22_6LapsAndWeirdCurrData.parquet,-0.19,1641.0,455.0,0.0,6.800000190734863,106.9000015258789,0.15999603271484375,23.528827667236328,104.80000305175781,0.0,726.9200439453125
08172025_22_6LapsAndWeirdCurrData.parquet,-0.19,2307.0,1040.0,9929.0,158.5,103.4000015258789,0.6299972534179688,3.974745988845825,103.4000015258789,0.0,16388.900390625
08172025_22_6LapsAndWeirdCurrData.parquet,-0.18,2307.0,1040.0,10011.0,158.5,103.4000015258789,0.6299972534179688,3.974745988845825,103.4000015258789,0.0,16388.900390625
08172025_22_6LapsAndWeirdCurrData.parquet,-0.18,115.0,793.0,7120.0,9.90000057220459,108.9000015258789,0.339996337890625,34.34306335449219,108.9000015258789,0.0,1078.110107421875
08172025_22_6LapsAndWeirdCurrData.parquet,-0.18,2003.0,1089.0,11411.0,128.5,103.5999984741211,1.0800018310546875,8.404683113098145,103.5999984741211,0.0,13312.599609375
08172025_22_6LapsAndWeirdCurrData.parquet,-0.18,1641.0,455.0,0.0,6.800000190734863,106.9000015258789,0.15999603271484375,23.528827667236328,104.80000305175781,0.0,726.9200439453125
08172025_22_6LapsAndWeirdCurrData.parquet,-0.17,1626.0,455.0,0.0,6.800000190734863,106.9000015258789,0.15999603271484375,23.528827667236328,104.80000305175781,0.0,726.9200439453125
08172025_22_6LapsAndWeirdCurrData.parquet,-0.17,2316.0,1040.0,10011.0,158.5,103.4000015258789,0.6299972534179688,3.974745988845825,103.4000015258789,0.0,16388.900390625
08172025_22_6LapsAndWeirdCurrData.parquet,-0.17,115.0,793.0,7120.0,9.90000057220459,108.9000015258789,0.34999847412109375,35.35337829589844,108.9000015258789,0.0,1078.110107421875
08172025_22_6LapsAndWeirdCurrData.parquet,-0.17,2024.0,1089.0,11411.0,128.5,103.5999984741211,1.0800018310546875,8.404683113098145,103.5999984741211,0.0,13312.599609375
08172025_22_6LapsAndWeirdCurrData.parquet,-0.16,2024.0,1089.0,11411.0,128.5,103.5999984741211,1.0800018310546875,8.404683113098145,103.5999984741211,0.0,13312.599609375
08172025_22_6LapsAndWeirdCurrData.parquet,-0.16,2316.0,1040.0,10011.0,159.1999969482422,103.30000305175781,0.7299957275390625,4.585400104522705,103.30000305175781,-0.09999847412109375,16445.359375
08172025_22_6LapsAndWeirdCurrData.parquet,-0.16,1626.0,455.0,0.0,6.300000190734863,106.9000015258789,0.15999603271484375,25.396194458007812,104.80000305175781,0.0,673.4700317382812
08172025_22_6LapsAndWeirdCurrData.parquet,-0.16,135.0,793.0,7120.0,10.800000190734863,108.80000305175781,0.4499969482421875,41.666385650634766,108.80000305175781,-0.09999847412109375,1175.0400390625
08172025_22_6LapsAndWeirdCurrData.parquet,-0.15,2347.0,1040.0,10011.0,159.1999969482422,103.30000305175781,0.7299957275390625,4.585400104522705,103.30000305175781,0.0,16445.359375
08172025_22_6LapsAndWeirdCurrData.parquet,-0.15,1619.0,455.0,0.0,6.300000190734863,106.9000015258789,0.15999603271484375,25.396194458007812,104.80000305175781,0.0,673.4700317382812
08172025_22_6LapsAndWeirdCurrData.parquet,-0.15,2031.0,1089.0,10488.0,128.5,103.5999984741211,1.0800018310546875,8.404683113098145,103.5999984741211,0.0,13312.599609375
08172025_22_6LapsAndWeirdCurrData.parquet,-0.15,135.0,793.0,0.0,10.800000190734863,108.80000305175781,0.4499969482421875,41.666385650634766,108.80000305175781,0.0,1175.0400390625
08172025_22_6LapsAndWeirdCurrData.parquet,-0.14,2347.0,1040.0,10240.0,159.1999969482422,103.30000305175781,0.7299957275390625,4.585400104522705,103.30000305175781,0.0,16445.359375
08172025_22_6LapsAndWeirdCurrData.parquet,-0.14,132.0,793.0,0.0,10.800000190734863,108.80000305175781,0.4499969482421875,41.666385650634766,108.80000305175781,0.0,1175.0400390625
08172025_22_6LapsAndWeirdCurrData.parquet,-0.14,2031.0,1089.0,10488.0,128.5,103.5999984741211,1.0800018310546875,8.404683113098145,103.5999984741211,0.0,13312.599609375
08172025_22_6LapsAndWeirdCurrData.parquet,-0.14,1619.0,455.0,0.0,6.300000190734863,106.9000015258789,0.15999603271484375,25.396194458007812,104.80000305175781,0.0,673.4700317382812
08172025_22_6LapsAndWeirdCurrData.parquet,-0.13,2031.0,1089.0,10488.0,128.5,103.5999984741211,1.0800018310546875,8.404683113098145,103.5999984741211,0.0,13312.599609375
08172025_22_6LapsAndWeirdCurrData.parquet,-0.13,132.0,1079.0,0.0,10.800000190734863,108.80000305175781,0.4499969482421875,41.666385650634766,108.80000305175781,0.0,1175.0400390625
08172025_22_6LapsAndWeirdCurrData.parquet,-0.13,2323.0,1040.0,10240.0,159.1999969482422,103.30000305175781,0.7299957275390625,4.585400104522705,103.30000305175781,0.0,16445.359375
08172025_22_6LapsAndWeirdCurrData.parquet,-0.13,1619.0,455.0,0.0,6.300000190734863,106.9000015258789,0.15999603271484375,25.396194458007812,104.9000015258789,0.0,673.4700317382812
08172025_22_6LapsAndWeirdCurrData.parquet,-0.12,2031.0,1089.0,10488.0,128.5,103.5999984741211,1.0800018310546875,8.404683113098145,103.5999984741211,0.0,13312.599609375
08172025_22_6LapsAndWeirdCurrData.parquet,-0.12,132.0,1079.0,0.0,11.40000057220459,106.0999984741211,3.1500015258789062,276.3158874511719,106.0999984741211,-2.7000045776367188,1209.5400390625
08172025_22_6LapsAndWeirdCurrData.parquet,-0.12,2323.0,1040.0,10240.0,161.40000915527344,103.20000457763672,0.8299942016601562,5.142467021942139,103.20000457763672,-0.09999847412109375,16656.482421875
08172025_22_6LapsAndWeirdCurrData.parquet,-0.12,1619.0,455.0,0.0,6.300000190734863,106.9000015258789,0.15999603271484375,25.396194458007812,104.9000015258789,0.0,673.4700317382812
08172025_22_6LapsAndWeirdCurrData.parquet,-0.11,1619.0,455.0,0.0,6.300000190734863,106.9000015258789,0.15999603271484375,25.396194458007812,104.9000015258789,0.0,673.4700317382812
08172025_22_6LapsAndWeirdCurrData.parquet,-0.11,2031.0,1089.0,0.0,128.5,103.5999984741211,1.0800018310546875,8.404683113098145,103.5999984741211,0.0,13312.599609375
08172025_22_6LapsAndWeirdCurrData.parquet,-0.11,132.0,1079.0,0.0,11.40000057220459,106.0999984741211,3.1500015258789062,276.3158874511719,106.0999984741211,0.0,1209.5400390625
08172025_22_6LapsAndWeirdCurrData.parquet,-0.11,2323.0,1040.0,10240.0,161.40000915527344,103.20000457763672,0.8299942016601562,5.142467021942139,103.20000457763672,0.0,16656.482421875
08172025_22_6LapsAndWeirdCurrData.parquet,-0.1,1607.0,455.0,0.0,6.300000190734863,106.9000015258789,0.15999603271484375,25.396194458007812,104.9000015258789,0.0,673.4700317382812
08172025_22_6LapsAndWeirdCurrData.parquet,-0.1,2009.0,1089.0,0.0,128.5,103.5999984741211,1.0800018310546875,8.404683113098145,103.5999984741211,0.0,13312.599609375
08172025_22_6LapsAndWeirdCurrData.parquet,-0.1,2323.0,1040.0,9881.0,161.40000915527344,103.20000457763672,0.7699966430664062,4.770734786987305,103.20000457763672,0.0,16656.482421875
08172025_22_6LapsAndWeirdCurrData.parquet,-0.1,132.0,1079.0,0.0,11.40000057220459,106.0999984741211,3.1500015258789062,276.3158874511719,106.0999984741211,0.0,1209.5400390625
08172025_22_6LapsAndWeirdCurrData.parquet,-0.09,2323.0,1040.0,9881.0,161.40000915527344,103.20000457763672,0.7699966430664062,4.770734786987305,103.20000457763672,0.0,16656.482421875
08172025_22_6LapsAndWeirdCurrData.parquet,-0.09,1607.0,455.0,0.0,6.300000190734863,106.9000015258789,0.15999603271484375,25.396194458007812,104.9000015258789,0.0,673.4700317382812
08172025_22_6LapsAndWeirdCurrData.parquet,-0.09,13.0,1079.0,0.0,11.40000057220459,106.0999984741211,3.1500015258789062,276.3158874511719,106.0999984741211,0.0,1209.5400390625
08172025_22_6LapsAndWeirdCurrData.parquet,-0.09,2009.0,1089.0,0.0,128.5,103.5999984741211,1.0800018310546875,8.404683113098145,103.5999984741211,0.0,13312.599609375
08172025_22_6LapsAndWeirdCurrData.parquet,-0.08,1576.0,455.0,267.0,5.800000190734863,98.5999984741211,8.5,1465.5172119140625,98.5999984741211,-8.300003051757812,571.8800048828125
08172025_22_6LapsAndWeirdCurrData.parquet,-0.08,13.0,1079.0,0.0,9.40000057220459,96.0,13.029998779296875,1386.1700439453125,96.0,-10.099998474121094,902.4000244140625
08172025_22_6LapsAndWeirdCurrData.parquet,-0.08,2342.0,1040.0,9881.0,161.90000915527344,103.4000015258789,0.5699996948242188,3.5206897258758545,103.20000457763672,0.1999969482421875,16740.4609375
08172025_22_6LapsAndWeirdCurrData.parquet,-0.08,2009.0,1089.0,0.0,138.1999969482422,104.4000015258789,-0.9000015258789062,-6.512312412261963,103.5999984741211,0.8000030517578125,14428.080078125
08172025_22_6LapsAndWeirdCurrData.parquet,-0.07,22.0,1079.0,0.0,9.40000057220459,96.0,13.029998779296875,1386.1700439453125,96.0,0.0,902.4000244140625
08172025_22_6LapsAndWeirdCurrData.parquet,-0.07,1576.0,455.0,267.0,5.800000190734863,98.5999984741211,8.5,1465.5172119140625,98.5999984741211,0.0,571.8800048828125
08172025_22_6LapsAndWeirdCurrData.parquet,-0.07,2009.0,1089.0,0.0,138.1999969482422,104.4000015258789,-0.9000015258789062,-6.512312412261963,103.5999984741211,0.0,14428.080078125
08172025_22_6LapsAndWeirdCurrData.parquet,-0.07,2342.0,1040.0,0.0,161.90000915527344,103.4000015258789,0.5699996948242188,3.5206897258758545,103.20000457763672,0.0,16740.4609375
08172025_22_6LapsAndWeirdCurrData.parquet,-0.06,1864.0,1089.0,0.0,138.1999969482422,104.4000015258789,-0.9000015258789062,-6.512312412261963,103.5999984741211,0.0,14428.080078125
08172025_22_6LapsAndWeirdCurrData.parquet,-0.06,1552.0,455.0,267.0,5.800000190734863,98.5999984741211,8.5,1465.5172119140625,98.5999984741211,0.0,571.8800048828125
08172025_22_6LapsAndWeirdCurrData.parquet,-0.06,2342.0,1040.0,0.0,161.90000915527344,103.4000015258789,0.5699996948242188,3.5206897258758545,103.20000457763672,0.0,16740.4609375
08172025_22_6LapsAndWeirdCurrData.parquet,-0.06,22.0,1079.0,0.0,9.40000057220459,96.0,13.029998779296875,1386.1700439453125,96.0,0.0,902.4000244140625
08172025_22_6LapsAndWeirdCurrData.parquet,-0.05,1864.0,1089.0,0.0,138.1999969482422,104.4000015258789,-0.9000015258789062,-6.512312412261963,103.5999984741211,0.0,14428.080078125
08172025_22_6LapsAndWeirdCurrData.parquet,-0.05,1552.0,455.0,267.0,5.800000190734863,98.5999984741211,8.5,1465.5172119140625,98.5999984741211,0.0,571.8800048828125
08172025_22_6LapsAndWeirdCurrData.parquet,-0.05,2367.0,1033.0,0.0,161.90000915527344,103.4000015258789,0.5699996948242188,3.5206897258758545,103.20000457763672,0.0,16740.4609375
08172025_22_6LapsAndWeirdCurrData.parquet,-0.05,174.0,1079.0,0.0,9.40000057220459,96.0,13.029998779296875,1386.1700439453125,96.0,0.0,902.4000244140625
08172025_22_6LapsAndWeirdCurrData.parquet,-0.04,1864.0,1089.0,0.0,138.1999969482422,104.4000015258789,-0.9000015258789062,-6.512312412261963,103.5999984741211,0.0,14428.080078125
08172025_22_6LapsAndWeirdCurrData.parquet,-0.04,1521.0,455.0,497.0,6.0,89.20000457763672,17.899993896484375,2983.332275390625,89.20000457763672,-9.399993896484375,535.2000122070312
08172025_22_6LapsAndWeirdCurrData.parquet,-0.04,2367.0,1033.0,0.0,161.90000915527344,103.4000015258789,0.5699996948242188,3.5206897258758545,103.20000457763672,0.0,16740.4609375
08172025_22_6LapsAndWeirdCurrData.parquet,-0.04,174.0,1079.0,0.0,8.100000381469727,85.0,24.029998779296875,2966.66650390625,85.0,-11.0,688.5000610351562
08172025_22_6LapsAndWeirdCurrData.parquet,-0.03,1864.0,1089.0,0.0,138.1999969482422,104.4000015258789,-0.9000015258789062,-6.512312412261963,103.5999984741211,0.0,14428.080078125
08172025_22_6LapsAndWeirdCurrData.parquet,-0.03,2367.0,1033.0,0.0,161.90000915527344,103.4000015258789,0.5699996948242188,3.5206897258758545,103.20000457763672,0.0,16740.4609375
08172025_22_6LapsAndWeirdCurrData.parquet,-0.03,219.0,1402.0,0.0,8.100000381469727,85.0,24.029998779296875,2966.66650390625,85.0,0.0,688.5000610351562
08172025_22_6LapsAndWeirdCurrData.parquet,-0.03,1510.0,455.0,497.0,6.0,89.20000457763672,17.899993896484375,2983.332275390625,89.20000457763672,0.0,535.2000122070312
08172025_22_6LapsAndWeirdCurrData.parquet,-0.02,2060.0,1089.0,0.0,138.1999969482422,104.4000015258789,-0.9000015258789062,-6.512312412261963,103.5999984741211,0.0,14428.080078125
08172025_22_6LapsAndWeirdCurrData.parquet,-0.02,219.0,1402.0,0.0,8.100000381469727,85.0,24.029998779296875,2966.66650390625,85.0,0.0,688.5000610351562
08172025_22_6LapsAndWeirdCurrData.parquet,-0.02,2367.0,1033.0,0.0,161.90000915527344,103.4000015258789,0.5699996948242188,3.5206897258758545,103.20000457763672,0.0,16740.4609375
08172025_22_6LapsAndWeirdCurrData.parquet,-0.02,1510.0,455.0,497.0,6.0,89.20000457763672,17.899993896484375,2983.332275390625,89.20000457763672,0.0,535.2000122070312
08172025_22_6LapsAndWeirdCurrData.parquet,-0.01,2060.0,1089.0,0.0,138.1999969482422,104.4000015258789,-0.9000015258789062,-6.512312412261963,103.5999984741211,0.0,14428.080078125
08172025_22_6LapsAndWeirdCurrData.parquet,-0.01,219.0,1402.0,0.0,8.100000381469727,85.0,24.029998779296875,2966.66650390625,85.0,0.0,688.5000610351562
08172025_22_6LapsAndWeirdCurrData.parquet,-0.01,2207.0,1033.0,0.0,161.90000915527344,103.4000015258789,0.5699996948242188,3.5206897258758545,103.20000457763672,0.0,16740.4609375
08172025_22_6LapsAndWeirdCurrData.parquet,-0.01,1510.0,455.0,497.0,6.0,89.20000457763672,17.899993896484375,2983.332275390625,89.20000457763672,0.0,535.2000122070312
08172025_26autox1.parquet,-5.0,3234.0,1147.0,14001.0,251.5,95.20000457763672,3.0999908447265625,12.326007843017578,95.20000457763672,-1.0999984741210938,23942.80078125
08172025_26autox1.parquet,-5.0,3106.0,1307.0,13690.0,373.3000183105469,95.9000015258789,11.55999755859375,30.967041015625,93.5999984741211,0.0,35799.47265625
08172025_26autox1.parquet,-4.99,3106.0,1307.0,13690.0,373.3000183105469,95.9000015258789,11.55999755859375,30.967041015625,93.5999984741211,0.0,35799.47265625
08172025_26autox1.parquet,-4.99,3240.0,1147.0,14001.0,251.5,95.20000457763672,3.0999908447265625,12.326007843017578,95.20000457763672,0.0,23942.80078125
08172025_26autox1.parquet,-4.98,3389.0,1307.0,7971.0,316.0,99.0,8.459999084472656,26.77214813232422,93.5999984741211,3.0999984741210938,31284.0
08172025_26autox1.parquet,-4.98,3240.0,1147.0,14001.0,251.5,95.20000457763672,3.0999908447265625,12.326007843017578,95.20000457763672,0.0,23942.80078125
08172025_26autox1.parquet,-4.97,3238.0,1147.0,14100.0,251.5,95.20000457763672,3.0999908447265625,12.326007843017578,95.20000457763672,0.0,23942.80078125
08172025_26autox1.parquet,-4.97,3389.0,1307.0,7971.0,316.0,99.0,8.459999084472656,26.77214813232422,93.5999984741211,0.0,31284.0
08172025_26autox1.parquet,-4.96,3389.0,1307.0,7971.0,316.0,99.0,8.459999084472656,26.77214813232422,93.5999984741211,0.0,31284.0
08172025_26autox1.parquet,-4.96,3238.0,1147.0,14100.0,278.8000183105469,93.80000305175781,4.499992370605469,16.140575408935547,93.80000305175781,-1.4000015258789062,26151.443359375
08172025_26autox1.parquet,-4.95,3426.0,1307.0,7971.0,316.0,99.0,8.459999084472656,26.77214813232422,93.5999984741211,0.0,31284.0
08172025_26autox1.parquet,-4.95,3238.0,1248.0,14100.0,278.8000183105469,93.80000305175781,4.499992370605469,16.140575408935547,93.80000305175781,0.0,26151.443359375
08172025_26autox1.parquet,-4.94,3426.0,1307.0,11533.0,277.20001220703125,100.9000015258789,6.55999755859375,23.66521453857422,93.5999984741211,1.9000015258789062,27969.482421875
08172025_26autox1.parquet,-4.94,3172.0,1248.0,14100.0,278.8000183105469,93.80000305175781,4.499992370605469,16.140575408935547,93.80000305175781,0.0,26151.443359375
08172025_26autox1.parquet,-4.93,3223.0,1307.0,11533.0,277.20001220703125,100.9000015258789,6.55999755859375,23.66521453857422,93.5999984741211,0.0,27969.482421875
08172025_26autox1.parquet,-4.93,3172.0,1248.0,13445.0,278.8000183105469,93.80000305175781,4.499992370605469,16.140575408935547,93.80000305175781,0.0,26151.443359375
08172025_26autox1.parquet,-4.92,3223.0,1307.0,11533.0,277.20001220703125,100.9000015258789,6.55999755859375,23.66521453857422,93.5999984741211,0.0,27969.482421875
08172025_26autox1.parquet,-4.92,3172.0,1248.0,13445.0,278.8000183105469,93.80000305175781,4.499992370605469,16.140575408935547,93.80000305175781,0.0,26151.443359375
08172025_26autox1.parquet,-4.91,3261.0,1307.0,11533.0,277.20001220703125,100.9000015258789,6.55999755859375,23.66521453857422,93.5999984741211,0.0,27969.482421875
08172025_26autox1.parquet,-4.91,3172.0,1248.0,13445.0,278.8000183105469,93.80000305175781,4.499992370605469,16.140575408935547,93.80000305175781,0.0,26151.443359375
08172025_26autox1.parquet,-4.9,2932.0,1248.0,13445.0,278.8000183105469,93.80000305175781,4.499992370605469,16.140575408935547,93.80000305175781,0.0,26151.443359375
08172025_26autox1.parquet,-4.9,3261.0,1410.0,16568.0,268.5,99.0999984741211,8.360000610351562,31.135942459106445,93.5999984741211,-1.8000030517578125,26608.349609375
08172025_26autox1.parquet,-4.89,2932.0,1248.0,13426.0,278.8000183105469,93.80000305175781,4.499992370605469,16.140575408935547,93.80000305175781,0.0,26151.443359375
08172025_26autox1.parquet,-4.89,3261.0,1410.0,16568.0,268.5,99.0999984741211,8.360000610351562,31.135942459106445,93.5999984741211,0.0,26608.349609375
08172025_26autox1.parquet,-4.88,2740.0,1248.0,13426.0,287.6000061035156,95.30000305175781,2.9999923706054688,10.431127548217773,93.80000305175781,1.5,27408.28125
08172025_26autox1.parquet,-4.88,3261.0,1410.0,16568.0,268.5,99.0999984741211,8.360000610351562,31.135942459106445,93.5999984741211,0.0,26608.349609375
08172025_26autox1.parquet,-4.87,3626.0,1410.0,16568.0,268.5,99.0999984741211,8.360000610351562,31.135942459106445,93.5999984741211,0.0,26608.349609375
08172025_26autox1.parquet,-4.87,2740.0,1248.0,13426.0,287.6000061035156,95.30000305175781,2.9999923706054688,10.431127548217773,93.80000305175781,0.0,27408.28125
08172025_26autox1.parquet,-4.86,3626.0,1410.0,19695.0,318.6000061035156,92.9000015258789,14.55999755859375,45.699928283691406,92.9000015258789,-6.1999969482421875,29597.94140625
08172025_26autox1.parquet,-4.86,2715.0,1248.0,13426.0,287.6000061035156,95.30000305175781,2.9999923706054688,10.431127548217773,93.80000305175781,0.0,27408.28125
08172025_26autox1.parquet,-4.85,3626.0,1410.0,19695.0,318.6000061035156,92.9000015258789,14.55999755859375,45.699928283691406,92.9000015258789,0.0,29597.94140625
08172025_26autox1.parquet,-4.85,2715.0,1327.0,15106.0,287.6000061035156,95.30000305175781,2.9999923706054688,10.431127548217773,93.80000305175781,0.0,27408.28125
08172025_26autox1.parquet,-4.84,3734.0,1410.0,19695.0,318.6000061035156,92.9000015258789,14.55999755859375,45.699928283691406,92.9000015258789,0.0,29597.94140625
08172025_26autox1.parquet,-4.84,2687.0,1327.0,15106.0,280.6000061035156,95.4000015258789,2.899993896484375,10.33497428894043,93.80000305175781,0.09999847412109375,26769.240234375
08172025_26autox1.parquet,-4.83,3734.0,1410.0,19695.0,318.6000061035156,92.9000015258789,14.55999755859375,45.699928283691406,92.9000015258789,0.0,29597.94140625
08172025_26autox1.parquet,-4.83,2687.0,1327.0,15106.0,280.6000061035156,95.4000015258789,2.899993896484375,10.33497428894043,93.80000305175781,0.0,26769.240234375
08172025_26autox1.parquet,-4.82,3895.0,1410.0,14734.0,318.6000061035156,92.9000015258789,14.55999755859375,45.699928283691406,92.9000015258789,0.0,29597.94140625
08172025_26autox1.parquet,-4.82,2687.0,1327.0,15106.0,280.6000061035156,95.4000015258789,2.899993896484375,10.33497428894043,93.80000305175781,0.0,26769.240234375
08172025_26autox1.parquet,-4.81,2717.0,1327.0,17578.0,280.6000061035156,95.4000015258789,2.899993896484375,10.33497428894043,93.80000305175781,0.0,26769.240234375
08172025_26autox1.parquet,-4.81,3895.0,1410.0,14734.0,385.1000061035156,89.5999984741211,17.860000610351562,46.377567291259766,89.5999984741211,-3.3000030517578125,34504.9609375
08172025_26autox1.parquet,-4.8,4084.0,941.0,14734.0,385.1000061035156,89.5999984741211,17.860000610351562,46.377567291259766,89.5999984741211,0.0,34504.9609375
08172025_26autox1.parquet,-4.8,2717.0,1327.0,17578.0,291.8000183105469,94.0,4.299995422363281,14.736104011535645,93.80000305175781,-1.4000015258789062,27429.201171875
08172025_26autox1.parquet,-4.79,4084.0,941.0,14734.0,385.1000061035156,89.5999984741211,17.860000610351562,46.377567291259766,89.5999984741211,0.0,34504.9609375
08172025_26autox1.parquet,-4.79,2837.0,1327.0,17578.0,291.8000183105469,94.0,4.299995422363281,14.736104011535645,93.80000305175781,0.0,27429.201171875
08172025_26autox1.parquet,-4.78,4108.0,941.0,5105.0,385.1000061035156,89.5999984741211,17.860000610351562,46.377567291259766,89.5999984741211,0.0,34504.9609375
08172025_26autox1.parquet,-4.78,2837.0,1327.0,17578.0,291.8000183105469,94.0,4.299995422363281,14.736104011535645,93.80000305175781,0.0,27429.201171875
08172025_26autox1.parquet,-4.77,2786.0,1327.0,18795.0,291.8000183105469,94.0,4.299995422363281,14.736104011535645,93.80000305175781,0.0,27429.201171875
08172025_26autox1.parquet,-4.77,4108.0,941.0,5105.0,390.20001220703125,92.9000015258789,14.55999755859375,37.31418991088867,89.5999984741211,3.3000030517578125,36249.58203125
08172025_26autox1.parquet,-4.76,2786.0,1327.0,18795.0,319.5,92.30000305175781,5.999992370605469,18.77931785583496,92.30000305175781,-1.6999969482421875,29489.8515625
08172025_26autox1.parquet,-4.76,3934.0,941.0,5105.0,390.20001220703125,92.9000015258789,14.55999755859375,37.31418991088867,89.5999984741211,0.0,36249.58203125
08172025_26autox1.parquet,-4.75,3934.0,941.0,5105.0,390.20001220703125,92.9000015258789,14.55999755859375,37.31418991088867,89.5999984741211,0.0,36249.58203125
08172025_26autox1.parquet,-4.75,2778.0,1529.0,18795.0,319.5,92.30000305175781,5.999992370605469,18.77931785583496,92.30000305175781,0.0,29489.8515625
08172025_26autox1.parquet,-4.74,3756.0,941.0,3039.0,390.20001220703125,92.9000015258789,14.55999755859375,37.31418991088867,89.5999984741211,0.0,36249.58203125
08172025_26autox1.parquet,-4.74,2778.0,1529.0,18795.0,319.5,92.30000305175781,5.999992370605469,18.77931785583496,92.30000305175781,0.0,29489.8515625
08172025_26autox1.parquet,-4.73,3756.0,941.0,3039.0,321.6000061035156,101.20000457763672,6.2599945068359375,19.46515655517578,89.5999984741211,8.300003051757812,32545.921875
08172025_26autox1.parquet,-4.73,2590.0,1529.0,18625.0,319.5,92.30000305175781,5.999992370605469,18.77931785583496,92.30000305175781,0.0,29489.8515625
08172025_26autox1.parquet,-4.72,3756.0,941.0,3039.0,321.6000061035156,101.20000457763672,6.2599945068359375,19.46515655517578,89.5999984741211,0.0,32545.921875
08172025_26autox1.parquet,-4.72,2590.0,1529.0,18625.0,333.5,92.80000305175781,5.499992370605469,16.491731643676758,92.30000305175781,0.5,30948.80078125
08172025_26autox1.parquet,-4.71,3774.0,941.0,3039.0,321.6000061035156,101.20000457763672,6.2599945068359375,19.46515655517578,89.5999984741211,0.0,32545.921875
08172025_26autox1.parquet,-4.71,2401.0,1529.0,18625.0,333.5,92.80000305175781,5.499992370605469,16.491731643676758,92.30000305175781,0.0,30948.80078125
08172025_26autox1.parquet,-4.7,3774.0,633.0,2648.0,321.6000061035156,101.20000457763672,6.2599945068359375,19.46515655517578,89.5999984741211,0.0,32545.921875
08172025_26autox1.parquet,-4.7,2401.0,1529.0,18625.0,333.5,92.80000305175781,5.499992370605469,16.491731643676758,92.30000305175781,0.0,30948.80078125
08172025_26autox1.parquet,-4.69,3774.0,633.0,2648.0,321.6000061035156,101.20000457763672,6.2599945068359375,19.46515655517578,89.5999984741211,0.0,32545.921875
08172025_26autox1.parquet,-4.69,2401.0,1529.0,18309.0,333.5,92.80000305175781,5.499992370605469,16.491731643676758,92.30000305175781,0.0,30948.80078125
08172025_26autox1.parquet,-4.68,3774.0,633.0,2648.0,321.6000061035156,101.20000457763672,6.2599945068359375,19.46515655517578,89.5999984741211,0.0,32545.921875
08172025_26autox1.parquet,-4.68,2219.0,1529.0,18309.0,333.5,92.80000305175781,5.499992370605469,16.491731643676758,92.30000305175781,0.0,30948.80078125
08172025_26autox1.parquet,-4.67,2219.0,1529.0,18309.0,325.70001220703125,94.30000305175781,3.9999923706054688,12.281216621398926,92.30000305175781,1.5,30713.51171875
08172025_26autox1.parquet,-4.67,3628.0,633.0,2648.0,321.6000061035156,101.20000457763672,6.2599945068359375,19.46515655517578,89.5999984741211,0.0,32545.921875
08172025_26autox1.parquet,-4.66,3628.0,633.0,6625.0,321.6000061035156,101.20000457763672,6.2599945068359375,19.46515655517578,89.5999984741211,0.0,32545.921875
08172025_26autox1.parquet,-4.66,1919.0,1529.0,18309.0,325.70001220703125,94.30000305175781,3.9999923706054688,12.281216621398926,92.30000305175781,0.0,30713.51171875
08172025_26autox1.parquet,-4.65,3668.0,633.0,6625.0,180.10000610351562,104.70000457763672,2.7599945068359375,15.324788093566895,89.5999984741211,3.5,18856.470703125
08172025_26autox1.parquet,-4.65,1919.0,1527.0,18809.0,325.70001220703125,94.30000305175781,3.9999923706054688,12.281216621398926,92.30000305175781,0.0,30713.51171875
08172025_26autox1.parquet,-4.64,3668.0,633.0,6625.0,180.10000610351562,104.70000457763672,2.7599945068359375,15.324788093566895,89.5999984741211,0.0,18856.470703125
08172025_26autox1.parquet,-4.64,1886.0,1527.0,18809.0,325.70001220703125,94.30000305175781,3.9999923706054688,12.281216621398926,92.30000305175781,0.0,30713.51171875
08172025_26autox1.parquet,-4.63,3759.0,633.0,6625.0,180.10000610351562,104.70000457763672,2.7599945068359375,15.324788093566895,89.5999984741211,0.0,18856.470703125
08172025_26autox1.parquet,-4.63,1886.0,1527.0,18809.0,302.20001220703125,95.5999984741211,0.12000274658203125,0.39709708094596863,92.30000305175781,1.2999954223632812,28890.3203125
08172025_26autox1.parquet,-4.62,3759.0,633.0,12566.0,180.10000610351562,104.70000457763672,2.7599945068359375,15.324788093566895,89.5999984741211,0.0,18856.470703125
08172025_26autox1.parquet,-4.62,1886.0,1527.0,18809.0,302.20001220703125,95.5999984741211,0.12000274658203125,0.39709708094596863,92.30000305175781,0.0,28890.3203125
08172025_26autox1.parquet,-4.61,3759.0,633.0,12566.0,183.1999969482422,101.20000457763672,6.2599945068359375,34.1702766418457,89.5999984741211,-3.5,18539.83984375
08172025_26autox1.parquet,-4.61,1995.0,1527.0,22407.0,302.20001220703125,95.5999984741211,0.12000274658203125,0.39709708094596863,92.30000305175781,0.0,28890.3203125
08172025_26autox1.parquet,-4.6,1995.0,1527.0,22407.0,302.20001220703125,95.5999984741211,0.12000274658203125,0.39709708094596863,92.30000305175781,0.0,28890.3203125
08172025_26autox1.parquet,-4.6,3693.0,1323.0,12566.0,183.1999969482422,101.20000457763672,6.2599945068359375,34.1702766418457,89.5999984741211,0.0,18539.83984375
08172025_26autox1.parquet,-4.59,2004.0,1527.0,22407.0,302.1000061035156,94.0999984741211,1.6200027465820312,5.362471580505371,92.30000305175781,-1.5,28427.609375
08172025_26autox1.parquet,-4.59,3693.0,1323.0,12566.0,183.1999969482422,101.20000457763672,6.2599945068359375,34.1702766418457,89.5999984741211,0.0,18539.83984375
08172025_26autox1.parquet,-4.58,2004.0,1527.0,22407.0,302.1000061035156,94.0999984741211,1.6200027465820312,5.362471580505371,92.30000305175781,0.0,28427.609375
08172025_26autox1.parquet,-4.58,3913.0,1323.0,17083.0,183.1999969482422,101.20000457763672,6.2599945068359375,34.1702766418457,89.5999984741211,0.0,18539.83984375
08172025_26autox1.parquet,-4.57,2057.0,1527.0,24425.0,302.1000061035156,94.0999984741211,1.6200027465820312,5.362471580505371,92.30000305175781,0.0,28427.609375
08172025_26autox1.parquet,-4.57,3913.0,1323.0,17083.0,241.3000030517578,94.80000305175781,12.659996032714844,52.46579360961914,89.5999984741211,-6.400001525878906,22875.240234375
08172025_26autox1.parquet,-4.56,2057.0,1527.0,24425.0,302.1000061035156,94.0999984741211,1.6200027465820312,5.362471580505371,92.30000305175781,0.0,28427.609375
08172025_26autox1.parquet,-4.56,3959.0,1323.0,17083.0,241.3000030517578,94.80000305175781,12.659996032714844,52.46579360961914,89.5999984741211,0.0,22875.240234375
08172025_26autox1.parquet,-4.55,2068.0,1808.0,24425.0,324.3999938964844,92.20000457763672,3.5199966430664062,10.850790977478027,92.20000457763672,-1.899993896484375,29909.681640625
08172025_26autox1.parquet,-4.55,3959.0,1323.0,17083.0,241.3000030517578,94.80000305175781,12.659996032714844,52.46579360961914,89.5999984741211,0.0,22875.240234375
08172025_26autox1.parquet,-4.54,2068.0,1808.0,24425.0,324.3999938964844,92.20000457763672,3.5199966430664062,10.850790977478027,92.20000457763672,0.0,29909.681640625
08172025_26autox1.parquet,-4.54,4012.0,1323.0,19217.0,241.3000030517578,94.80000305175781,12.659996032714844,52.46579360961914,89.5999984741211,0.0,22875.240234375
08172025_26autox1.parquet,-4.53,2038.0,1808.0,22884.0,324.3999938964844,92.20000457763672,3.5199966430664062,10.850790977478027,92.20000457763672,0.0,29909.681640625
08172025_26autox1.parquet,-4.53,4012.0,1323.0,19217.0,241.3000030517578,94.80000305175781,12.659996032714844,52.46579360961914,89.5999984741211,0.0,22875.240234375
08172025_26autox1.parquet,-4.52,4051.0,1323.0,19217.0,328.70001220703125,90.0,17.459999084472656,53.11833953857422,89.5999984741211,-4.8000030517578125,29583.001953125
08172025_26autox1.parquet,-4.52,2038.0,1808.0,22884.0,324.3999938964844,92.20000457763672,3.5199966430664062,10.850790977478027,92.20000457763672,0.0,29909.681640625
08172025_26autox1.parquet,-4.51,4051.0,1323.0,19217.0,328.70001220703125,90.0,17.459999084472656,53.11833953857422,89.5999984741211,0.0,29583.001953125
08172025_26autox1.parquet,-4.51,2038.0,1808.0,22884.0,339.1000061035156,92.20000457763672,3.5199966430664062,10.38040828704834,92.20000457763672,0.0,31265.021484375
08172025_26autox1.parquet,-4.5,2061.0,1808.0,22884.0,339.1000061035156,92.20000457763672,3.5199966430664062,10.38040828704834,92.20000457763672,0.0,31265.021484375
08172025_26autox1.parquet,-4.5,4051.0,1739.0,22694.0,328.70001220703125,90.0,17.459999084472656,53.11833953857422,89.5999984741211,0.0,29583.001953125
08172025_26autox1.parquet,-4.49,4051.0,1739.0,22694.0,328.70001220703125,90.0,17.459999084472656,53.11833953857422,89.5999984741211,0.0,29583.001953125
08172025_26autox1.parquet,-4.49,2061.0,1808.0,20333.0,339.1000061035156,92.20000457763672,3.5199966430664062,10.38040828704834,92.20000457763672,0.0,31265.021484375
08172025_26autox1.parquet,-4.48,2128.0,1808.0,20333.0,339.1000061035156,92.20000457763672,3.5199966430664062,10.38040828704834,92.20000457763672,0.0,31265.021484375
08172025_26autox1.parquet,-4.48,4051.0,1739.0,22694.0,409.5,87.9000015258789,19.55999755859375,47.765560150146484,87.9000015258789,-2.0999984741210938,35995.05078125
08172025_26autox1.parquet,-4.47,2128.0,1808.0,20333.0,343.5,92.80000305175781,2.9199981689453125,8.50072193145752,92.20000457763672,0.5999984741210938,31876.80078125
08172025_26autox1.parquet,-4.47,4224.0,1739.0,22694.0,409.5,87.9000015258789,19.55999755859375,47.765560150146484,87.9000015258789,0.0,35995.05078125
08172025_26autox1.parquet,-4.46,2107.0,1808.0,20333.0,343.5,92.80000305175781,2.9199981689453125,8.50072193145752,92.20000457763672,0.0,31876.80078125
08172025_26autox1.parquet,-4.46,4224.0,1739.0,26312.0,409.5,87.9000015258789,19.55999755859375,47.765560150146484,87.9000015258789,0.0,35995.05078125
08172025_26autox1.parquet,-4.45,4249.0,1739.0,26312.0,409.5,87.9000015258789,19.55999755859375,47.765560150146484,87.9000015258789,0.0,35995.05078125
08172025_26autox1.parquet,-4.45,2107.0,1530.0,18937.0,343.5,92.80000305175781,2.9199981689453125,8.50072193145752,92.20000457763672,0.0,31876.80078125
08172025_26autox1.parquet,-4.44,4249.0,1739.0,26312.0,414.3000183105469,91.9000015258789,15.55999755859375,37.55731964111328,87.9000015258789,4.0,38074.171875
08172025_26autox1.parquet,-4.44,2086.0,1530.0,18937.0,343.5,92.80000305175781,2.9199981689453125,8.50072193145752,92.20000457763672,0.0,31876.80078125
08172025_26autox1.parquet,-4.43,4291.0,1739.0,26312.0,414.3000183105469,91.9000015258789,15.55999755859375,37.55731964111328,87.9000015258789,0.0,38074.171875
08172025_26autox1.parquet,-4.43,2086.0,1530.0,18937.0,332.20001220703125,94.0,1.720001220703125,5.17760705947876,92.20000457763672,1.1999969482421875,31226.80078125
08172025_26autox1.parquet,-4.42,4291.0,1739.0,28688.0,414.3000183105469,91.9000015258789,15.55999755859375,37.55731964111328,87.9000015258789,0.0,38074.171875
08172025_26autox1.parquet,-4.42,2086.0,1530.0,18937.0,332.20001220703125,94.0,1.720001220703125,5.17760705947876,92.20000457763672,0.0,31226.80078125
08172025_26autox1.parquet,-4.41,4328.0,1739.0,28688.0,414.3000183105469,91.9000015258789,15.55999755859375,37.55731964111328,87.9000015258789,0.0,38074.171875
08172025_26autox1.parquet,-4.41,2086.0,1530.0,18214.0,332.20001220703125,94.0,1.720001220703125,5.17760705947876,92.20000457763672,0.0,31226.80078125
08172025_26autox1.parquet,-4.4,4328.0,2122.0,28688.0,414.3999938964844,92.5999984741211,14.860000610351562,35.859073638916016,87.9000015258789,0.6999969482421875,38373.4375
08172025_26autox1.parquet,-4.4,2326.0,1530.0,18214.0,332.20001220703125,94.0,1.720001220703125,5.17760705947876,92.20000457763672,0.0,31226.80078125
08172025_26autox1.parquet,-4.39,4328.0,2122.0,28688.0,414.3999938964844,92.5999984741211,14.860000610351562,35.859073638916016,87.9000015258789,0.0,38373.4375
08172025_26autox1.parquet,-4.39,2326.0,1530.0,18214.0,332.20001220703125,94.0,1.720001220703125,5.17760705947876,92.20000457763672,0.0,31226.80078125
08172025_26autox1.parquet,-4.38,2277.0,1530.0,18214.0,329.3000183105469,93.5999984741211,2.1200027465820312,6.437906742095947,92.20000457763672,-0.40000152587890625,30822.48046875
08172025_26autox1.parquet,-4.38,4328.0,2122.0,30000.0,414.3999938964844,92.5999984741211,14.860000610351562,35.859073638916016,87.9000015258789,0.0,38373.4375
08172025_26autox1.parquet,-4.37,4328.0,2122.0,30000.0,414.3999938964844,92.5999984741211,14.860000610351562,35.859073638916016,87.9000015258789,0.0,38373.4375
08172025_26autox1.parquet,-4.37,2277.0,1530.0,18151.0,329.3000183105469,93.5999984741211,2.1200027465820312,6.437906742095947,92.20000457763672,0.0,30822.48046875
08172025_26autox1.parquet,-4.36,2277.0,1530.0,18151.0,329.3000183105469,93.5999984741211,2.1200027465820312,6.437906742095947,92.20000457763672,0.0,30822.48046875
08172025_26autox1.parquet,-4.36,4266.0,2122.0,30000.0,413.3000183105469,92.70000457763672,14.759994506835938,35.71254348754883,87.9000015258789,0.100006103515625,38312.9140625
08172025_26autox1.parquet,-4.35,4266.0,2122.0,30000.0,413.3000183105469,92.70000457763672,14.759994506835938,35.71254348754883,87.9000015258789,0.0,38312.9140625
08172025_26autox1.parquet,-4.35,2200.0,1455.0,18151.0,329.3000183105469,93.5999984741211,2.1200027465820312,6.437906742095947,92.20000457763672,0.0,30822.48046875
08172025_26autox1.parquet,-4.34,4133.0,2122.0,30000.0,413.3000183105469,92.70000457763672,14.759994506835938,35.71254348754883,87.9000015258789,0.0,38312.9140625
08172025_26autox1.parquet,-4.34,2200.0,1455.0,18151.0,319.3000183105469,94.20000457763672,1.5199966430664062,4.760402679443359,92.20000457763672,0.600006103515625,30078.0625
08172025_26autox1.parquet,-4.33,2286.0,1455.0,17318.0,319.3000183105469,94.20000457763672,1.5199966430664062,4.760402679443359,92.20000457763672,0.0,30078.0625
08172025_26autox1.parquet,-4.33,4133.0,2122.0,30000.0,413.3000183105469,92.70000457763672,14.759994506835938,35.71254348754883,87.9000015258789,0.0,38312.9140625
08172025_26autox1.parquet,-4.32,4127.0,2122.0,30000.0,407.5,92.9000015258789,14.55999755859375,35.73005676269531,87.9000015258789,0.1999969482421875,37856.75
08172025_26autox1.parquet,-4.32,2286.0,1455.0,17318.0,319.3000183105469,94.20000457763672,1.5199966430664062,4.760402679443359,92.20000457763672,0.0,30078.0625
08172025_26autox1.parquet,-4.31,4127.0,2122.0,30000.0,407.5,92.9000015258789,14.55999755859375,35.73005676269531,87.9000015258789,0.0,37856.75
08172025_26autox1.parquet,-4.31,2319.0,1455.0,17318.0,319.3000183105469,94.20000457763672,1.5199966430664062,4.760402679443359,92.20000457763672,0.0,30078.0625
08172025_26autox1.parquet,-4.3,4280.0,2144.0,30000.0,407.5,92.9000015258789,14.55999755859375,35.73005676269531,87.9000015258789,0.0,37856.75
08172025_26autox1.parquet,-4.3,2319.0,1455.0,17318.0,313.8999938964844,94.20000457763672,1.5199966430664062,4.8422956466674805,92.20000457763672,0.0,29569.380859375
08172025_26autox1.parquet,-4.29,4280.0,2144.0,30000.0,407.5,92.9000015258789,14.55999755859375,35.73005676269531,87.9000015258789,0.0,37856.75
08172025_26autox1.parquet,-4.29,2301.0,1455.0,15763.0,313.8999938964844,94.20000457763672,1.5199966430664062,4.8422956466674805,92.20000457763672,0.0,29569.380859375
08172025_26autox1.parquet,-4.28,4368.0,2144.0,30000.0,408.3999938964844,92.9000015258789,14.55999755859375,35.65131378173828,87.9000015258789,0.0,37940.359375
08172025_26autox1.parquet,-4.28,2301.0,1455.0,15763.0,313.8999938964844,94.20000457763672,1.5199966430664062,4.8422956466674805,92.20000457763672,0.0,29569.380859375
08172025_26autox1.parquet,-4.27,2301.0,1455.0,15763.0,313.8999938964844,94.20000457763672,1.5199966430664062,4.8422956466674805,92.20000457763672,0.0,29569.380859375
08172025_26autox1.parquet,-4.27,4368.0,2144.0,30000.0,408.3999938964844,92.9000015258789,14.55999755859375,35.65131378173828,87.9000015258789,0.0,37940.359375
08172025_26autox1.parquet,-4.26,4368.0,2144.0,30000.0,408.3999938964844,92.9000015258789,14.55999755859375,35.65131378173828,87.9000015258789,0.0,37940.359375
08172025_26autox1.parquet,-4.26,2241.0,1455.0,15763.0,300.5,95.20000457763672,0.5199966430664062,1.7304381132125854,92.20000457763672,1.0,28607.6015625
08172025_26autox1.parquet,-4.25,2241.0,1128.0,11634.0,300.5,95.20000457763672,0.5199966430664062,1.7304381132125854,92.20000457763672,0.0,28607.6015625
08172025_26autox1.parquet,-4.25,4478.0,2144.0,30000.0,408.3999938964844,92.9000015258789,14.55999755859375,35.65131378173828,87.9000015258789,0.0,37940.359375
08172025_26autox1.parquet,-4.24,2286.0,1128.0,11634.0,300.5,95.20000457763672,0.5199966430664062,1.7304381132125854,92.20000457763672,0.0,28607.6015625
08172025_26autox1.parquet,-4.24,4566.0,2144.0,30000.0,408.8999938964844,93.0999984741211,14.360000610351562,35.118614196777344,87.9000015258789,0.1999969482421875,38068.58984375
08172025_26autox1.parquet,-4.23,2286.0,1128.0,11634.0,300.5,95.20000457763672,0.5199966430664062,1.7304381132125854,92.20000457763672,0.0,28607.6015625
08172025_26autox1.parquet,-4.23,4566.0,2144.0,30000.0,408.8999938964844,93.0999984741211,14.360000610351562,35.118614196777344,87.9000015258789,0.0,38068.58984375
08172025_26autox1.parquet,-4.22,2286.0,1128.0,11634.0,300.5,95.20000457763672,0.5199966430664062,1.7304381132125854,92.20000457763672,0.0,28607.6015625
08172025_26autox1.parquet,-4.22,4566.0,2144.0,30000.0,408.8999938964844,93.0999984741211,14.360000610351562,35.118614196777344,87.9000015258789,0.0,38068.58984375
08172025_26autox1.parquet,-4.21,2286.0,1128.0,9925.0,300.5,95.20000457763672,0.5199966430664062,1.7304381132125854,92.20000457763672,0.0,28607.6015625
08172025_26autox1.parquet,-4.21,4613.0,2144.0,30000.0,408.8999938964844,93.0999984741211,14.360000610351562,35.118614196777344,87.9000015258789,0.0,38068.58984375
08172025_26autox1.parquet,-4.2,4613.0,2138.0,30000.0,408.8999938964844,93.0999984741211,14.360000610351562,35.118614196777344,87.9000015258789,0.0,38068.58984375
08172025_26autox1.parquet,-4.2,2360.0,1128.0,9925.0,300.5,95.20000457763672,0.5199966430664062,1.7304381132125854,92.20000457763672,0.0,28607.6015625
08172025_26autox1.parquet,-4.19,2360.0,985.0,9925.0,300.5,95.20000457763672,0.5199966430664062,1.7304381132125854,92.20000457763672,0.0,28607.6015625
08172025_26autox1.parquet,-4.19,4613.0,2138.0,30000.0,408.8999938964844,93.0999984741211,14.360000610351562,35.118614196777344,87.9000015258789,0.0,38068.58984375
08172025_26autox1.parquet,-4.18,2357.0,985.0,9925.0,218.8000030517578,98.5,-2.779998779296875,-12.70566177368164,92.20000457763672,3.2999954223632812,21551.80078125
08172025_26autox1.parquet,-4.18,4613.0,2138.0,30000.0,408.8999938964844,93.0999984741211,14.360000610351562,35.118614196777344,87.9000015258789,0.0,38068.58984375
08172025_26autox1.parquet,-4.17,4224.0,2138.0,30000.0,408.8999938964844,93.0999984741211,14.360000610351562,35.118614196777344,87.9000015258789,0.0,38068.58984375
08172025_26autox1.parquet,-4.17,2357.0,985.0,6716.0,218.8000030517578,98.5,-3.5900039672851562,-16.407695770263672,92.20000457763672,0.0,21551.80078125
08172025_26autox1.parquet,-4.16,2357.0,985.0,6716.0,218.8000030517578,98.5,-3.5900039672851562,-16.407695770263672,92.20000457763672,0.0,21551.80078125
08172025_26autox1.parquet,-4.16,4224.0,2138.0,30000.0,408.8999938964844,93.0999984741211,14.360000610351562,35.118614196777344,87.9000015258789,0.0,38068.58984375
08172025_26autox1.parquet,-4.15,2357.0,985.0,6716.0,218.8000030517578,98.5,-3.5900039672851562,-16.407695770263672,92.20000457763672,0.0,21551.80078125
08172025_26autox1.parquet,-4.15,4224.0,2138.0,30000.0,402.70001220703125,93.0,14.459999084472656,35.90761947631836,87.9000015258789,-0.09999847412109375,37451.1015625
08172025_26autox1.parquet,-4.14,2357.0,985.0,6716.0,218.8000030517578,98.5,-3.5900039672851562,-16.407695770263672,92.20000457763672,0.0,21551.80078125
08172025_26autox1.parquet,-4.14,4354.0,2146.0,30000.0,402.70001220703125,93.0,14.459999084472656,35.90761947631836,87.9000015258789,0.0,37451.1015625
08172025_26autox1.parquet,-4.13,4354.0,2146.0,30000.0,402.70001220703125,93.0,14.459999084472656,35.90761947631836,87.9000015258789,0.0,37451.1015625
08172025_26autox1.parquet,-4.13,2304.0,985.0,2316.0,189.6999969482422,99.9000015258789,-4.9900054931640625,-26.30472183227539,92.20000457763672,1.4000015258789062,18951.029296875
08172025_26autox1.parquet,-4.12,4440.0,2146.0,30000.0,402.70001220703125,93.0,14.459999084472656,35.90761947631836,87.9000015258789,0.0,37451.1015625
08172025_26autox1.parquet,-4.12,2304.0,985.0,2316.0,189.6999969482422,99.9000015258789,-4.9900054931640625,-26.30472183227539,92.20000457763672,0.0,18951.029296875
08172025_26autox1.parquet,-4.11,4440.0,2146.0,30000.0,403.20001220703125,93.0,14.459999084472656,35.86309051513672,87.9000015258789,0.0,37497.6015625
08172025_26autox1.parquet,-4.11,2252.0,985.0,2316.0,189.6999969482422,99.9000015258789,-4.9900054931640625,-26.30472183227539,92.20000457763672,0.0,18951.029296875
08172025_26autox1.parquet,-4.1,4572.0,2146.0,30000.0,403.20001220703125,93.0,14.459999084472656,35.86309051513672,87.9000015258789,0.0,37497.6015625
08172025_26autox1.parquet,-4.1,2252.0,985.0,2316.0,189.6999969482422,99.9000015258789,-4.9900054931640625,-26.30472183227539,92.20000457763672,0.0,18951.029296875
08172025_26autox1.parquet,-4.09,4572.0,2146.0,30000.0,403.20001220703125,93.0,14.459999084472656,35.86309051513672,87.9000015258789,0.0,37497.6015625
08172025_26autox1.parquet,-4.09,2216.0,636.0,2365.0,144.1999969482422,102.20000457763672,-7.290008544921875,-50.55484390258789,92.20000457763672,2.3000030517578125,14737.240234375
08172025_26autox1.parquet,-4.08,4612.0,2146.0,30000.0,403.20001220703125,93.0,14.459999084472656,35.86309051513672,87.9000015258789,0.0,37497.6015625
08172025_26autox1.parquet,-4.08,2216.0,636.0,2365.0,144.1999969482422,102.20000457763672,-7.290008544921875,-50.55484390258789,92.20000457763672,0.0,14737.240234375
08172025_26autox1.parquet,-4.07,4612.0,2146.0,30000.0,405.20001220703125,93.0999984741211,14.360000610351562,35.43928909301758,87.9000015258789,0.09999847412109375,37724.12109375
08172025_26autox1.parquet,-4.07,2274.0,636.0,2365.0,144.1999969482422,102.20000457763672,-7.290008544921875,-50.55484390258789,92.20000457763672,0.0,14737.240234375
08172025_26autox1.parquet,-4.06,2274.0,636.0,2365.0,144.1999969482422,102.20000457763672,-7.290008544921875,-50.55484390258789,92.20000457763672,0.0,14737.240234375
08172025_26autox1.parquet,-4.06,4507.0,2146.0,30000.0,405.20001220703125,93.0999984741211,14.360000610351562,35.43928909301758,87.9000015258789,0.0,37724.12109375
08172025_26autox1.parquet,-4.05,4507.0,2146.0,30000.0,405.20001220703125,93.0999984741211,14.360000610351562,35.43928909301758,87.9000015258789,0.0,37724.12109375
08172025_26autox1.parquet,-4.05,2302.0,636.0,5966.0,109.5,102.5999984741211,-7.69000244140625,-70.22833251953125,92.20000457763672,0.399993896484375,11234.7001953125
08172025_26autox1.parquet,-4.04,4341.0,2141.0,30000.0,405.20001220703125,93.0999984741211,14.360000610351562,35.43928909301758,87.9000015258789,0.0,37724.12109375
08172025_26autox1.parquet,-4.04,2302.0,636.0,5966.0,109.5,102.5999984741211,-7.69000244140625,-70.22833251953125,92.20000457763672,0.0,11234.7001953125
08172025_26autox1.parquet,-4.03,4341.0,2141.0,30000.0,405.20001220703125,93.0999984741211,14.360000610351562,35.43928909301758,87.9000015258789,0.0,37724.12109375
08172025_26autox1.parquet,-4.03,2316.0,636.0,5966.0,109.5,102.5999984741211,-7.69000244140625,-70.22833251953125,92.20000457763672,0.0,11234.7001953125
08172025_26autox1.parquet,-4.02,4085.0,2141.0,30000.0,405.20001220703125,93.0999984741211,14.360000610351562,35.43928909301758,87.9000015258789,0.0,37724.12109375
08172025_26autox1.parquet,-4.02,2316.0,636.0,5966.0,109.5,102.5999984741211,-7.69000244140625,-70.22833251953125,92.20000457763672,0.0,11234.7001953125
08172025_26autox1.parquet,-4.01,4085.0,2141.0,30000.0,405.20001220703125,93.0999984741211,14.360000610351562,35.43928909301758,87.9000015258789,0.0,37724.12109375
08172025_26autox1.parquet,-4.01,2358.0,636.0,8267.0,103.0,101.20000457763672,-6.290008544921875,-61.06804275512695,92.20000457763672,-1.399993896484375,10423.6005859375
08172025_26autox1.parquet,-4.0,2358.0,636.0,8267.0,103.0,101.20000457763672,-6.290008544921875,-61.06804275512695,92.20000457763672,0.0,10423.6005859375
08172025_26autox1.parquet,-4.0,4058.0,2141.0,30000.0,405.20001220703125,93.0999984741211,14.360000610351562,35.43928909301758,87.9000015258789,0.0,37724.12109375
08172025_26autox1.parquet,-3.99,2358.0,1031.0,8267.0,103.0,101.20000457763672,-6.290008544921875,-61.06804275512695,92.20000457763672,0.0,10423.6005859375
08172025_26autox1.parquet,-3.99,4058.0,2141.0,30000.0,397.3000183105469,92.9000015258789,14.55999755859375,36.647361755371094,87.9000015258789,-0.1999969482421875,36909.171875
08172025_26autox1.parquet,-3.98,2425.0,1031.0,8267.0,103.0,101.20000457763672,-6.290008544921875,-61.06804275512695,92.80000305175781,0.0,10423.6005859375
08172025_26autox1.parquet,-3.98,4108.0,2141.0,30000.0,397.3000183105469,92.9000015258789,14.55999755859375,36.647361755371094,87.9000015258789,0.0,36909.171875
08172025_26autox1.parquet,-3.97,2425.0,1031.0,12142.0,116.30000305175781,99.70000457763672,-4.790008544921875,-41.18666076660156,92.80000305175781,-1.5,11595.1103515625
08172025_26autox1.parquet,-3.97,4108.0,2141.0,30000.0,397.3000183105469,92.9000015258789,14.55999755859375,36.647361755371094,87.9000015258789,0.0,36909.171875
08172025_26autox1.parquet,-3.96,2425.0,1031.0,12142.0,116.30000305175781,99.70000457763672,-4.790008544921875,-41.18666076660156,92.80000305175781,0.0,11595.1103515625
08172025_26autox1.parquet,-3.96,3902.0,2141.0,30000.0,397.3000183105469,92.9000015258789,14.55999755859375,36.647361755371094,87.9000015258789,0.0,36909.171875
08172025_26autox1.parquet,-3.95,2425.0,1031.0,12142.0,116.30000305175781,99.70000457763672,-4.790008544921875,-41.18666076660156,92.80000305175781,0.0,11595.1103515625
08172025_26autox1.parquet,-3.95,3902.0,2141.0,30000.0,398.8000183105469,92.9000015258789,14.55999755859375,36.509521484375,91.9000015258789,0.0,37048.5234375
08172025_26autox1.parquet,-3.94,2511.0,1031.0,12142.0,116.30000305175781,99.70000457763672,-4.790008544921875,-41.18666076660156,93.5999984741211,0.0,11595.1103515625
08172025_26autox1.parquet,-3.94,3902.0,2146.0,30000.0,398.8000183105469,92.9000015258789,14.55999755859375,36.509521484375,91.9000015258789,0.0,37048.5234375
08172025_26autox1.parquet,-3.93,2511.0,1031.0,15097.0,150.40000915527344,97.4000015258789,-2.4900054931640625,-16.55588722229004,93.5999984741211,-2.3000030517578125,14648.9609375
08172025_26autox1.parquet,-3.93,3902.0,2146.0,30000.0,398.8000183105469,92.9000015258789,14.55999755859375,36.509521484375,91.9000015258789,0.0,37048.5234375
08172025_26autox1.parquet,-3.92,2514.0,1031.0,15097.0,150.40000915527344,97.4000015258789,-2.4900054931640625,-16.55588722229004,93.5999984741211,0.0,14648.9609375
08172025_26autox1.parquet,-3.92,3902.0,2146.0,30000.0,398.8000183105469,92.9000015258789,14.55999755859375,36.509521484375,91.9000015258789,0.0,37048.5234375
08172025_26autox1.parquet,-3.91,2514.0,1031.0,15097.0,150.40000915527344,97.4000015258789,-2.4900054931640625,-16.55588722229004,93.5999984741211,0.0,14648.9609375
08172025_26autox1.parquet,-3.91,3779.0,2146.0,30000.0,398.8000183105469,92.9000015258789,14.55999755859375,36.509521484375,92.5999984741211,0.0,37048.5234375
08172025_26autox1.parquet,-3.9,3779.0,2146.0,30000.0,397.3000183105469,93.0999984741211,14.360000610351562,36.14397430419922,92.5999984741211,0.1999969482421875,36988.6328125
08172025_26autox1.parquet,-3.9,2579.0,1031.0,15097.0,150.40000915527344,97.4000015258789,-2.4900054931640625,-16.55588722229004,93.5999984741211,0.0,14648.9609375
08172025_26autox1.parquet,-3.89,2579.0,1207.0,13167.0,194.5,95.20000457763672,-0.290008544921875,-1.4910465478897095,93.5999984741211,-2.1999969482421875,18516.400390625
08172025_26autox1.parquet,-3.89,3631.0,2146.0,30000.0,397.3000183105469,93.0999984741211,14.360000610351562,36.14397430419922,92.5999984741211,0.0,36988.6328125
08172025_26autox1.parquet,-3.88,3631.0,2146.0,30000.0,397.3000183105469,93.0999984741211,14.360000610351562,36.14397430419922,92.5999984741211,0.0,36988.6328125
08172025_26autox1.parquet,-3.88,2579.0,1207.0,13167.0,194.5,95.20000457763672,-0.290008544921875,-1.4910465478897095,93.5999984741211,0.0,18516.400390625
08172025_26autox1.parquet,-3.87,3444.0,2146.0,30000.0,397.3000183105469,93.0999984741211,14.360000610351562,36.14397430419922,92.70000457763672,0.0,36988.6328125
08172025_26autox1.parquet,-3.87,2558.0,1207.0,13167.0,194.5,95.20000457763672,4.829994201660156,24.832874298095703,93.5999984741211,0.0,18516.400390625
08172025_26autox1.parquet,-3.86,3444.0,2146.0,30000.0,396.20001220703125,93.4000015258789,14.05999755859375,35.487117767333984,92.70000457763672,0.3000030517578125,37005.08203125
08172025_26autox1.parquet,-3.86,2587.0,1207.0,13167.0,194.5,95.20000457763672,4.829994201660156,24.832874298095703,93.5999984741211,0.0,18516.400390625
08172025_26autox1.parquet,-3.85,2587.0,1207.0,12692.0,212.5,96.0,4.029998779296875,18.96470069885254,94.20000457763672,0.7999954223632812,20400.0
08172025_26autox1.parquet,-3.85,3589.0,2146.0,30000.0,396.20001220703125,93.4000015258789,14.05999755859375,35.487117767333984,92.70000457763672,0.0,37005.08203125
08172025_26autox1.parquet,-3.84,3589.0,2150.0,30000.0,396.20001220703125,93.4000015258789,14.05999755859375,35.487117767333984,92.70000457763672,0.0,37005.08203125
08172025_26autox1.parquet,-3.84,2587.0,1207.0,12692.0,212.5,96.0,4.029998779296875,18.96470069885254,94.20000457763672,0.0,20400.0
08172025_26autox1.parquet,-3.83,3589.0,2150.0,30000.0,396.20001220703125,93.4000015258789,14.05999755859375,35.487117767333984,92.9000015258789,0.0,37005.08203125
08172025_26autox1.parquet,-3.83,2699.0,1207.0,12692.0,212.5,96.0,4.029998779296875,18.96470069885254,94.20000457763672,0.0,20400.0
08172025_26autox1.parquet,-3.82,3589.0,2150.0,30000.0,398.3000183105469,93.0,14.459999084472656,36.30428695678711,92.9000015258789,-0.40000152587890625,37041.90234375
08172025_26autox1.parquet,-3.82,2699.0,1207.0,12692.0,212.5,96.0,4.029998779296875,18.96470069885254,94.20000457763672,0.0,20400.0
08172025_26autox1.parquet,-3.81,3481.0,2150.0,30000.0,398.3000183105469,93.0,14.459999084472656,36.30428695678711,92.9000015258789,0.0,37041.90234375
08172025_26autox1.parquet,-3.81,2751.0,1207.0,23724.0,212.5,96.0,4.029998779296875,18.96470069885254,94.20000457763672,0.0,20400.0
08172025_26autox1.parquet,-3.8,3481.0,2150.0,30000.0,398.3000183105469,93.0,14.459999084472656,36.30428695678711,92.9000015258789,0.0,37041.90234375
08172025_26autox1.parquet,-3.8,2751.0,1207.0,23724.0,230.1999969482422,95.30000305175781,4.7299957275390625,20.547332763671875,94.20000457763672,-0.6999969482421875,21938.060546875
08172025_26autox1.parquet,-3.79,3481.0,2150.0,30000.0,398.3000183105469,93.0,14.459999084472656,36.30428695678711,92.9000015258789,0.0,37041.90234375
08172025_26autox1.parquet,-3.79,3044.0,2088.0,23724.0,230.1999969482422,95.30000305175781,4.7299957275390625,20.547332763671875,94.20000457763672,0.0,21938.060546875
08172025_26autox1.parquet,-3.78,3602.0,2150.0,30000.0,398.70001220703125,92.80000305175781,14.659996032714844,36.76948928833008,92.80000305175781,-0.1999969482421875,36999.36328125
08172025_26autox1.parquet,-3.78,3044.0,2088.0,23724.0,230.1999969482422,95.30000305175781,4.7299957275390625,20.547332763671875,94.20000457763672,0.0,21938.060546875
08172025_26autox1.parquet,-3.77,3602.0,2150.0,30000.0,398.70001220703125,92.80000305175781,14.659996032714844,36.76948928833008,92.80000305175781,0.0,36999.36328125
08172025_26autox1.parquet,-3.77,3204.0,2088.0,30000.0,230.1999969482422,95.30000305175781,4.7299957275390625,20.547332763671875,95.20000457763672,0.0,21938.060546875
08172025_26autox1.parquet,-3.76,3602.0,2150.0,30000.0,398.70001220703125,92.80000305175781,14.659996032714844,36.76948928833008,92.80000305175781,0.0,36999.36328125
08172025_26autox1.parquet,-3.76,3204.0,2088.0,30000.0,230.1999969482422,95.30000305175781,4.7299957275390625,20.547332763671875,95.20000457763672,0.0,21938.060546875
08172025_26autox1.parquet,-3.75,3602.0,2150.0,30000.0,398.70001220703125,92.80000305175781,14.659996032714844,36.76948928833008,92.80000305175781,0.0,36999.36328125
08172025_26autox1.parquet,-3.75,2939.0,2088.0,30000.0,230.1999969482422,95.30000305175781,4.7299957275390625,20.547332763671875,95.20000457763672,0.0,21938.060546875
08172025_26autox1.parquet,-3.74,2939.0,2088.0,30000.0,230.1999969482422,95.30000305175781,4.7299957275390625,20.547332763671875,95.20000457763672,0.0,21938.060546875
08172025_26autox1.parquet,-3.74,3583.0,2158.0,30000.0,398.0,93.0999984741211,14.360000610351562,36.080406188964844,92.80000305175781,0.29999542236328125,37053.80078125
08172025_26autox1.parquet,-3.73,3583.0,2158.0,30000.0,398.0,93.0999984741211,14.360000610351562,36.080406188964844,92.80000305175781,0.0,37053.80078125
08172025_26autox1.parquet,-3.73,2939.0,2088.0,21676.0,230.1999969482422,95.30000305175781,4.7299957275390625,20.547332763671875,95.20000457763672,0.0,21938.060546875
08172025_26autox1.parquet,-3.72,3650.0,2158.0,30000.0,398.0,93.0999984741211,14.360000610351562,36.080406188964844,92.80000305175781,0.0,37053.80078125
08172025_26autox1.parquet,-3.72,2713.0,2088.0,21676.0,388.6000061035156,89.0,11.029998779296875,28.38393783569336,89.0,-6.3000030517578125,34585.40234375
08172025_26autox1.parquet,-3.71,3650.0,2158.0,30000.0,398.0,93.0999984741211,14.360000610351562,36.080406188964844,92.80000305175781,0.0,37053.80078125
08172025_26autox1.parquet,-3.71,2713.0,2088.0,21676.0,388.6000061035156,89.0,11.029998779296875,28.38393783569336,89.0,0.0,34585.40234375
08172025_26autox1.parquet,-3.7,3782.0,2158.0,30000.0,400.5,92.5999984741211,14.860000610351562,37.10362243652344,92.5999984741211,-0.5,37086.30078125
08172025_26autox1.parquet,-3.7,2661.0,2088.0,21676.0,388.6000061035156,89.0,11.029998779296875,28.38393783569336,89.0,0.0,34585.40234375
08172025_26autox1.parquet,-3.69,3782.0,2158.0,30000.0,400.5,92.5999984741211,14.860000610351562,37.10362243652344,92.5999984741211,0.0,37086.30078125
08172025_26autox1.parquet,-3.69,2661.0,1505.0,18264.0,388.6000061035156,89.0,11.029998779296875,28.38393783569336,89.0,0.0,34585.40234375
08172025_26autox1.parquet,-3.68,3782.0,2158.0,30000.0,400.5,92.5999984741211,14.860000610351562,37.10362243652344,92.5999984741211,0.0,37086.30078125
08172025_26autox1.parquet,-3.68,2579.0,1505.0,18264.0,376.0,92.0,8.029998779296875,21.356380462646484,89.0,3.0,34592.0
08172025_26autox1.parquet,-3.67,3928.0,2158.0,30000.0,400.5,92.5999984741211,14.860000610351562,37.10362243652344,92.5999984741211,0.0,37086.30078125
08172025_26autox1.parquet,-3.67,2579.0,1505.0,18264.0,376.0,92.0,8.029998779296875,21.356380462646484,89.0,0.0,34592.0
08172025_26autox1.parquet,-3.66,3928.0,2158.0,30000.0,400.8000183105469,92.4000015258789,15.05999755859375,37.57484436035156,92.4000015258789,-0.1999969482421875,37033.921875
08172025_26autox1.parquet,-3.66,2579.0,1505.0,18264.0,376.0,92.0,8.029998779296875,21.356380462646484,89.0,0.0,34592.0
08172025_26autox1.parquet,-3.65,2579.0,1505.0,21798.0,376.0,92.0,8.029998779296875,21.356380462646484,89.0,0.0,34592.0
08172025_26autox1.parquet,-3.65,4014.0,2158.0,30000.0,400.8000183105469,92.4000015258789,15.05999755859375,37.57484436035156,92.4000015258789,0.0,37033.921875
08172025_26autox1.parquet,-3.64,2740.0,1505.0,21798.0,374.8000183105469,91.0999984741211,8.930000305175781,23.826040267944336,89.0,-0.9000015258789062,34144.28125
08172025_26autox1.parquet,-3.64,4014.0,2149.0,30000.0,400.8000183105469,92.4000015258789,15.05999755859375,37.57484436035156,92.4000015258789,0.0,37033.921875
08172025_26autox1.parquet,-3.63,2740.0,1505.0,21798.0,374.8000183105469,91.0999984741211,8.930000305175781,23.826040267944336,89.0,0.0,34144.28125
08172025_26autox1.parquet,-3.63,4014.0,2149.0,30000.0,400.8000183105469,92.4000015258789,15.05999755859375,37.57484436035156,92.4000015258789,0.0,37033.921875
08172025_26autox1.parquet,-3.62,2740.0,1505.0,21798.0,374.8000183105469,91.0999984741211,8.930000305175781,23.826040267944336,89.0,0.0,34144.28125
08172025_26autox1.parquet,-3.62,4014.0,2149.0,30000.0,402.20001220703125,92.5,14.959999084472656,37.1954231262207,92.4000015258789,0.09999847412109375,37203.5
08172025_26autox1.parquet,-3.61,2911.0,1505.0,22521.0,374.8000183105469,91.0999984741211,8.930000305175781,23.826040267944336,89.0,0.0,34144.28125
08172025_26autox1.parquet,-3.61,3750.0,2149.0,30000.0,402.20001220703125,92.5,14.959999084472656,37.1954231262207,92.4000015258789,0.0,37203.5
08172025_26autox1.parquet,-3.6,3750.0,2149.0,30000.0,402.20001220703125,92.5,14.959999084472656,37.1954231262207,92.4000015258789,0.0,37203.5
08172025_26autox1.parquet,-3.6,2911.0,1505.0,22521.0,391.8999938964844,90.0,10.029998779296875,25.593259811401367,89.0,-1.0999984741210938,35271.0
08172025_26autox1.parquet,-3.59,3149.0,1713.0,22521.0,391.8999938964844,90.0,10.029998779296875,25.593259811401367,89.0,0.0,35271.0
08172025_26autox1.parquet,-3.59,3750.0,2149.0,30000.0,402.20001220703125,92.5,14.959999084472656,37.1954231262207,92.4000015258789,0.0,37203.5
08172025_26autox1.parquet,-3.58,3149.0,1713.0,22521.0,391.8999938964844,90.0,10.029998779296875,25.593259811401367,89.0,0.0,35271.0
08172025_26autox1.parquet,-3.58,3640.0,2149.0,30000.0,402.20001220703125,92.5,14.959999084472656,37.1954231262207,92.4000015258789,0.0,37203.5
08172025_26autox1.parquet,-3.57,3297.0,1713.0,22224.0,391.8999938964844,90.0,10.029998779296875,25.593259811401367,89.0,0.0,35271.0
08172025_26autox1.parquet,-3.57,3741.0,2149.0,30000.0,399.1000061035156,93.0,14.459999084472656,36.23151779174805,92.4000015258789,0.5,37116.30078125
08172025_26autox1.parquet,-3.56,3741.0,2149.0,30000.0,399.1000061035156,93.0,14.459999084472656,36.23151779174805,92.4000015258789,0.0,37116.30078125
08172025_26autox1.parquet,-3.56,3297.0,1713.0,22224.0,396.20001220703125,90.5999984741211,9.430000305175781,23.801111221313477,89.0,0.5999984741210938,35895.71875
08172025_26autox1.parquet,-3.55,3265.0,1713.0,22224.0,396.20001220703125,90.5999984741211,9.430000305175781,23.801111221313477,89.0,0.0,35895.71875
08172025_26autox1.parquet,-3.55,3741.0,2149.0,30000.0,399.1000061035156,93.0,14.459999084472656,36.23151779174805,92.4000015258789,0.0,37116.30078125
08172025_26autox1.parquet,-3.54,3265.0,1713.0,22224.0,396.20001220703125,90.5999984741211,9.430000305175781,23.801111221313477,89.0,0.0,35895.71875
08172025_26autox1.parquet,-3.54,3777.0,2153.0,30000.0,399.1000061035156,93.0,14.459999084472656,36.23151779174805,92.4000015258789,0.0,37116.30078125
08172025_26autox1.parquet,-3.53,3777.0,2153.0,30000.0,399.1000061035156,93.0,14.459999084472656,36.23151779174805,92.4000015258789,0.0,37116.30078125
08172025_26autox1.parquet,-3.53,3203.0,1713.0,21734.0,396.20001220703125,90.5999984741211,9.430000305175781,23.801111221313477,89.0,0.0,35895.71875
08172025_26autox1.parquet,-3.52,3833.0,2153.0,30000.0,399.1000061035156,93.0,14.459999084472656,36.23151779174805,92.4000015258789,0.0,37116.30078125
08172025_26autox1.parquet,-3.52,3203.0,1713.0,21734.0,396.20001220703125,90.5999984741211,9.430000305175781,23.801111221313477,89.0,0.0,35895.71875
08172025_26autox1.parquet,-3.51,3038.0,1713.0,21734.0,392.6000061035156,91.0999984741211,8.930000305175781,22.745798110961914,89.0,0.5,35765.859375
08172025_26autox1.parquet,-3.51,3833.0,2153.0,30000.0,399.1000061035156,93.0,14.459999084472656,36.23151779174805,92.4000015258789,0.0,37116.30078125
08172025_26autox1.parquet,-3.5,3751.0,2153.0,30000.0,399.1000061035156,93.0,14.459999084472656,36.23151779174805,92.4000015258789,0.0,37116.30078125
08172025_26autox1.parquet,-3.5,3038.0,1713.0,21734.0,392.6000061035156,91.0999984741211,8.930000305175781,22.745798110961914,89.0,0.0,35765.859375
08172025_26autox1.parquet,-3.49,3751.0,2153.0,30000.0,399.1000061035156,92.80000305175781,14.659996032714844,36.732635498046875,92.4000015258789,-0.1999969482421875,37036.48046875
08172025_26autox1.parquet,-3.49,2764.0,1714.0,22278.0,392.6000061035156,91.0999984741211,8.930000305175781,22.745798110961914,89.0,0.0,35765.859375
08172025_26autox1.parquet,-3.48,3771.0,2153.0,30000.0,399.1000061035156,92.80000305175781,14.659996032714844,36.732635498046875,92.4000015258789,0.0,37036.48046875
08172025_26autox1.parquet,-3.48,2764.0,1714.0,22278.0,392.6000061035156,91.0999984741211,8.930000305175781,22.745798110961914,89.0,0.0,35765.859375
08172025_26autox1.parquet,-3.47,3771.0,2153.0,30000.0,399.1000061035156,92.80000305175781,14.659996032714844,36.732635498046875,92.4000015258789,0.0,37036.48046875
08172025_26autox1.parquet,-3.47,2764.0,1714.0,22278.0,387.8999938964844,91.5,1.6500015258789062,4.2536773681640625,89.0,0.40000152587890625,35492.84765625
08172025_26autox1.parquet,-3.46,3805.0,2153.0,30000.0,399.1000061035156,92.80000305175781,14.659996032714844,36.732635498046875,92.4000015258789,0.0,37036.48046875
08172025_26autox1.parquet,-3.46,2764.0,1714.0,22278.0,387.8999938964844,91.5,1.6500015258789062,4.2536773681640625,89.0,0.0,35492.84765625
08172025_26autox1.parquet,-3.45,2764.0,1714.0,21681.0,387.8999938964844,91.5,1.6500015258789062,4.2536773681640625,89.0,0.0,35492.84765625
08172025_26autox1.parquet,-3.45,3805.0,2153.0,30000.0,400.5,92.5999984741211,14.860000610351562,37.10362243652344,92.4000015258789,-0.20000457763671875,37086.30078125
08172025_26autox1.parquet,-3.44,3750.0,2152.0,30000.0,400.5,92.5999984741211,14.860000610351562,37.10362243652344,92.4000015258789,0.0,37086.30078125
08172025_26autox1.parquet,-3.44,2687.0,1714.0,21681.0,387.8999938964844,91.5,1.6500015258789062,4.2536773681640625,89.0,0.0,35492.84765625
08172025_26autox1.parquet,-3.43,3750.0,2152.0,30000.0,400.5,92.5999984741211,14.860000610351562,37.10362243652344,92.4000015258789,0.0,37086.30078125
08172025_26autox1.parquet,-3.43,2687.0,1714.0,21681.0,391.20001220703125,90.5999984741211,2.5500030517578125,6.5184125900268555,89.0,-0.9000015258789062,35442.71875
08172025_26autox1.parquet,-3.42,3805.0,2152.0,30000.0,400.5,92.5999984741211,14.860000610351562,37.10362243652344,92.4000015258789,0.0,37086.30078125
08172025_26autox1.parquet,-3.42,2772.0,1714.0,21681.0,391.20001220703125,90.5999984741211,2.5500030517578125,6.5184125900268555,89.0,0.0,35442.71875
08172025_26autox1.parquet,-3.41,3805.0,2152.0,30000.0,400.0,92.4000015258789,15.05999755859375,37.649993896484375,92.4000015258789,-0.1999969482421875,36960.0
08172025_26autox1.parquet,-3.41,2772.0,1714.0,25778.0,391.20001220703125,90.5999984741211,2.05999755859375,5.265841960906982,89.0,0.0,35442.71875
08172025_26autox1.parquet,-3.4,3805.0,2152.0,30000.0,400.0,92.4000015258789,15.05999755859375,37.649993896484375,92.4000015258789,0.0,36960.0
08172025_26autox1.parquet,-3.4,2772.0,1714.0,25778.0,391.20001220703125,90.5999984741211,2.05999755859375,5.265841960906982,89.0,0.0,35442.71875
08172025_26autox1.parquet,-3.39,3837.0,2152.0,30000.0,400.0,92.4000015258789,15.05999755859375,37.649993896484375,92.4000015258789,0.0,36960.0
08172025_26autox1.parquet,-3.39,2772.0,1714.0,25778.0,401.3000183105469,90.30000305175781,2.3599929809570312,5.880869388580322,89.0,-0.29999542236328125,36237.39453125
08172025_26autox1.parquet,-3.38,3837.0,2151.0,30000.0,400.0,92.4000015258789,15.05999755859375,37.649993896484375,92.4000015258789,0.0,36960.0
08172025_26autox1.parquet,-3.38,2716.0,1714.0,25778.0,401.3000183105469,90.30000305175781,2.3599929809570312,5.880869388580322,89.0,0.0,36237.39453125
08172025_26autox1.parquet,-3.37,3837.0,2151.0,30000.0,400.0,92.4000015258789,15.05999755859375,37.649993896484375,92.4000015258789,0.0,36960.0
08172025_26autox1.parquet,-3.37,2716.0,1714.0,24907.0,401.3000183105469,90.30000305175781,2.3599929809570312,5.880869388580322,89.0,0.0,36237.39453125
08172025_26autox1.parquet,-3.36,2716.0,1714.0,24907.0,401.3000183105469,90.30000305175781,2.3599929809570312,5.880869388580322,89.0,0.0,36237.39453125
08172025_26autox1.parquet,-3.36,3837.0,2151.0,30000.0,400.20001220703125,92.4000015258789,15.05999755859375,37.63117599487305,92.4000015258789,0.0,36978.48046875
08172025_26autox1.parquet,-3.35,2748.0,1714.0,24907.0,401.0,90.4000015258789,2.2599945068359375,5.635896682739258,89.0,0.09999847412109375,36250.40234375
08172025_26autox1.parquet,-3.35,3891.0,2151.0,30000.0,400.20001220703125,92.4000015258789,15.05999755859375,37.63117599487305,92.4000015258789,0.0,36978.48046875
08172025_26autox1.parquet,-3.34,2818.0,1714.0,24907.0,401.0,90.4000015258789,2.2599945068359375,5.635896682739258,89.0,0.0,36250.40234375
08172025_26autox1.parquet,-3.34,3891.0,2151.0,30000.0,400.20001220703125,92.4000015258789,15.05999755859375,37.63117599487305,92.4000015258789,0.0,36978.48046875
08172025_26autox1.parquet,-3.33,2818.0,1784.0,23604.0,401.0,90.4000015258789,2.2599945068359375,5.635896682739258,89.0,0.0,36250.40234375
08172025_26autox1.parquet,-3.33,3874.0,2151.0,30000.0,400.20001220703125,92.4000015258789,15.05999755859375,37.63117599487305,92.4000015258789,0.0,36978.48046875
08172025_26autox1.parquet,-3.32,2818.0,1784.0,23604.0,401.0,90.4000015258789,2.2599945068359375,5.635896682739258,89.0,0.0,36250.40234375
08172025_26autox1.parquet,-3.32,3874.0,2151.0,30000.0,401.0,92.30000305175781,15.159996032714844,37.805477142333984,92.30000305175781,-0.09999847412109375,37012.30078125
08172025_26autox1.parquet,-3.31,2817.0,1784.0,23604.0,401.0,90.4000015258789,2.2599945068359375,5.635896682739258,89.0,0.0,36250.40234375
08172025_26autox1.parquet,-3.31,3874.0,2151.0,30000.0,401.0,92.30000305175781,15.159996032714844,37.805477142333984,92.30000305175781,0.0,37012.30078125
08172025_26autox1.parquet,-3.3,2817.0,1784.0,23604.0,401.0,90.4000015258789,2.2599945068359375,5.635896682739258,89.0,0.0,36250.40234375
08172025_26autox1.parquet,-3.3,3853.0,2151.0,30000.0,401.0,92.30000305175781,15.159996032714844,37.805477142333984,92.30000305175781,0.0,37012.30078125
08172025_26autox1.parquet,-3.29,3853.0,2151.0,30000.0,401.0,92.30000305175781,15.159996032714844,37.805477142333984,92.30000305175781,0.0,37012.30078125
08172025_26autox1.parquet,-3.29,2957.0,1784.0,22862.0,401.0,90.4000015258789,2.2599945068359375,5.635896682739258,89.0,0.0,36250.40234375
08172025_26autox1.parquet,-3.28,2957.0,1784.0,22862.0,401.0,90.4000015258789,2.2599945068359375,5.635896682739258,89.0,0.0,36250.40234375
08172025_26autox1.parquet,-3.28,3951.0,2146.0,30000.0,400.20001220703125,92.0999984741211,15.360000610351562,38.38080978393555,92.0999984741211,-0.20000457763671875,36858.421875
08172025_26autox1.parquet,-3.27,3951.0,2146.0,30000.0,400.20001220703125,92.0999984741211,15.360000610351562,38.38080978393555,92.0999984741211,0.0,36858.421875
08172025_26autox1.parquet,-3.27,3122.0,1784.0,22862.0,401.0,90.4000015258789,2.2599945068359375,5.635896682739258,89.0,0.0,36250.40234375
08172025_26autox1.parquet,-3.26,3122.0,1784.0,22862.0,401.3999938964844,90.30000305175781,2.3599929809570312,5.879404544830322,89.0,-0.09999847412109375,36246.421875
08172025_26autox1.parquet,-3.26,3913.0,2146.0,30000.0,400.20001220703125,92.0999984741211,15.360000610351562,38.38080978393555,92.0999984741211,0.0,36858.421875
08172025_26autox1.parquet,-3.25,3287.0,1784.0,22920.0,401.3999938964844,90.30000305175781,2.3599929809570312,5.879404544830322,89.0,0.0,36246.421875
08172025_26autox1.parquet,-3.25,3913.0,2146.0,30000.0,400.20001220703125,92.0999984741211,15.360000610351562,38.38080978393555,92.0999984741211,0.0,36858.421875
08172025_26autox1.parquet,-3.24,3287.0,1784.0,22920.0,401.3999938964844,90.30000305175781,2.3599929809570312,5.879404544830322,89.0,0.0,36246.421875
08172025_26autox1.parquet,-3.24,3992.0,2146.0,30000.0,401.20001220703125,92.0999984741211,15.360000610351562,38.2851448059082,92.0999984741211,0.0,36950.51953125
08172025_26autox1.parquet,-3.23,3366.0,1760.0,22920.0,401.3999938964844,90.30000305175781,2.3599929809570312,5.879404544830322,89.0,0.0,36246.421875
08172025_26autox1.parquet,-3.23,3992.0,2146.0,30000.0,401.20001220703125,92.0999984741211,15.360000610351562,38.2851448059082,92.0999984741211,0.0,36950.51953125
08172025_26autox1.parquet,-3.22,3366.0,1760.0,22920.0,404.5,90.30000305175781,2.3599929809570312,5.834346294403076,89.0,0.0,36526.3515625
08172025_26autox1.parquet,-3.22,3891.0,2146.0,30000.0,401.20001220703125,92.0999984741211,15.360000610351562,38.2851448059082,92.0999984741211,0.0,36950.51953125
08172025_26autox1.parquet,-3.21,3891.0,2146.0,30000.0,401.20001220703125,92.0999984741211,15.360000610351562,38.2851448059082,92.0999984741211,0.0,36950.51953125
08172025_26autox1.parquet,-3.21,3366.0,1760.0,23048.0,404.5,90.30000305175781,0.92999267578125,2.299116611480713,89.0,0.0,36526.3515625
08172025_26autox1.parquet,-3.2,3886.0,2146.0,30000.0,400.3000183105469,92.4000015258789,15.05999755859375,37.62177658081055,92.0999984741211,0.3000030517578125,36987.72265625
08172025_26autox1.parquet,-3.2,3366.0,1760.0,23048.0,404.5,90.30000305175781,0.92999267578125,2.299116611480713,89.0,0.0,36526.3515625
08172025_26autox1.parquet,-3.19,3886.0,2146.0,30000.0,400.3000183105469,92.4000015258789,15.05999755859375,37.62177658081055,92.0999984741211,0.0,36987.72265625
08172025_26autox1.parquet,-3.19,3366.0,1760.0,23048.0,404.5,90.30000305175781,0.92999267578125,2.299116611480713,90.0,0.0,36526.3515625
08172025_26autox1.parquet,-3.18,4004.0,2146.0,30000.0,400.3000183105469,92.4000015258789,15.05999755859375,37.62177658081055,92.0999984741211,0.0,36987.72265625
08172025_26autox1.parquet,-3.18,3178.0,1760.0,23048.0,401.1000061035156,90.5,0.7299957275390625,1.8199843168258667,90.0,0.1999969482421875,36299.55078125
08172025_26autox1.parquet,-3.17,4004.0,2146.0,30000.0,400.3000183105469,92.4000015258789,15.05999755859375,37.62177658081055,92.0999984741211,0.0,36987.72265625
08172025_26autox1.parquet,-3.17,3178.0,1760.0,17073.0,401.1000061035156,90.5,0.7299957275390625,1.8199843168258667,90.0,0.0,36299.55078125
08172025_26autox1.parquet,-3.16,2905.0,1760.0,17073.0,401.1000061035156,90.5,0.7299957275390625,1.8199843168258667,90.0,0.0,36299.55078125
08172025_26autox1.parquet,-3.16,3924.0,2146.0,30000.0,400.3000183105469,92.4000015258789,15.05999755859375,37.62177658081055,92.0999984741211,0.0,36987.72265625
08172025_26autox1.parquet,-3.15,2905.0,1760.0,17073.0,401.1000061035156,90.5,0.7299957275390625,1.8199843168258667,90.0,0.0,36299.55078125
08172025_26autox1.parquet,-3.15,3924.0,2146.0,30000.0,399.8999938964844,92.20000457763672,15.259994506835938,38.15952682495117,92.0999984741211,-0.1999969482421875,36870.78125
08172025_26autox1.parquet,-3.14,3045.0,1760.0,17073.0,384.8000183105469,91.80000305175781,-0.57000732421875,-1.481307864189148,90.0,1.3000030517578125,35324.64453125
08172025_26autox1.parquet,-3.14,3924.0,2146.0,30000.0,399.8999938964844,92.20000457763672,15.259994506835938,38.15952682495117,92.0999984741211,0.0,36870.78125
08172025_26autox1.parquet,-3.13,3045.0,1108.0,11473.0,384.8000183105469,91.80000305175781,-0.57000732421875,-1.481307864189148,90.0,0.0,35324.64453125
08172025_26autox1.parquet,-3.13,3953.0,2146.0,30000.0,399.8999938964844,92.20000457763672,15.259994506835938,38.15952682495117,92.0999984741211,0.0,36870.78125
08172025_26autox1.parquet,-3.12,3953.0,2146.0,30000.0,399.8999938964844,92.20000457763672,15.259994506835938,38.15952682495117,92.0999984741211,0.0,36870.78125
08172025_26autox1.parquet,-3.12,3196.0,1108.0,11473.0,384.8000183105469,91.80000305175781,-0.57000732421875,-1.481307864189148,90.0,0.0,35324.64453125
08172025_26autox1.parquet,-3.11,3196.0,1108.0,11473.0,384.8000183105469,91.80000305175781,0.6999969482421875,1.819118857383728,90.0,0.0,35324.64453125
08172025_26autox1.parquet,-3.11,3983.0,2146.0,30000.0,399.6000061035156,92.20000457763672,15.259994506835938,38.188175201416016,92.0999984741211,0.0,36843.12109375
08172025_26autox1.parquet,-3.1,3196.0,1108.0,11473.0,384.8000183105469,91.80000305175781,0.6999969482421875,1.819118857383728,90.0,0.0,35324.64453125
08172025_26autox1.parquet,-3.1,3983.0,2146.0,30000.0,399.6000061035156,92.20000457763672,15.259994506835938,38.188175201416016,92.0999984741211,0.0,36843.12109375
08172025_26autox1.parquet,-3.09,3949.0,2146.0,30000.0,399.6000061035156,92.20000457763672,15.259994506835938,38.188175201416016,92.0999984741211,0.0,36843.12109375
08172025_26autox1.parquet,-3.09,3196.0,1108.0,12428.0,384.8000183105469,91.80000305175781,0.6999969482421875,1.819118857383728,90.0,0.0,35324.64453125
08172025_26autox1.parquet,-3.08,3949.0,2145.0,30000.0,399.6000061035156,92.20000457763672,15.259994506835938,38.188175201416016,92.0999984741211,0.0,36843.12109375
08172025_26autox1.parquet,-3.08,2986.0,1108.0,12428.0,384.8000183105469,91.80000305175781,0.6999969482421875,1.819118857383728,90.0,0.0,35324.64453125
08172025_26autox1.parquet,-3.07,3949.0,2145.0,30000.0,399.6000061035156,92.20000457763672,15.259994506835938,38.188175201416016,92.0999984741211,0.0,36843.12109375
08172025_26autox1.parquet,-3.07,2986.0,1108.0,12428.0,384.8000183105469,91.80000305175781,0.6999969482421875,1.819118857383728,90.30000305175781,0.0,35324.64453125
08172025_26autox1.parquet,-3.06,3949.0,2145.0,30000.0,399.6000061035156,92.20000457763672,15.259994506835938,38.188175201416016,92.0999984741211,0.0,36843.12109375
08172025_26autox1.parquet,-3.06,2986.0,1108.0,12428.0,384.8000183105469,91.80000305175781,0.6999969482421875,1.819118857383728,90.30000305175781,0.0,35324.64453125
08172025_26autox1.parquet,-3.05,3984.0,2145.0,30000.0,399.6000061035156,92.20000457763672,15.259994506835938,38.188175201416016,92.0999984741211,0.0,36843.12109375
08172025_26autox1.parquet,-3.05,2948.0,1108.0,12784.0,328.1000061035156,94.80000305175781,-2.3000030517578125,-7.010066986083984,90.30000305175781,3.0,31103.880859375
08172025_26autox1.parquet,-3.04,2948.0,1108.0,12784.0,328.1000061035156,94.80000305175781,-2.3000030517578125,-7.010066986083984,90.30000305175781,0.0,31103.880859375
08172025_26autox1.parquet,-3.04,3984.0,2145.0,30000.0,399.6000061035156,92.20000457763672,15.259994506835938,38.188175201416016,92.0999984741211,0.0,36843.12109375
08172025_26autox1.parquet,-3.03,2940.0,1165.0,12784.0,328.1000061035156,94.80000305175781,-2.3000030517578125,-7.010066986083984,90.30000305175781,0.0,31103.880859375
08172025_26autox1.parquet,-3.03,3984.0,2145.0,30000.0,400.3000183105469,92.0999984741211,15.360000610351562,38.371219635009766,92.0999984741211,-0.100006103515625,36867.6328125
08172025_26autox1.parquet,-3.02,2940.0,1165.0,12784.0,328.1000061035156,94.80000305175781,-2.3000030517578125,-7.010066986083984,90.30000305175781,0.0,31103.880859375
08172025_26autox1.parquet,-3.02,4041.0,2145.0,30000.0,400.3000183105469,92.0999984741211,15.360000610351562,38.371219635009766,92.0999984741211,0.0,36867.6328125
08172025_26autox1.parquet,-3.01,2956.0,1165.0,10733.0,328.1000061035156,94.80000305175781,-2.3000030517578125,-7.010066986083984,90.30000305175781,0.0,31103.880859375
08172025_26autox1.parquet,-3.01,4041.0,2145.0,30000.0,400.3000183105469,92.0999984741211,15.360000610351562,38.371219635009766,92.0999984741211,0.0,36867.6328125
08172025_26autox1.parquet,-3.0,2956.0,1165.0,10733.0,328.1000061035156,94.80000305175781,-2.3000030517578125,-7.010066986083984,90.30000305175781,0.0,31103.880859375
08172025_26autox1.parquet,-3.0,4120.0,2145.0,30000.0,400.3000183105469,92.0999984741211,15.360000610351562,38.371219635009766,92.0999984741211,0.0,36867.6328125
08172025_26autox1.parquet,-2.99,2928.0,1165.0,10733.0,328.1000061035156,94.80000305175781,-2.3000030517578125,-7.010066986083984,90.30000305175781,0.0,31103.880859375
08172025_26autox1.parquet,-2.99,4120.0,2145.0,30000.0,402.20001220703125,92.20000457763672,15.259994506835938,37.941307067871094,92.0999984741211,0.100006103515625,37082.84375
08172025_26autox1.parquet,-2.98,2928.0,1165.0,10733.0,328.1000061035156,94.80000305175781,-2.3000030517578125,-7.010066986083984,90.30000305175781,0.0,31103.880859375
08172025_26autox1.parquet,-2.98,4120.0,2145.0,30000.0,402.20001220703125,92.20000457763672,15.259994506835938,37.941307067871094,92.0999984741211,0.0,37082.84375
08172025_26autox1.parquet,-2.97,2915.0,1165.0,7777.0,285.3999938964844,95.9000015258789,-3.4000015258789062,-11.91310977935791,90.30000305175781,1.0999984741210938,27369.859375
08172025_26autox1.parquet,-2.97,4120.0,2145.0,30000.0,402.20001220703125,92.20000457763672,15.259994506835938,37.941307067871094,92.0999984741211,0.0,37082.84375
08172025_26autox1.parquet,-2.96,2915.0,1165.0,7777.0,285.3999938964844,95.9000015258789,-3.4000015258789062,-11.91310977935791,90.30000305175781,0.0,27369.859375
08172025_26autox1.parquet,-2.96,4239.0,2145.0,30000.0,402.20001220703125,92.20000457763672,15.259994506835938,37.941307067871094,92.0999984741211,0.0,37082.84375
08172025_26autox1.parquet,-2.95,2934.0,1165.0,7777.0,285.3999938964844,95.9000015258789,-3.4000015258789062,-11.91310977935791,90.30000305175781,0.0,27369.859375
08172025_26autox1.parquet,-2.95,4239.0,2145.0,30000.0,402.20001220703125,92.20000457763672,15.259994506835938,37.941307067871094,92.0999984741211,0.0,37082.84375
08172025_26autox1.parquet,-2.94,4294.0,2145.0,30000.0,402.3999938964844,92.5,14.959999084472656,37.176937103271484,92.0999984741211,0.29999542236328125,37222.0
08172025_26autox1.parquet,-2.94,2934.0,1165.0,7777.0,285.3999938964844,95.9000015258789,-3.4000015258789062,-11.91310977935791,90.30000305175781,0.0,27369.859375
08172025_26autox1.parquet,-2.93,2933.0,928.0,8021.0,249.10000610351562,97.9000015258789,-5.400001525878906,-21.67804718017578,90.30000305175781,2.0,24386.890625
08172025_26autox1.parquet,-2.93,4294.0,2145.0,30000.0,402.3999938964844,92.5,14.959999084472656,37.176937103271484,92.0999984741211,0.0,37222.0
08172025_26autox1.parquet,-2.92,4294.0,2145.0,30000.0,402.3999938964844,92.5,14.959999084472656,37.176937103271484,92.0999984741211,0.0,37222.0
08172025_26autox1.parquet,-2.92,2933.0,928.0,8021.0,249.10000610351562,97.9000015258789,-5.400001525878906,-21.67804718017578,90.30000305175781,0.0,24386.890625
08172025_26autox1.parquet,-2.91,4119.0,2145.0,30000.0,402.3999938964844,92.5,14.959999084472656,37.176937103271484,92.0999984741211,0.0,37222.0
08172025_26autox1.parquet,-2.91,2933.0,928.0,8021.0,249.10000610351562,97.9000015258789,-2.4500045776367188,-9.83542537689209,90.30000305175781,0.0,24386.890625
08172025_26autox1.parquet,-2.9,4119.0,2145.0,30000.0,400.8999938964844,92.5,14.959999084472656,37.316036224365234,92.0999984741211,0.0,37083.25
08172025_26autox1.parquet,-2.9,2933.0,928.0,8021.0,249.10000610351562,97.9000015258789,-2.4500045776367188,-9.83542537689209,90.30000305175781,0.0,24386.890625
08172025_26autox1.parquet,-2.89,4045.0,2145.0,30000.0,400.8999938964844,92.5,14.959999084472656,37.316036224365234,92.0999984741211,0.0,37083.25
08172025_26autox1.parquet,-2.89,2933.0,928.0,9166.0,223.5,98.0,-2.5500030517578125,-11.409409523010254,90.30000305175781,0.09999847412109375,21903.0
08172025_26autox1.parquet,-2.88,4045.0,2146.0,30000.0,400.8999938964844,92.5,14.959999084472656,37.316036224365234,92.0999984741211,0.0,37083.25
08172025_26autox1.parquet,-2.88,2950.0,928.0,9166.0,223.5,98.0,-2.5500030517578125,-11.409409523010254,90.30000305175781,0.0,21903.0
08172025_26autox1.parquet,-2.87,4045.0,2146.0,30000.0,400.8999938964844,92.5,14.959999084472656,37.316036224365234,92.0999984741211,0.0,37083.25
08172025_26autox1.parquet,-2.87,2950.0,928.0,9166.0,223.5,98.0,-2.5500030517578125,-11.409409523010254,90.30000305175781,0.0,21903.0
08172025_26autox1.parquet,-2.86,4045.0,2146.0,30000.0,399.3999938964844,92.30000305175781,15.159996032714844,37.95692825317383,92.0999984741211,-0.1999969482421875,36864.62109375
08172025_26autox1.parquet,-2.86,2994.0,928.0,9166.0,223.5,98.0,-2.5500030517578125,-11.409409523010254,90.30000305175781,0.0,21903.0
08172025_26autox1.parquet,-2.85,4045.0,2146.0,30000.0,399.3999938964844,92.30000305175781,15.159996032714844,37.95692825317383,92.0999984741211,0.0,36864.62109375
08172025_26autox1.parquet,-2.85,2994.0,928.0,6809.0,215.40000915527344,97.4000015258789,-1.9500045776367188,-9.052945137023926,90.30000305175781,-0.5999984741210938,20979.9609375
08172025_26autox1.parquet,-2.84,4045.0,2146.0,30000.0,399.3999938964844,92.30000305175781,15.159996032714844,37.95692825317383,92.0999984741211,0.0,36864.62109375
08172025_26autox1.parquet,-2.84,2987.0,928.0,6809.0,215.40000915527344,97.4000015258789,-1.9500045776367188,-9.052945137023926,90.30000305175781,0.0,20979.9609375
08172025_26autox1.parquet,-2.83,4156.0,2146.0,30000.0,399.3999938964844,92.30000305175781,15.159996032714844,37.95692825317383,92.0999984741211,0.0,36864.62109375
08172025_26autox1.parquet,-2.83,2987.0,741.0,6809.0,215.40000915527344,97.4000015258789,-1.9500045776367188,-9.052945137023926,90.30000305175781,0.0,20979.9609375
08172025_26autox1.parquet,-2.82,4156.0,2146.0,30000.0,400.0,92.0999984741211,15.360000610351562,38.400001525878906,92.0999984741211,-0.20000457763671875,36840.0
08172025_26autox1.parquet,-2.82,2987.0,741.0,6809.0,215.40000915527344,97.4000015258789,-1.9500045776367188,-9.052945137023926,90.30000305175781,0.0,20979.9609375
08172025_26autox1.parquet,-2.81,2929.0,741.0,2477.0,215.40000915527344,97.4000015258789,-1.9500045776367188,-9.052945137023926,90.30000305175781,0.0,20979.9609375
08172025_26autox1.parquet,-2.81,4156.0,2146.0,30000.0,400.0,92.0999984741211,15.360000610351562,38.400001525878906,92.0999984741211,0.0,36840.0
08172025_26autox1.parquet,-2.8,2929.0,741.0,2477.0,215.40000915527344,97.4000015258789,-1.9500045776367188,-9.052945137023926,90.30000305175781,0.0,20979.9609375
08172025_26autox1.parquet,-2.8,4117.0,2146.0,30000.0,400.0,92.0999984741211,15.360000610351562,38.400001525878906,92.0999984741211,0.0,36840.0
08172025_26autox1.parquet,-2.79,2973.0,741.0,2477.0,215.40000915527344,97.4000015258789,-1.9500045776367188,-9.052945137023926,90.30000305175781,0.0,20979.9609375
08172025_26autox1.parquet,-2.79,4117.0,2146.0,30000.0,400.0,92.0999984741211,15.360000610351562,38.400001525878906,92.0999984741211,0.0,36840.0
08172025_26autox1.parquet,-2.78,2973.0,741.0,2477.0,215.40000915527344,97.4000015258789,-1.9500045776367188,-9.052945137023926,90.30000305175781,0.0,20979.9609375
08172025_26autox1.parquet,-2.78,4112.0,2162.0,30000.0,399.3999938964844,92.30000305175781,15.159996032714844,37.95692825317383,92.0999984741211,0.20000457763671875,36864.62109375
08172025_26autox1.parquet,-2.77,2930.0,741.0,1219.0,215.40000915527344,97.4000015258789,-1.9500045776367188,-9.052945137023926,90.30000305175781,0.0,20979.9609375
08172025_26autox1.parquet,-2.77,4112.0,2162.0,30000.0,399.3999938964844,92.30000305175781,15.159996032714844,37.95692825317383,92.0999984741211,0.0,36864.62109375
08172025_26autox1.parquet,-2.76,2930.0,741.0,1219.0,143.6999969482422,101.70000457763672,-6.250007629394531,-43.49344253540039,90.30000305175781,4.3000030517578125,14614.2900390625
08172025_26autox1.parquet,-2.76,4160.0,2162.0,30000.0,399.3999938964844,92.30000305175781,15.159996032714844,37.95692825317383,92.0999984741211,0.0,36864.62109375
08172025_26autox1.parquet,-2.75,2926.0,741.0,1219.0,143.6999969482422,101.70000457763672,-6.250007629394531,-43.49344253540039,90.30000305175781,0.0,14614.2900390625
08172025_26autox1.parquet,-2.75,4160.0,2162.0,30000.0,399.3999938964844,92.30000305175781,15.159996032714844,37.95692825317383,92.0999984741211,0.0,36864.62109375
08172025_26autox1.parquet,-2.74,2926.0,741.0,1219.0,143.6999969482422,101.70000457763672,-6.250007629394531,-43.49344253540039,90.30000305175781,0.0,14614.2900390625
08172025_26autox1.parquet,-2.74,4128.0,2162.0,30000.0,401.6000061035156,92.30000305175781,15.159996032714844,37.748992919921875,92.0999984741211,0.0,37067.68359375
08172025_26autox1.parquet,-2.73,2937.0,580.0,1338.0,143.6999969482422,101.70000457763672,-6.250007629394531,-43.49344253540039,90.30000305175781,0.0,14614.2900390625
08172025_26autox1.parquet,-2.73,4128.0,2162.0,30000.0,401.6000061035156,92.30000305175781,15.159996032714844,37.748992919921875,92.0999984741211,0.0,37067.68359375
08172025_26autox1.parquet,-2.72,2937.0,580.0,1338.0,105.70000457763672,102.5999984741211,-7.150001525878906,-67.644287109375,90.30000305175781,0.899993896484375,10844.8203125
08172025_26autox1.parquet,-2.72,4128.0,2162.0,30000.0,401.6000061035156,92.30000305175781,15.159996032714844,37.748992919921875,92.0999984741211,0.0,37067.68359375
08172025_26autox1.parquet,-2.71,4128.0,2162.0,30000.0,401.6000061035156,92.30000305175781,15.159996032714844,37.748992919921875,92.0999984741211,0.0,37067.68359375
08172025_26autox1.parquet,-2.71,2937.0,580.0,1338.0,105.70000457763672,102.5999984741211,-7.150001525878906,-67.644287109375,90.30000305175781,0.0,10844.8203125
08172025_26autox1.parquet,-2.7,4171.0,2162.0,30000.0,401.6000061035156,92.30000305175781,15.159996032714844,37.748992919921875,92.0999984741211,0.0,37067.68359375
08172025_26autox1.parquet,-2.7,2937.0,580.0,1338.0,105.70000457763672,102.5999984741211,-7.150001525878906,-67.644287109375,90.30000305175781,0.0,10844.8203125
08172025_26autox1.parquet,-2.69,4171.0,2162.0,30000.0,401.3000183105469,92.0999984741211,15.360000610351562,38.275604248046875,92.0999984741211,-0.20000457763671875,36959.73046875
08172025_26autox1.parquet,-2.69,2937.0,580.0,2499.0,105.70000457763672,102.5999984741211,-7.150001525878906,-67.644287109375,90.5,0.0,10844.8203125
08172025_26autox1.parquet,-2.68,4171.0,2158.0,30000.0,401.3000183105469,92.0999984741211,15.360000610351562,38.275604248046875,92.0999984741211,0.0,36959.73046875
08172025_26autox1.parquet,-2.68,2935.0,580.0,2499.0,82.4000015258789,102.5,-7.0500030517578125,-85.55828857421875,90.5,-0.09999847412109375,8446.0
08172025_26autox1.parquet,-2.67,2935.0,580.0,2499.0,82.4000015258789,102.5,-7.0500030517578125,-85.55828857421875,90.5,0.0,8446.0
08172025_26autox1.parquet,-2.67,4171.0,2158.0,30000.0,401.3000183105469,92.0999984741211,15.360000610351562,38.275604248046875,92.0999984741211,0.0,36959.73046875
08172025_26autox1.parquet,-2.66,4171.0,2158.0,30000.0,401.3000183105469,92.0999984741211,15.360000610351562,38.275604248046875,92.0999984741211,0.0,36959.73046875
08172025_26autox1.parquet,-2.66,2953.0,580.0,2499.0,82.4000015258789,102.5,-7.0500030517578125,-85.55828857421875,90.5,0.0,8446.0
08172025_26autox1.parquet,-2.65,4205.0,2158.0,30000.0,400.1000061035156,92.30000305175781,15.159996032714844,37.8905143737793,92.0999984741211,0.20000457763671875,36929.23046875
08172025_26autox1.parquet,-2.65,2953.0,580.0,2000.0,82.4000015258789,102.5,-7.0500030517578125,-85.55828857421875,91.80000305175781,0.0,8446.0
08172025_26autox1.parquet,-2.64,2956.0,580.0,2000.0,72.70000457763672,102.0999984741211,-6.650001525878906,-91.47181701660156,91.80000305175781,-0.40000152587890625,7422.67041015625
08172025_26autox1.parquet,-2.64,4205.0,2158.0,30000.0,400.1000061035156,92.30000305175781,15.159996032714844,37.8905143737793,92.0999984741211,0.0,36929.23046875
08172025_26autox1.parquet,-2.63,2956.0,580.0,2000.0,72.70000457763672,102.0999984741211,-6.650001525878906,-91.47181701660156,91.80000305175781,0.0,7422.67041015625
08172025_26autox1.parquet,-2.63,4243.0,2158.0,30000.0,400.1000061035156,92.30000305175781,15.159996032714844,37.8905143737793,92.0999984741211,0.0,36929.23046875
08172025_26autox1.parquet,-2.62,2956.0,580.0,3602.0,72.70000457763672,102.0999984741211,-6.650001525878906,-91.47181701660156,91.80000305175781,0.0,7422.67041015625
08172025_26autox1.parquet,-2.62,4243.0,2158.0,30000.0,400.1000061035156,92.30000305175781,15.159996032714844,37.8905143737793,92.0999984741211,0.0,36929.23046875
08172025_26autox1.parquet,-2.61,4320.0,2158.0,30000.0,400.70001220703125,92.30000305175781,15.159996032714844,37.833778381347656,92.0999984741211,0.0,36984.61328125
08172025_26autox1.parquet,-2.61,2956.0,580.0,3602.0,72.70000457763672,102.0999984741211,-6.650001525878906,-91.47181701660156,91.80000305175781,0.0,7422.67041015625
08172025_26autox1.parquet,-2.6,4320.0,2158.0,30000.0,400.70001220703125,92.30000305175781,15.159996032714844,37.833778381347656,92.0999984741211,0.0,36984.61328125
08172025_26autox1.parquet,-2.6,2956.0,580.0,3602.0,54.20000076293945,102.30000305175781,-6.850006103515625,-126.38387298583984,91.80000305175781,0.20000457763671875,5544.66015625
08172025_26autox1.parquet,-2.59,4320.0,2158.0,30000.0,400.70001220703125,92.30000305175781,15.159996032714844,37.833778381347656,92.0999984741211,0.0,36984.61328125
08172025_26autox1.parquet,-2.59,2928.0,580.0,3602.0,54.20000076293945,102.30000305175781,-6.850006103515625,-126.38387298583984,91.80000305175781,0.0,5544.66015625
08172025_26autox1.parquet,-2.58,4281.0,2158.0,30000.0,400.70001220703125,92.30000305175781,15.159996032714844,37.833778381347656,92.0999984741211,0.0,36984.61328125
08172025_26autox1.parquet,-2.58,2928.0,580.0,3602.0,54.20000076293945,102.30000305175781,-6.850006103515625,-126.38387298583984,91.80000305175781,0.0,5544.66015625
08172025_26autox1.parquet,-2.57,4281.0,2158.0,30000.0,400.1000061035156,92.20000457763672,15.259994506835938,38.14044952392578,92.0999984741211,-0.09999847412109375,36889.22265625
08172025_26autox1.parquet,-2.57,2971.0,1041.0,9678.0,54.20000076293945,102.30000305175781,-6.850006103515625,-126.38387298583984,91.80000305175781,0.0,5544.66015625
08172025_26autox1.parquet,-2.56,2971.0,1041.0,9678.0,67.5999984741211,100.70000457763672,-5.250007629394531,-77.66283416748047,94.80000305175781,-1.5999984741210938,6807.3203125
08172025_26autox1.parquet,-2.56,4312.0,2158.0,30000.0,400.1000061035156,92.20000457763672,15.259994506835938,38.14044952392578,92.0999984741211,0.0,36889.22265625
08172025_26autox1.parquet,-2.55,2971.0,1041.0,9678.0,67.5999984741211,100.70000457763672,-5.250007629394531,-77.66283416748047,94.80000305175781,0.0,6807.3203125
08172025_26autox1.parquet,-2.55,4312.0,2158.0,30000.0,400.1000061035156,92.20000457763672,15.259994506835938,38.14044952392578,92.0999984741211,0.0,36889.22265625
08172025_26autox1.parquet,-2.54,4387.0,2158.0,30000.0,400.1000061035156,92.20000457763672,15.259994506835938,38.14044952392578,92.0999984741211,0.0,36889.22265625
08172025_26autox1.parquet,-2.54,2971.0,1041.0,9678.0,67.5999984741211,100.70000457763672,-5.250007629394531,-77.66283416748047,94.80000305175781,0.0,6807.3203125
08172025_26autox1.parquet,-2.53,3138.0,1041.0,11370.0,67.5999984741211,100.70000457763672,-5.250007629394531,-77.66283416748047,94.80000305175781,0.0,6807.3203125
08172025_26autox1.parquet,-2.53,4387.0,2158.0,30000.0,401.8000183105469,92.20000457763672,15.259994506835938,37.97907638549805,92.0999984741211,0.0,37045.96484375
08172025_26autox1.parquet,-2.52,4387.0,2148.0,30000.0,401.8000183105469,92.20000457763672,15.259994506835938,37.97907638549805,92.0999984741211,0.0,37045.96484375
08172025_26autox1.parquet,-2.52,3138.0,1041.0,11370.0,67.5999984741211,100.70000457763672,-5.250007629394531,-77.66283416748047,94.80000305175781,0.0,6807.3203125
08172025_26autox1.parquet,-2.51,4387.0,2148.0,30000.0,401.8000183105469,92.20000457763672,15.259994506835938,37.97907638549805,92.0999984741211,0.0,37045.96484375
08172025_26autox1.parquet,-2.51,3099.0,1041.0,11370.0,123.0,96.5999984741211,-1.1500015258789062,-9.349605560302734,94.80000305175781,-4.100006103515625,11881.7998046875
08172025_26autox1.parquet,-2.5,3099.0,1041.0,11370.0,123.0,96.5999984741211,-1.1500015258789062,-9.349605560302734,94.80000305175781,0.0,11881.7998046875
08172025_26autox1.parquet,-2.5,4387.0,2148.0,30000.0,401.8000183105469,92.20000457763672,15.259994506835938,37.97907638549805,92.0999984741211,0.0,37045.96484375
08172025_26autox1.parquet,-2.49,4233.0,2148.0,30000.0,399.1000061035156,92.5999984741211,14.860000610351562,37.2337760925293,92.0999984741211,0.399993896484375,36956.66015625
08172025_26autox1.parquet,-2.49,3099.0,1041.0,11785.0,123.0,96.5999984741211,-1.1500015258789062,-9.349605560302734,94.80000305175781,0.0,11881.7998046875
08172025_26autox1.parquet,-2.48,3310.0,1041.0,11785.0,123.0,96.5999984741211,-1.1500015258789062,-9.349605560302734,95.9000015258789,0.0,11881.7998046875
08172025_26autox1.parquet,-2.48,4233.0,2148.0,30000.0,399.1000061035156,92.5999984741211,14.860000610351562,37.2337760925293,92.0999984741211,0.0,36956.66015625
08172025_26autox1.parquet,-2.47,3310.0,1233.0,11785.0,173.0,95.0,0.4499969482421875,2.6011383533477783,95.0,-1.5999984741210938,16435.0
08172025_26autox1.parquet,-2.47,4333.0,2148.0,30000.0,399.1000061035156,92.5999984741211,14.860000610351562,37.2337760925293,92.0999984741211,0.0,36956.66015625
08172025_26autox1.parquet,-2.46,3398.0,1233.0,11785.0,173.0,95.0,0.4499969482421875,2.6011383533477783,95.0,0.0,16435.0
08172025_26autox1.parquet,-2.46,4333.0,2148.0,30000.0,399.1000061035156,92.5999984741211,14.860000610351562,37.2337760925293,92.0999984741211,0.0,36956.66015625
08172025_26autox1.parquet,-2.45,3398.0,1233.0,15779.0,173.0,95.0,2.4499969482421875,14.161831855773926,95.0,0.0,16435.0
08172025_26autox1.parquet,-2.45,4267.0,2148.0,30000.0,400.8999938964844,92.0999984741211,15.360000610351562,38.31379318237305,92.0999984741211,-0.5,36922.890625
08172025_26autox1.parquet,-2.44,4267.0,2148.0,30000.0,400.8999938964844,92.0999984741211,15.360000610351562,38.31379318237305,92.0999984741211,0.0,36922.890625
08172025_26autox1.parquet,-2.44,3257.0,1233.0,15779.0,173.0,95.0,2.4499969482421875,14.161831855773926,95.0,0.0,16435.0
08172025_26autox1.parquet,-2.43,3257.0,1233.0,15779.0,223.1999969482422,93.20000457763672,4.249992370605469,19.041183471679688,93.20000457763672,-1.7999954223632812,20802.240234375
08172025_26autox1.parquet,-2.43,4302.0,2148.0,30000.0,400.8999938964844,92.0999984741211,15.360000610351562,38.31379318237305,92.0999984741211,0.0,36922.890625
08172025_26autox1.parquet,-2.42,3394.0,1233.0,15779.0,223.1999969482422,93.20000457763672,4.249992370605469,19.041183471679688,93.20000457763672,0.0,20802.240234375
08172025_26autox1.parquet,-2.42,4302.0,2148.0,30000.0,400.8999938964844,92.0999984741211,15.360000610351562,38.31379318237305,92.0999984741211,0.0,36922.890625
08172025_26autox1.parquet,-2.41,4302.0,2148.0,30000.0,400.8999938964844,92.0999984741211,15.360000610351562,38.31379318237305,92.0999984741211,0.0,36922.890625
08172025_26autox1.parquet,-2.41,3394.0,1233.0,18949.0,223.1999969482422,93.20000457763672,4.249992370605469,19.041183471679688,93.20000457763672,0.0,20802.240234375
08172025_26autox1.parquet,-2.4,4302.0,2148.0,30000.0,400.8999938964844,92.0999984741211,15.360000610351562,38.31379318237305,92.0999984741211,0.0,36922.890625
08172025_26autox1.parquet,-2.4,3353.0,1233.0,18949.0,223.1999969482422,93.20000457763672,4.249992370605469,19.041183471679688,93.20000457763672,0.0,20802.240234375
08172025_26autox1.parquet,-2.39,4357.0,2148.0,30000.0,400.8999938964844,92.0999984741211,15.360000610351562,38.31379318237305,92.0999984741211,0.0,36922.890625
08172025_26autox1.parquet,-2.39,3353.0,1233.0,18949.0,292.1000061035156,89.4000015258789,8.049995422363281,27.559038162231445,89.4000015258789,-3.8000030517578125,26113.740234375
08172025_26autox1.parquet,-2.38,3353.0,1233.0,18949.0,292.1000061035156,89.4000015258789,8.049995422363281,27.559038162231445,89.4000015258789,0.0,26113.740234375
08172025_26autox1.parquet,-2.38,4357.0,2148.0,30000.0,400.8999938964844,92.0999984741211,15.360000610351562,38.31379318237305,92.0999984741211,0.0,36922.890625
08172025_26autox1.parquet,-2.37,3171.0,1540.0,18965.0,292.1000061035156,89.4000015258789,8.049995422363281,27.559038162231445,89.4000015258789,0.0,26113.740234375
08172025_26autox1.parquet,-2.37,4357.0,2148.0,30000.0,400.8999938964844,92.20000457763672,15.259994506835938,38.0643424987793,92.0999984741211,0.100006103515625,36962.98046875
08172025_26autox1.parquet,-2.36,3171.0,1540.0,18965.0,292.1000061035156,89.4000015258789,8.049995422363281,27.559038162231445,89.4000015258789,0.0,26113.740234375
08172025_26autox1.parquet,-2.36,4358.0,2148.0,30000.0,400.8999938964844,92.20000457763672,15.259994506835938,38.0643424987793,92.0999984741211,0.0,36962.98046875
08172025_26autox1.parquet,-2.35,4358.0,2148.0,30000.0,400.8999938964844,92.20000457763672,15.259994506835938,38.0643424987793,92.0999984741211,0.0,36962.98046875
08172025_26autox1.parquet,-2.35,3111.0,1540.0,18965.0,292.1000061035156,89.4000015258789,8.049995422363281,27.559038162231445,89.4000015258789,0.0,26113.740234375
08172025_26autox1.parquet,-2.34,4409.0,2148.0,30000.0,400.8999938964844,92.20000457763672,15.259994506835938,38.0643424987793,92.0999984741211,0.0,36962.98046875
08172025_26autox1.parquet,-2.34,3111.0,1540.0,18965.0,292.1000061035156,89.4000015258789,8.049995422363281,27.559038162231445,89.4000015258789,0.0,26113.740234375
08172025_26autox1.parquet,-2.33,3151.0,1540.0,19661.0,292.1000061035156,89.4000015258789,8.049995422363281,27.559038162231445,89.4000015258789,0.0,26113.740234375
08172025_26autox1.parquet,-2.33,4409.0,2148.0,30000.0,401.3999938964844,92.20000457763672,15.259994506835938,38.01692581176758,92.0999984741211,0.0,37009.08203125
08172025_26autox1.parquet,-2.32,4387.0,2145.0,30000.0,401.3999938964844,92.20000457763672,15.259994506835938,38.01692581176758,92.0999984741211,0.0,37009.08203125
08172025_26autox1.parquet,-2.32,3151.0,1540.0,19661.0,292.1000061035156,89.4000015258789,8.049995422363281,27.559038162231445,89.4000015258789,0.0,26113.740234375
08172025_26autox1.parquet,-2.31,4387.0,2145.0,30000.0,401.3999938964844,92.20000457763672,15.259994506835938,38.01692581176758,92.0999984741211,0.0,37009.08203125
08172025_26autox1.parquet,-2.31,3217.0,1540.0,19661.0,377.8000183105469,88.4000015258789,9.049995422363281,23.95446014404297,88.4000015258789,-1.0,33397.5234375
08172025_26autox1.parquet,-2.3,3217.0,1540.0,19661.0,377.8000183105469,88.4000015258789,9.049995422363281,23.95446014404297,88.4000015258789,0.0,33397.5234375
08172025_26autox1.parquet,-2.3,4356.0,2145.0,30000.0,401.3999938964844,92.20000457763672,15.259994506835938,38.01692581176758,92.0999984741211,0.0,37009.08203125
08172025_26autox1.parquet,-2.29,4356.0,2145.0,30000.0,401.3999938964844,92.20000457763672,15.259994506835938,38.01692581176758,92.0999984741211,0.0,37009.08203125
08172025_26autox1.parquet,-2.29,3237.0,1540.0,21760.0,377.8000183105469,88.4000015258789,9.049995422363281,23.95446014404297,88.4000015258789,0.0,33397.5234375
08172025_26autox1.parquet,-2.28,4383.0,2145.0,30000.0,399.70001220703125,92.5,14.959999084472656,37.42806625366211,92.0999984741211,0.29999542236328125,36972.25
08172025_26autox1.parquet,-2.28,3237.0,1540.0,21760.0,377.8000183105469,88.4000015258789,9.049995422363281,23.95446014404297,88.4000015258789,0.0,33397.5234375
08172025_26autox1.parquet,-2.27,4383.0,2145.0,30000.0,399.70001220703125,92.5,14.959999084472656,37.42806625366211,92.0999984741211,0.0,36972.25
08172025_26autox1.parquet,-2.27,3237.0,1742.0,21760.0,400.1000061035156,89.20000457763672,8.249992370605469,20.619827270507812,88.4000015258789,0.8000030517578125,35688.921875
08172025_26autox1.parquet,-2.26,4383.0,2145.0,30000.0,399.70001220703125,92.5,14.959999084472656,37.42806625366211,92.0999984741211,0.0,36972.25
08172025_26autox1.parquet,-2.26,3159.0,1742.0,21760.0,400.1000061035156,89.20000457763672,8.249992370605469,20.619827270507812,88.4000015258789,0.0,35688.921875
08172025_26autox1.parquet,-2.25,3159.0,1742.0,23001.0,400.1000061035156,89.20000457763672,1.739990234375,4.348888397216797,88.4000015258789,0.0,35688.921875
08172025_26autox1.parquet,-2.25,4407.0,2145.0,30000.0,399.70001220703125,92.5,14.959999084472656,37.42806625366211,92.0999984741211,0.0,36972.25
08172025_26autox1.parquet,-2.24,3159.0,1742.0,23001.0,400.1000061035156,89.20000457763672,1.739990234375,4.348888397216797,88.4000015258789,0.0,35688.921875
08172025_26autox1.parquet,-2.24,4407.0,2145.0,30000.0,400.3000183105469,92.5,14.959999084472656,37.37196731567383,92.0999984741211,0.0,37027.75
08172025_26autox1.parquet,-2.23,3159.0,1742.0,23001.0,404.3999938964844,89.5,1.4399948120117188,3.5608179569244385,88.4000015258789,0.29999542236328125,36193.80078125
08172025_26autox1.parquet,-2.23,4404.0,2145.0,30000.0,400.3000183105469,92.5,14.959999084472656,37.37196731567383,92.0999984741211,0.0,37027.75
08172025_26autox1.parquet,-2.22,3320.0,1742.0,23001.0,404.3999938964844,89.5,1.4399948120117188,3.5608179569244385,88.4000015258789,0.0,36193.80078125
08172025_26autox1.parquet,-2.22,4404.0,2145.0,30000.0,400.3000183105469,92.5,14.959999084472656,37.37196731567383,92.0999984741211,0.0,37027.75
08172025_26autox1.parquet,-2.21,4404.0,2145.0,30000.0,400.3000183105469,92.5,14.959999084472656,37.37196731567383,92.0999984741211,0.0,37027.75
08172025_26autox1.parquet,-2.21,3320.0,1742.0,22812.0,404.3999938964844,89.5,1.4399948120117188,3.5608179569244385,88.4000015258789,0.0,36193.80078125
08172025_26autox1.parquet,-2.2,4404.0,2145.0,30000.0,401.0,92.5,14.959999084472656,37.30672836303711,92.0999984741211,0.0,37092.5
08172025_26autox1.parquet,-2.2,3149.0,1742.0,22812.0,404.3999938964844,89.5,1.4399948120117188,3.5608179569244385,88.4000015258789,0.0,36193.80078125
08172025_26autox1.parquet,-2.19,3149.0,1742.0,22812.0,400.8000183105469,90.5999984741211,0.339996337890625,0.8482942581176758,88.4000015258789,1.0999984741210938,36312.48046875
08172025_26autox1.parquet,-2.19,4416.0,2145.0,30000.0,401.0,92.5,14.959999084472656,37.30672836303711,92.0999984741211,0.0,37092.5
08172025_26autox1.parquet,-2.18,4416.0,2145.0,30000.0,401.0,92.5,14.959999084472656,37.30672836303711,92.0999984741211,0.0,37092.5
08172025_26autox1.parquet,-2.18,3269.0,1742.0,22812.0,400.8000183105469,90.5999984741211,0.339996337890625,0.8482942581176758,88.4000015258789,0.0,36312.48046875
08172025_26autox1.parquet,-2.17,4420.0,2145.0,30000.0,401.0,92.5,14.959999084472656,37.30672836303711,92.0999984741211,0.0,37092.5
08172025_26autox1.parquet,-2.17,3269.0,1653.0,21114.0,400.8000183105469,90.5999984741211,0.339996337890625,0.8482942581176758,88.4000015258789,0.0,36312.48046875
08172025_26autox1.parquet,-2.16,4420.0,2145.0,30000.0,400.8000183105469,92.5,14.959999084472656,37.32534408569336,92.0999984741211,0.0,37074.0
08172025_26autox1.parquet,-2.16,3269.0,1653.0,21114.0,400.8000183105469,90.5999984741211,0.339996337890625,0.8482942581176758,88.4000015258789,0.0,36312.48046875
08172025_26autox1.parquet,-2.15,4450.0,2145.0,30000.0,400.8000183105469,92.5,14.959999084472656,37.32534408569336,92.0999984741211,0.0,37074.0
08172025_26autox1.parquet,-2.15,3339.0,1653.0,21114.0,400.8000183105469,90.5999984741211,0.339996337890625,0.8482942581176758,88.4000015258789,0.0,36312.48046875
08172025_26autox1.parquet,-2.14,4450.0,2145.0,30000.0,400.8000183105469,92.5,14.959999084472656,37.32534408569336,92.0999984741211,0.0,37074.0
08172025_26autox1.parquet,-2.14,3339.0,1653.0,21114.0,400.8000183105469,90.5999984741211,0.339996337890625,0.8482942581176758,88.4000015258789,0.0,36312.48046875
08172025_26autox1.parquet,-2.13,4457.0,2145.0,30000.0,400.8000183105469,92.5,14.959999084472656,37.32534408569336,92.0999984741211,0.0,37074.0
08172025_26autox1.parquet,-2.13,3241.0,1653.0,17785.0,400.8000183105469,90.5999984741211,0.339996337890625,0.8482942581176758,88.4000015258789,0.0,36312.48046875
08172025_26autox1.parquet,-2.12,3241.0,1653.0,17785.0,400.8000183105469,90.5999984741211,0.339996337890625,0.8482942581176758,88.4000015258789,0.0,36312.48046875
08172025_26autox1.parquet,-2.12,4457.0,2146.0,30000.0,400.5,92.30000305175781,15.159996032714844,37.85267639160156,92.0999984741211,-0.1999969482421875,36966.15234375
08172025_26autox1.parquet,-2.11,4457.0,2146.0,30000.0,400.5,92.30000305175781,15.159996032714844,37.85267639160156,92.0999984741211,0.0,36966.15234375
08172025_26autox1.parquet,-2.11,3389.0,1653.0,17785.0,393.3999938964844,90.80000305175781,0.13999176025390625,0.3558509349822998,88.4000015258789,0.20000457763671875,35720.71875
08172025_26autox1.parquet,-2.1,3389.0,1653.0,17785.0,393.3999938964844,90.80000305175781,0.13999176025390625,0.3558509349822998,88.4000015258789,0.0,35720.71875
08172025_26autox1.parquet,-2.1,4457.0,2146.0,30000.0,400.5,92.30000305175781,15.159996032714844,37.85267639160156,92.0999984741211,0.0,36966.15234375
08172025_26autox1.parquet,-2.09,3358.0,1653.0,15937.0,393.3999938964844,90.80000305175781,0.13999176025390625,0.3558509349822998,88.4000015258789,0.0,35720.71875
08172025_26autox1.parquet,-2.09,4472.0,2146.0,30000.0,400.5,92.30000305175781,15.159996032714844,37.85267639160156,92.0999984741211,0.0,36966.15234375
08172025_26autox1.parquet,-2.08,3358.0,1653.0,15937.0,393.3999938964844,90.80000305175781,0.13999176025390625,0.3558509349822998,88.4000015258789,0.0,35720.71875
08172025_26autox1.parquet,-2.08,4472.0,2146.0,30000.0,400.5,92.30000305175781,15.159996032714844,37.85267639160156,92.0999984741211,0.0,36966.15234375
08172025_26autox1.parquet,-2.07,3295.0,1435.0,15937.0,393.3999938964844,90.80000305175781,0.13999176025390625,0.3558509349822998,88.4000015258789,0.0,35720.71875
08172025_26autox1.parquet,-2.07,4448.0,2146.0,30000.0,400.5,92.30000305175781,15.159996032714844,37.85267639160156,92.0999984741211,0.0,36966.15234375
08172025_26autox1.parquet,-2.06,4448.0,2146.0,30000.0,400.5,92.30000305175781,15.159996032714844,37.85267639160156,92.0999984741211,0.0,36966.15234375
08172025_26autox1.parquet,-2.06,3295.0,1435.0,15937.0,387.0,91.30000305175781,-0.36000823974609375,-0.930253803730011,88.4000015258789,0.5,35333.1015625
08172025_26autox1.parquet,-2.05,3295.0,1435.0,19753.0,387.0,91.30000305175781,0.29999542236328125,0.7751820087432861,88.4000015258789,0.0,35333.1015625
08172025_26autox1.parquet,-2.05,4448.0,2146.0,30000.0,400.5,92.30000305175781,15.159996032714844,37.85267639160156,92.0999984741211,0.0,36966.15234375
08172025_26autox1.parquet,-2.04,3295.0,1435.0,19753.0,387.0,91.30000305175781,0.29999542236328125,0.7751820087432861,88.4000015258789,0.0,35333.1015625
08172025_26autox1.parquet,-2.04,4483.0,2146.0,30000.0,399.70001220703125,92.4000015258789,15.05999755859375,37.678253173828125,92.0999984741211,0.09999847412109375,36932.28125
08172025_26autox1.parquet,-2.03,3462.0,1435.0,19753.0,387.0,91.30000305175781,0.29999542236328125,0.7751820087432861,88.4000015258789,0.0,35333.1015625
08172025_26autox1.parquet,-2.03,4483.0,2146.0,30000.0,399.70001220703125,92.4000015258789,15.05999755859375,37.678253173828125,92.0999984741211,0.0,36932.28125
08172025_26autox1.parquet,-2.02,4479.0,2135.0,30000.0,399.70001220703125,92.4000015258789,15.05999755859375,37.678253173828125,92.0999984741211,0.0,36932.28125
08172025_26autox1.parquet,-2.02,3462.0,1435.0,19753.0,401.3000183105469,89.4000015258789,2.1999969482421875,5.482174873352051,88.4000015258789,-1.9000015258789062,35876.22265625
08172025_26autox1.parquet,-2.01,4479.0,2135.0,30000.0,399.70001220703125,92.4000015258789,15.05999755859375,37.678253173828125,92.0999984741211,0.0,36932.28125
08172025_26autox1.parquet,-2.01,3462.0,1435.0,26215.0,401.3000183105469,89.4000015258789,2.1999969482421875,5.482174873352051,88.4000015258789,0.0,35876.22265625
08172025_26autox1.parquet,-2.0,4491.0,2135.0,30000.0,399.70001220703125,92.4000015258789,15.05999755859375,37.678253173828125,92.0999984741211,0.0,36932.28125
08172025_26autox1.parquet,-2.0,3403.0,1435.0,26215.0,401.3000183105469,89.4000015258789,2.1999969482421875,5.482174873352051,88.4000015258789,0.0,35876.22265625
08172025_26autox1.parquet,-1.99,4491.0,2135.0,30000.0,399.70001220703125,92.4000015258789,15.05999755859375,37.678253173828125,92.0999984741211,0.0,36932.28125
08172025_26autox1.parquet,-1.99,3403.0,1435.0,26215.0,401.3000183105469,89.4000015258789,2.1999969482421875,5.482174873352051,88.4000015258789,0.0,35876.22265625
08172025_26autox1.parquet,-1.98,4597.0,2135.0,30000.0,399.70001220703125,92.4000015258789,15.05999755859375,37.678253173828125,92.0999984741211,0.0,36932.28125
08172025_26autox1.parquet,-1.98,3415.0,1435.0,26215.0,411.8000183105469,88.70000457763672,2.899993896484375,7.042238712310791,88.4000015258789,-0.6999969482421875,36526.6640625
08172025_26autox1.parquet,-1.97,4597.0,2135.0,30000.0,399.70001220703125,92.4000015258789,15.05999755859375,37.678253173828125,92.0999984741211,0.0,36932.28125
08172025_26autox1.parquet,-1.97,3415.0,1959.0,26776.0,411.8000183105469,88.70000457763672,2.899993896484375,7.042238712310791,88.4000015258789,0.0,36526.6640625
08172025_26autox1.parquet,-1.96,3339.0,1959.0,26776.0,411.8000183105469,88.70000457763672,2.899993896484375,7.042238712310791,88.4000015258789,0.0,36526.6640625
08172025_26autox1.parquet,-1.96,4518.0,2135.0,30000.0,402.1000061035156,92.20000457763672,15.259994506835938,37.95074462890625,92.0999984741211,-0.1999969482421875,37073.62109375
08172025_26autox1.parquet,-1.95,3339.0,1959.0,26776.0,411.8000183105469,88.70000457763672,2.899993896484375,7.042238712310791,88.4000015258789,0.0,36526.6640625
08172025_26autox1.parquet,-1.95,4518.0,2135.0,30000.0,402.1000061035156,92.20000457763672,15.259994506835938,37.95074462890625,92.0999984741211,0.0,37073.62109375
08172025_26autox1.parquet,-1.94,4466.0,2135.0,29543.0,402.1000061035156,92.20000457763672,15.259994506835938,37.95074462890625,92.0999984741211,0.0,37073.62109375
08172025_26autox1.parquet,-1.94,3414.0,1959.0,26776.0,409.3999938964844,89.5999984741211,2.0,4.88519811630249,88.4000015258789,0.899993896484375,36682.23828125
08172025_26autox1.parquet,-1.93,3414.0,1959.0,26896.0,409.3999938964844,89.5999984741211,2.0,4.88519811630249,88.4000015258789,0.0,36682.23828125
08172025_26autox1.parquet,-1.93,4466.0,2135.0,29543.0,402.1000061035156,92.20000457763672,15.259994506835938,37.95074462890625,92.0999984741211,0.0,37073.62109375
08172025_26autox1.parquet,-1.92,4466.0,2027.0,29543.0,402.1000061035156,92.20000457763672,15.259994506835938,37.95074462890625,92.0999984741211,0.0,37073.62109375
08172025_26autox1.parquet,-1.92,3473.0,1959.0,26896.0,409.3999938964844,89.5999984741211,2.0,4.88519811630249,88.4000015258789,0.0,36682.23828125
08172025_26autox1.parquet,-1.91,4466.0,2027.0,29543.0,402.1000061035156,92.20000457763672,15.259994506835938,37.95074462890625,92.0999984741211,0.0,37073.62109375
08172025_26autox1.parquet,-1.91,3473.0,1959.0,26896.0,409.3999938964844,89.5999984741211,2.0,4.88519811630249,88.4000015258789,0.0,36682.23828125
08172025_26autox1.parquet,-1.9,4544.0,2027.0,26614.0,402.1000061035156,92.20000457763672,15.259994506835938,37.95074462890625,92.0999984741211,0.0,37073.62109375
08172025_26autox1.parquet,-1.9,3473.0,1959.0,26896.0,408.70001220703125,90.0,1.5999984741210938,3.9148478507995605,88.4000015258789,0.40000152587890625,36783.0
08172025_26autox1.parquet,-1.89,3378.0,1959.0,29315.0,408.70001220703125,90.0,1.5999984741210938,3.9148478507995605,88.4000015258789,0.0,36783.0
08172025_26autox1.parquet,-1.89,4544.0,2027.0,26614.0,402.1000061035156,92.20000457763672,15.259994506835938,37.95074462890625,92.0999984741211,0.0,37073.62109375
08172025_26autox1.parquet,-1.88,3409.0,1959.0,29315.0,408.70001220703125,90.0,1.5999984741210938,3.9148478507995605,88.4000015258789,0.0,36783.0
08172025_26autox1.parquet,-1.88,4665.0,2027.0,26614.0,402.1000061035156,92.20000457763672,15.259994506835938,37.95074462890625,92.20000457763672,0.0,37073.62109375
08172025_26autox1.parquet,-1.87,3409.0,2115.0,29315.0,408.70001220703125,90.0,1.5999984741210938,3.9148478507995605,88.4000015258789,0.0,36783.0
08172025_26autox1.parquet,-1.87,4665.0,2027.0,26614.0,396.70001220703125,92.70000457763672,14.759994506835938,37.20694351196289,92.20000457763672,0.5,36774.09375
08172025_26autox1.parquet,-1.86,3409.0,2115.0,29315.0,411.1000061035156,89.30000305175781,2.2999954223632812,5.5947346687316895,88.4000015258789,-0.6999969482421875,36711.23046875
08172025_26autox1.parquet,-1.86,4775.0,2027.0,21259.0,396.70001220703125,92.70000457763672,14.759994506835938,37.20694351196289,92.20000457763672,0.0,36774.09375
08172025_26autox1.parquet,-1.85,3525.0,2115.0,30000.0,411.1000061035156,89.30000305175781,2.2999954223632812,5.5947346687316895,88.4000015258789,0.0,36711.23046875
08172025_26autox1.parquet,-1.85,4775.0,2027.0,21259.0,396.70001220703125,92.70000457763672,14.759994506835938,37.20694351196289,92.20000457763672,0.0,36774.09375
08172025_26autox1.parquet,-1.84,3525.0,2115.0,30000.0,411.1000061035156,89.30000305175781,2.2999954223632812,5.5947346687316895,88.4000015258789,0.0,36711.23046875
08172025_26autox1.parquet,-1.84,4775.0,2027.0,21259.0,396.70001220703125,92.70000457763672,14.759994506835938,37.20694351196289,92.20000457763672,0.0,36774.09375
08172025_26autox1.parquet,-1.83,4921.0,2027.0,21259.0,394.20001220703125,93.0999984741211,14.360000610351562,36.4282112121582,92.20000457763672,0.399993896484375,36700.01953125
08172025_26autox1.parquet,-1.83,3441.0,2115.0,30000.0,411.1000061035156,89.30000305175781,2.2999954223632812,5.5947346687316895,88.4000015258789,0.0,36711.23046875
08172025_26autox1.parquet,-1.82,3441.0,2115.0,30000.0,411.1000061035156,89.30000305175781,2.2999954223632812,5.5947346687316895,88.4000015258789,0.0,36711.23046875
08172025_26autox1.parquet,-1.82,4921.0,1492.0,18232.0,394.20001220703125,93.0999984741211,14.360000610351562,36.4282112121582,92.20000457763672,0.0,36700.01953125
08172025_26autox1.parquet,-1.81,3441.0,2152.0,30000.0,409.5,89.5,2.0999984741210938,5.128201484680176,88.4000015258789,0.1999969482421875,36650.25
08172025_26autox1.parquet,-1.81,4921.0,1492.0,18232.0,394.20001220703125,93.0999984741211,14.360000610351562,36.4282112121582,92.20000457763672,0.0,36700.01953125
08172025_26autox1.parquet,-1.8,4921.0,1492.0,18232.0,394.20001220703125,93.0999984741211,14.360000610351562,36.4282112121582,92.20000457763672,0.0,36700.01953125
08172025_26autox1.parquet,-1.8,3594.0,2152.0,30000.0,409.5,89.5,2.0999984741210938,5.128201484680176,88.4000015258789,0.0,36650.25
08172025_26autox1.parquet,-1.79,4676.0,1492.0,18232.0,380.6000061035156,93.30000305175781,14.159996032714844,37.204402923583984,92.20000457763672,0.20000457763671875,35509.98046875
08172025_26autox1.parquet,-1.79,3594.0,2152.0,30000.0,409.5,89.5,0.26999664306640625,0.6593324542045593,88.4000015258789,0.0,36650.25
08172025_26autox1.parquet,-1.78,4676.0,1492.0,15824.0,380.6000061035156,93.30000305175781,14.159996032714844,37.204402923583984,92.20000457763672,0.0,35509.98046875
08172025_26autox1.parquet,-1.78,3594.0,2152.0,30000.0,409.5,89.5,0.26999664306640625,0.6593324542045593,88.70000457763672,0.0,36650.25
08172025_26autox1.parquet,-1.77,3594.0,2152.0,30000.0,405.0,89.9000015258789,-0.1300048828125,-0.32099971175193787,88.70000457763672,0.40000152587890625,36409.5
08172025_26autox1.parquet,-1.77,4676.0,1492.0,15824.0,380.6000061035156,93.30000305175781,14.159996032714844,37.204402923583984,92.20000457763672,0.0,35509.98046875
08172025_26autox1.parquet,-1.76,3486.0,2152.0,30000.0,405.0,89.9000015258789,-0.1300048828125,-0.32099971175193787,88.70000457763672,0.0,36409.5
08172025_26autox1.parquet,-1.76,4615.0,1403.0,15824.0,380.6000061035156,93.30000305175781,14.159996032714844,37.204402923583984,92.20000457763672,0.0,35509.98046875
08172025_26autox1.parquet,-1.75,3486.0,2152.0,30000.0,405.0,89.9000015258789,-0.1300048828125,-0.32099971175193787,88.70000457763672,0.0,36409.5
08172025_26autox1.parquet,-1.75,4615.0,1403.0,15824.0,380.6000061035156,93.30000305175781,14.159996032714844,37.204402923583984,92.20000457763672,0.0,35509.98046875
08172025_26autox1.parquet,-1.74,3525.0,2152.0,30000.0,405.0,89.9000015258789,-0.1300048828125,-0.32099971175193787,88.70000457763672,0.0,36409.5
08172025_26autox1.parquet,-1.74,4546.0,1403.0,17769.0,380.6000061035156,93.30000305175781,14.159996032714844,37.204402923583984,92.20000457763672,0.0,35509.98046875
08172025_26autox1.parquet,-1.73,3525.0,2152.0,30000.0,405.1000061035156,89.5,0.26999664306640625,0.6664937734603882,88.70000457763672,-0.40000152587890625,36256.44921875
08172025_26autox1.parquet,-1.73,4546.0,1403.0,17769.0,380.6000061035156,93.30000305175781,14.159996032714844,37.204402923583984,92.20000457763672,0.0,35509.98046875
08172025_26autox1.parquet,-1.72,3611.0,2152.0,30000.0,405.1000061035156,89.5,0.26999664306640625,0.6664937734603882,88.70000457763672,0.0,36256.44921875
08172025_26autox1.parquet,-1.72,4668.0,1403.0,17769.0,380.6000061035156,93.30000305175781,14.159996032714844,37.204402923583984,92.20000457763672,0.0,35509.98046875
08172025_26autox1.parquet,-1.71,3611.0,2151.0,30000.0,405.1000061035156,89.5,0.26999664306640625,0.6664937734603882,88.70000457763672,0.0,36256.44921875
08172025_26autox1.parquet,-1.71,4668.0,1403.0,17769.0,394.8000183105469,92.0999984741211,15.360000610351562,38.9057731628418,92.0999984741211,-1.2000045776367188,36361.08203125
08172025_26autox1.parquet,-1.7,3571.0,2151.0,30000.0,405.1000061035156,89.5,0.26999664306640625,0.6664937734603882,88.70000457763672,0.0,36256.44921875
08172025_26autox1.parquet,-1.7,4686.0,1403.0,22264.0,394.8000183105469,92.0999984741211,15.360000610351562,38.9057731628418,92.0999984741211,0.0,36361.08203125
08172025_26autox1.parquet,-1.69,4686.0,1403.0,22264.0,394.8000183105469,92.0999984741211,15.360000610351562,38.9057731628418,92.0999984741211,0.0,36361.08203125
08172025_26autox1.parquet,-1.69,3571.0,2151.0,30000.0,405.1000061035156,89.5,0.26999664306640625,0.6664937734603882,88.70000457763672,0.0,36256.44921875
08172025_26autox1.parquet,-1.68,4660.0,1403.0,22264.0,394.8000183105469,92.0999984741211,15.360000610351562,38.9057731628418,92.0999984741211,0.0,36361.08203125
08172025_26autox1.parquet,-1.68,3571.0,2151.0,30000.0,405.1000061035156,89.5,0.26999664306640625,0.6664937734603882,88.70000457763672,0.0,36256.44921875
08172025_26autox1.parquet,-1.67,4660.0,1403.0,22264.0,402.8000183105469,92.0,15.459999084472656,38.38132858276367,92.0,-0.09999847412109375,37057.6015625
08172025_26autox1.parquet,-1.67,3600.0,2151.0,30000.0,405.1000061035156,89.5,0.26999664306640625,0.6664937734603882,88.70000457763672,0.0,36256.44921875
08172025_26autox1.parquet,-1.66,4660.0,1755.0,23331.0,402.8000183105469,92.0,15.459999084472656,38.38132858276367,92.0,0.0,37057.6015625
08172025_26autox1.parquet,-1.66,3600.0,2151.0,30000.0,405.1000061035156,89.5,0.26999664306640625,0.6664937734603882,88.70000457763672,0.0,36256.44921875
08172025_26autox1.parquet,-1.65,4660.0,1755.0,23331.0,402.8000183105469,92.0,15.459999084472656,38.38132858276367,92.0,0.0,37057.6015625
08172025_26autox1.parquet,-1.65,3597.0,2151.0,30000.0,405.1000061035156,89.5,0.26999664306640625,0.6664937734603882,88.70000457763672,0.0,36256.44921875
08172025_26autox1.parquet,-1.64,4660.0,1755.0,23331.0,402.8000183105469,92.0,15.459999084472656,38.38132858276367,92.0,0.0,37057.6015625
08172025_26autox1.parquet,-1.64,3597.0,2151.0,30000.0,404.20001220703125,89.70000457763672,0.0699920654296875,0.17316195368766785,88.70000457763672,0.20000457763671875,36256.7421875
08172025_26autox1.parquet,-1.63,3552.0,2151.0,30000.0,404.20001220703125,89.70000457763672,0.0699920654296875,0.17316195368766785,88.70000457763672,0.0,36256.7421875
08172025_26autox1.parquet,-1.63,4632.0,1755.0,23331.0,404.0,92.30000305175781,15.159996032714844,37.524742126464844,92.0,0.3000030517578125,37289.203125
08172025_26autox1.parquet,-1.62,3552.0,2151.0,30000.0,404.20001220703125,89.70000457763672,0.0699920654296875,0.17316195368766785,88.70000457763672,0.0,36256.7421875
08172025_26autox1.parquet,-1.62,4632.0,1755.0,19744.0,404.0,92.30000305175781,15.159996032714844,37.524742126464844,92.0,0.0,37289.203125
08172025_26autox1.parquet,-1.61,3618.0,2151.0,30000.0,404.20001220703125,89.70000457763672,0.0699920654296875,0.17316195368766785,88.70000457763672,0.0,36256.7421875
08172025_26autox1.parquet,-1.61,4664.0,1755.0,19744.0,404.0,92.30000305175781,15.159996032714844,37.524742126464844,92.0,0.0,37289.203125
08172025_26autox1.parquet,-1.6,4664.0,1755.0,19744.0,404.0,92.30000305175781,15.159996032714844,37.524742126464844,92.0,0.0,37289.203125
08172025_26autox1.parquet,-1.6,3618.0,2151.0,30000.0,403.8000183105469,89.5,0.26999664306640625,0.6686394810676575,88.70000457763672,-0.20000457763671875,36140.1015625
08172025_26autox1.parquet,-1.59,4684.0,1755.0,19744.0,397.8000183105469,92.70000457763672,14.759994506835938,37.10405349731445,92.0,0.40000152587890625,36876.0625
08172025_26autox1.parquet,-1.59,3618.0,2151.0,30000.0,403.8000183105469,89.5,0.26999664306640625,0.6686394810676575,88.70000457763672,0.0,36140.1015625
08172025_26autox1.parquet,-1.58,4684.0,1755.0,13979.0,397.8000183105469,92.70000457763672,14.759994506835938,37.10405349731445,92.0,0.0,36876.0625
08172025_26autox1.parquet,-1.58,3618.0,2151.0,30000.0,403.8000183105469,89.5,0.26999664306640625,0.6686394810676575,88.70000457763672,0.0,36140.1015625
08172025_26autox1.parquet,-1.57,4684.0,1755.0,13979.0,397.8000183105469,92.70000457763672,14.759994506835938,37.10405349731445,92.0,0.0,36876.0625
08172025_26autox1.parquet,-1.57,3683.0,2151.0,30000.0,403.8000183105469,89.5,0.26999664306640625,0.6686394810676575,88.70000457763672,0.0,36140.1015625
08172025_26autox1.parquet,-1.56,4663.0,1114.0,13979.0,397.8000183105469,92.70000457763672,14.759994506835938,37.10405349731445,92.0,0.0,36876.0625
08172025_26autox1.parquet,-1.56,3683.0,2151.0,30000.0,403.1000061035156,89.5999984741211,0.1699981689453125,0.4217270314693451,88.70000457763672,0.09999847412109375,36117.76171875
08172025_26autox1.parquet,-1.55,4663.0,1114.0,13979.0,397.8000183105469,92.70000457763672,14.759994506835938,37.10405349731445,92.0,0.0,36876.0625
08172025_26autox1.parquet,-1.55,3732.0,2151.0,30000.0,403.1000061035156,89.5999984741211,0.1699981689453125,0.4217270314693451,88.70000457763672,0.0,36117.76171875
08172025_26autox1.parquet,-1.54,4647.0,1114.0,7721.0,385.6000061035156,93.5,13.959999084472656,36.20331573486328,92.0,0.7999954223632812,36053.6015625
08172025_26autox1.parquet,-1.54,3732.0,2151.0,30000.0,403.1000061035156,89.5999984741211,0.1699981689453125,0.4217270314693451,88.70000457763672,0.0,36117.76171875
08172025_26autox1.parquet,-1.53,3808.0,2151.0,30000.0,403.1000061035156,89.5999984741211,0.1699981689453125,0.4217270314693451,88.70000457763672,0.0,36117.76171875
08172025_26autox1.parquet,-1.53,4647.0,1114.0,7721.0,385.6000061035156,93.5,13.959999084472656,36.20331573486328,92.0,0.0,36053.6015625
08172025_26autox1.parquet,-1.52,3808.0,2151.0,30000.0,403.1000061035156,89.30000305175781,0.46999359130859375,1.1659479141235352,88.70000457763672,-0.29999542236328125,35996.83203125
08172025_26autox1.parquet,-1.52,4698.0,1114.0,7721.0,385.6000061035156,93.5,13.959999084472656,36.20331573486328,92.0,0.0,36053.6015625
08172025_26autox1.parquet,-1.51,3808.0,2146.0,30000.0,403.1000061035156,89.30000305175781,0.46999359130859375,1.1659479141235352,88.70000457763672,0.0,35996.83203125
08172025_26autox1.parquet,-1.51,4698.0,1114.0,7721.0,385.6000061035156,93.5,13.959999084472656,36.20331573486328,92.0,0.0,36053.6015625
08172025_26autox1.parquet,-1.5,3879.0,2146.0,30000.0,403.1000061035156,89.30000305175781,0.46999359130859375,1.1659479141235352,88.70000457763672,0.0,35996.83203125
08172025_26autox1.parquet,-1.5,4629.0,1114.0,4594.0,355.70001220703125,96.0,11.459999084472656,32.21815872192383,92.0,2.5,34147.203125
08172025_26autox1.parquet,-1.49,3879.0,2146.0,30000.0,403.1000061035156,89.30000305175781,1.30999755859375,3.249807834625244,88.70000457763672,0.0,35996.83203125
08172025_26autox1.parquet,-1.49,4629.0,1114.0,4594.0,355.70001220703125,96.0,11.459999084472656,32.21815872192383,92.0,0.0,34147.203125
08172025_26autox1.parquet,-1.48,3879.0,2146.0,30000.0,403.1000061035156,89.30000305175781,1.30999755859375,3.249807834625244,88.70000457763672,0.0,35996.83203125
08172025_26autox1.parquet,-1.48,4643.0,1114.0,4594.0,355.70001220703125,96.0,11.459999084472656,32.21815872192383,92.0,0.0,34147.203125
08172025_26autox1.parquet,-1.47,3879.0,2146.0,30000.0,403.1000061035156,89.30000305175781,1.30999755859375,3.249807834625244,88.70000457763672,0.0,35996.83203125
08172025_26autox1.parquet,-1.47,4643.0,1114.0,4594.0,355.70001220703125,96.0,11.459999084472656,32.21815872192383,92.0,0.0,34147.203125
08172025_26autox1.parquet,-1.46,3724.0,2146.0,30000.0,403.1000061035156,89.30000305175781,1.30999755859375,3.249807834625244,88.70000457763672,0.0,35996.83203125
08172025_26autox1.parquet,-1.46,4643.0,778.0,5047.0,291.6000061035156,100.20000457763672,7.2599945068359375,24.8971004486084,92.0,4.200004577636719,29218.322265625
08172025_26autox1.parquet,-1.45,3724.0,2146.0,30000.0,403.1000061035156,89.30000305175781,1.30999755859375,3.249807834625244,89.30000305175781,0.0,35996.83203125
08172025_26autox1.parquet,-1.45,4643.0,778.0,5047.0,291.6000061035156,100.20000457763672,7.2599945068359375,24.8971004486084,92.0,0.0,29218.322265625
08172025_26autox1.parquet,-1.44,3737.0,2146.0,30000.0,402.20001220703125,89.5,1.1100006103515625,2.759822368621826,89.30000305175781,0.1999969482421875,35996.90234375
08172025_26autox1.parquet,-1.44,4659.0,778.0,5047.0,291.6000061035156,100.20000457763672,7.2599945068359375,24.8971004486084,92.0,0.0,29218.322265625
08172025_26autox1.parquet,-1.43,3737.0,2146.0,30000.0,402.20001220703125,89.5,1.1100006103515625,2.759822368621826,89.30000305175781,0.0,35996.90234375
08172025_26autox1.parquet,-1.43,4659.0,778.0,5047.0,291.6000061035156,100.20000457763672,7.2599945068359375,24.8971004486084,92.0,0.0,29218.322265625
08172025_26autox1.parquet,-1.42,4659.0,778.0,2623.0,244.40000915527344,100.5999984741211,6.8600006103515625,28.068740844726562,92.0,0.399993896484375,24586.640625
08172025_26autox1.parquet,-1.42,3597.0,2146.0,30000.0,402.20001220703125,89.5,1.1100006103515625,2.759822368621826,89.30000305175781,0.0,35996.90234375
08172025_26autox1.parquet,-1.41,3597.0,2148.0,30000.0,402.20001220703125,89.5,1.1100006103515625,2.759822368621826,89.30000305175781,0.0,35996.90234375
08172025_26autox1.parquet,-1.41,4634.0,778.0,2623.0,244.40000915527344,100.5999984741211,6.8600006103515625,28.068740844726562,92.0,0.0,24586.640625
08172025_26autox1.parquet,-1.4,3683.0,2148.0,30000.0,402.20001220703125,89.5,1.1100006103515625,2.759822368621826,89.30000305175781,0.0,35996.90234375
08172025_26autox1.parquet,-1.4,4634.0,778.0,2623.0,244.40000915527344,100.5999984741211,6.8600006103515625,28.068740844726562,92.0,0.0,24586.640625
08172025_26autox1.parquet,-1.39,4611.0,778.0,2623.0,244.40000915527344,100.5999984741211,6.8600006103515625,28.068740844726562,92.0,0.0,24586.640625
08172025_26autox1.parquet,-1.39,3683.0,2148.0,30000.0,401.8000183105469,89.20000457763672,1.1399917602539062,2.837211847305298,89.20000457763672,-0.29999542236328125,35840.5625
08172025_26autox1.parquet,-1.38,3683.0,2148.0,30000.0,401.8000183105469,89.20000457763672,1.1399917602539062,2.837211847305298,89.20000457763672,0.0,35840.5625
08172025_26autox1.parquet,-1.38,4611.0,778.0,0.0,188.5,103.30000305175781,4.159996032714844,22.06894302368164,92.0,2.7000045776367188,19472.05078125
08172025_26autox1.parquet,-1.37,4610.0,778.0,0.0,188.5,103.30000305175781,4.159996032714844,22.06894302368164,92.0,0.0,19472.05078125
08172025_26autox1.parquet,-1.37,3683.0,2148.0,30000.0,401.8000183105469,89.20000457763672,1.1399917602539062,2.837211847305298,89.20000457763672,0.0,35840.5625
08172025_26autox1.parquet,-1.36,4610.0,456.0,0.0,188.5,103.30000305175781,4.159996032714844,22.06894302368164,92.0,0.0,19472.05078125
08172025_26autox1.parquet,-1.36,3680.0,2148.0,30000.0,401.8000183105469,89.20000457763672,1.1399917602539062,2.837211847305298,89.20000457763672,0.0,35840.5625
08172025_26autox1.parquet,-1.35,4551.0,456.0,0.0,188.5,103.30000305175781,4.159996032714844,22.06894302368164,92.0,0.0,19472.05078125
08172025_26autox1.parquet,-1.35,3680.0,2148.0,30000.0,401.3000183105469,89.5999984741211,0.7399978637695312,1.8440015316009521,89.20000457763672,0.399993896484375,35956.48046875
08172025_26autox1.parquet,-1.34,4551.0,456.0,135.0,188.5,103.30000305175781,4.159996032714844,22.06894302368164,92.0,0.0,19472.05078125
08172025_26autox1.parquet,-1.34,3680.0,2148.0,30000.0,401.3000183105469,89.5999984741211,0.7399978637695312,1.8440015316009521,89.20000457763672,0.0,35956.48046875
08172025_26autox1.parquet,-1.33,4551.0,456.0,135.0,129.0,105.5,1.9599990844726562,15.193791389465332,92.0,2.1999969482421875,13609.5
08172025_26autox1.parquet,-1.33,3738.0,2148.0,30000.0,401.3000183105469,89.5999984741211,0.7399978637695312,1.8440015316009521,89.20000457763672,0.0,35956.48046875
08172025_26autox1.parquet,-1.32,4520.0,456.0,135.0,129.0,105.5,1.9599990844726562,15.193791389465332,92.0,0.0,13609.5
08172025_26autox1.parquet,-1.32,3738.0,2148.0,30000.0,401.3000183105469,89.5999984741211,0.7399978637695312,1.8440015316009521,89.20000457763672,0.0,35956.48046875
08172025_26autox1.parquet,-1.31,4520.0,456.0,135.0,129.0,105.5,1.9599990844726562,15.193791389465332,92.0,0.0,13609.5
08172025_26autox1.parquet,-1.31,3738.0,2145.0,30000.0,400.3000183105469,89.5,0.839996337890625,2.098416805267334,89.20000457763672,-0.09999847412109375,35826.8515625
08172025_26autox1.parquet,-1.3,3738.0,2145.0,30000.0,400.3000183105469,89.5,0.839996337890625,2.098416805267334,89.20000457763672,0.0,35826.8515625
08172025_26autox1.parquet,-1.3,4503.0,456.0,0.0,129.0,105.5,1.9599990844726562,15.193791389465332,92.0,0.0,13609.5
08172025_26autox1.parquet,-1.29,3889.0,2145.0,30000.0,400.3000183105469,89.5,0.839996337890625,2.098416805267334,89.20000457763672,0.0,35826.8515625
08172025_26autox1.parquet,-1.29,4503.0,456.0,0.0,88.0999984741211,105.9000015258789,1.55999755859375,17.707124710083008,92.0,0.40000152587890625,9329.7900390625
08172025_26autox1.parquet,-1.28,3889.0,2145.0,30000.0,400.3000183105469,89.5,0.839996337890625,2.098416805267334,89.20000457763672,0.0,35826.8515625
08172025_26autox1.parquet,-1.28,4499.0,456.0,0.0,88.0999984741211,105.9000015258789,1.55999755859375,17.707124710083008,92.0,0.0,9329.7900390625
08172025_26autox1.parquet,-1.27,3932.0,2145.0,30000.0,402.1000061035156,89.0999984741211,1.2399978637695312,3.0838046073913574,89.0999984741211,-0.40000152587890625,35827.109375
08172025_26autox1.parquet,-1.27,4499.0,456.0,0.0,88.0999984741211,105.9000015258789,1.55999755859375,17.707124710083008,92.0,0.0,9329.7900390625
08172025_26autox1.parquet,-1.26,4525.0,452.0,0.0,88.0999984741211,105.9000015258789,1.55999755859375,17.707124710083008,92.0,0.0,9329.7900390625
08172025_26autox1.parquet,-1.26,3932.0,2145.0,30000.0,402.1000061035156,89.0999984741211,1.2399978637695312,3.0838046073913574,89.0999984741211,0.0,35827.109375
08172025_26autox1.parquet,-1.25,4013.0,2145.0,30000.0,402.1000061035156,89.0999984741211,1.2399978637695312,3.0838046073913574,89.0999984741211,0.0,35827.109375
08172025_26autox1.parquet,-1.25,4525.0,452.0,0.0,88.0999984741211,105.9000015258789,1.55999755859375,17.707124710083008,92.0,0.0,9329.7900390625
08172025_26autox1.parquet,-1.24,4013.0,2145.0,30000.0,402.1000061035156,89.0999984741211,1.2399978637695312,3.0838046073913574,89.0999984741211,0.0,35827.109375
08172025_26autox1.parquet,-1.24,4591.0,452.0,0.0,88.0999984741211,105.9000015258789,1.55999755859375,17.707124710083008,92.0,0.0,9329.7900390625
08172025_26autox1.parquet,-1.23,3875.0,2145.0,30000.0,404.1000061035156,89.0,1.339996337890625,3.3160016536712646,89.0,-0.09999847412109375,35964.90234375
08172025_26autox1.parquet,-1.23,4591.0,452.0,0.0,88.0999984741211,105.9000015258789,1.55999755859375,17.707124710083008,92.0,0.0,9329.7900390625
08172025_26autox1.parquet,-1.22,3875.0,2145.0,30000.0,404.1000061035156,89.0,1.339996337890625,3.3160016536712646,89.0,0.0,35964.90234375
08172025_26autox1.parquet,-1.22,4601.0,452.0,0.0,88.0999984741211,105.9000015258789,1.55999755859375,17.707124710083008,92.0,0.0,9329.7900390625
08172025_26autox1.parquet,-1.21,4601.0,452.0,0.0,40.79999923706055,106.0999984741211,1.3600006103515625,33.333351135253906,92.0,0.1999969482421875,4328.8798828125
08172025_26autox1.parquet,-1.21,3875.0,2141.0,30000.0,404.1000061035156,89.0,1.339996337890625,3.3160016536712646,89.0,0.0,35964.90234375
08172025_26autox1.parquet,-1.2,4593.0,452.0,0.0,40.79999923706055,106.0999984741211,1.3600006103515625,33.333351135253906,92.0,0.0,4328.8798828125
08172025_26autox1.parquet,-1.2,3875.0,2141.0,30000.0,404.1000061035156,89.0,1.339996337890625,3.3160016536712646,89.0,0.0,35964.90234375
08172025_26autox1.parquet,-1.19,4593.0,452.0,0.0,40.79999923706055,106.0999984741211,1.3600006103515625,33.333351135253906,92.0,0.0,4328.8798828125
08172025_26autox1.parquet,-1.19,3875.0,2141.0,30000.0,399.3999938964844,89.70000457763672,0.6399917602539062,1.602383017539978,89.0,0.7000045776367188,35826.1796875
08172025_26autox1.parquet,-1.18,3875.0,2141.0,30000.0,399.3999938964844,89.70000457763672,0.6399917602539062,1.602383017539978,89.0,0.0,35826.1796875
08172025_26autox1.parquet,-1.18,4593.0,452.0,0.0,40.79999923706055,106.0999984741211,1.3600006103515625,33.333351135253906,92.0,0.0,4328.8798828125
08172025_26autox1.parquet,-1.17,3875.0,2141.0,30000.0,399.3999938964844,89.70000457763672,0.6399917602539062,1.602383017539978,89.0,0.0,35826.1796875
08172025_26autox1.parquet,-1.17,4573.0,452.0,0.0,29.30000114440918,106.0999984741211,1.3600006103515625,46.41640090942383,92.0,0.0,3108.72998046875
08172025_26autox1.parquet,-1.16,3791.0,2141.0,30000.0,399.3999938964844,89.70000457763672,0.6399917602539062,1.602383017539978,89.0,0.0,35826.1796875
08172025_26autox1.parquet,-1.16,4573.0,444.0,0.0,29.30000114440918,106.0999984741211,1.3600006103515625,46.41640090942383,92.0,0.0,3108.72998046875
08172025_26autox1.parquet,-1.15,3791.0,2141.0,30000.0,399.8999938964844,89.30000305175781,1.0399932861328125,2.600633382797241,89.0,-0.40000152587890625,35711.0703125
08172025_26autox1.parquet,-1.15,4573.0,444.0,0.0,29.30000114440918,106.0999984741211,1.3600006103515625,46.41640090942383,92.0,0.0,3108.72998046875
08172025_26autox1.parquet,-1.14,3779.0,2141.0,30000.0,399.8999938964844,89.30000305175781,1.0399932861328125,2.600633382797241,89.0,0.0,35711.0703125
08172025_26autox1.parquet,-1.14,4573.0,444.0,0.0,29.30000114440918,106.0999984741211,1.3600006103515625,46.41640090942383,92.30000305175781,0.0,3108.72998046875
08172025_26autox1.parquet,-1.13,3779.0,2141.0,30000.0,399.8999938964844,89.30000305175781,1.0399932861328125,2.600633382797241,89.0,0.0,35711.0703125
08172025_26autox1.parquet,-1.13,4500.0,444.0,0.0,29.30000114440918,106.0999984741211,1.3600006103515625,46.41640090942383,92.30000305175781,0.0,3108.72998046875
08172025_26autox1.parquet,-1.12,3817.0,2141.0,30000.0,399.8999938964844,89.30000305175781,1.0399932861328125,2.600633382797241,89.0,0.0,35711.0703125
08172025_26autox1.parquet,-1.12,4500.0,444.0,0.0,21.100000381469727,106.20000457763672,1.2599945068359375,59.71537780761719,92.30000305175781,0.100006103515625,2240.820068359375
08172025_26autox1.parquet,-1.11,4483.0,444.0,0.0,21.100000381469727,106.20000457763672,1.2599945068359375,59.71537780761719,92.30000305175781,0.0,2240.820068359375
08172025_26autox1.parquet,-1.11,3817.0,2146.0,30000.0,400.70001220703125,89.20000457763672,1.1399917602539062,2.8450005054473877,89.0,-0.09999847412109375,35742.44140625
08172025_26autox1.parquet,-1.1,3817.0,2146.0,30000.0,400.70001220703125,89.20000457763672,1.1399917602539062,2.8450005054473877,89.0,0.0,35742.44140625
08172025_26autox1.parquet,-1.1,4483.0,444.0,0.0,21.100000381469727,106.20000457763672,1.2599945068359375,59.71537780761719,92.70000457763672,0.0,2240.820068359375
08172025_26autox1.parquet,-1.09,4479.0,444.0,0.0,21.100000381469727,106.20000457763672,1.2599945068359375,59.71537780761719,92.70000457763672,0.0,2240.820068359375
08172025_26autox1.parquet,-1.09,3820.0,2146.0,30000.0,400.70001220703125,89.20000457763672,1.1399917602539062,2.8450005054473877,89.0,0.0,35742.44140625
08172025_26autox1.parquet,-1.08,3820.0,2146.0,30000.0,400.70001220703125,89.20000457763672,1.1399917602539062,2.8450005054473877,89.0,0.0,35742.44140625
08172025_26autox1.parquet,-1.08,4479.0,444.0,0.0,15.90000057220459,106.20000457763672,1.2599945068359375,79.24493408203125,92.70000457763672,0.0,1688.580078125
08172025_26autox1.parquet,-1.07,3861.0,2146.0,30000.0,400.6000061035156,89.0999984741211,1.2399978637695312,3.0953516960144043,89.0,-0.100006103515625,35693.4609375
08172025_26autox1.parquet,-1.07,4479.0,444.0,0.0,15.90000057220459,106.20000457763672,1.2599945068359375,79.24493408203125,92.70000457763672,0.0,1688.580078125
08172025_26autox1.parquet,-1.06,3861.0,2146.0,30000.0,400.6000061035156,89.0999984741211,1.2399978637695312,3.0953516960144043,89.0,0.0,35693.4609375
08172025_26autox1.parquet,-1.06,4473.0,580.0,1194.0,15.90000057220459,106.20000457763672,1.2599945068359375,79.24493408203125,92.70000457763672,0.0,1688.580078125
08172025_26autox1.parquet,-1.05,3810.0,2146.0,30000.0,400.6000061035156,89.0999984741211,1.2399978637695312,3.0953516960144043,89.0,0.0,35693.4609375
08172025_26autox1.parquet,-1.05,4492.0,580.0,1194.0,15.90000057220459,106.20000457763672,1.2599945068359375,79.24493408203125,93.5,0.0,1688.580078125
08172025_26autox1.parquet,-1.04,4492.0,580.0,1194.0,12.300000190734863,106.20000457763672,1.2599945068359375,102.4385757446289,93.5,0.0,1306.2601318359375
08172025_26autox1.parquet,-1.04,3810.0,2146.0,30000.0,400.6000061035156,89.0999984741211,1.2399978637695312,3.0953516960144043,89.0,0.0,35693.4609375
08172025_26autox1.parquet,-1.03,4492.0,580.0,1194.0,12.300000190734863,106.20000457763672,1.2599945068359375,102.4385757446289,93.5,0.0,1306.2601318359375
08172025_26autox1.parquet,-1.03,3810.0,2146.0,30000.0,400.6000061035156,89.0999984741211,1.2399978637695312,3.0953516960144043,89.0,0.0,35693.4609375
08172025_26autox1.parquet,-1.02,4523.0,580.0,8249.0,12.300000190734863,106.20000457763672,1.2599945068359375,102.4385757446289,93.5,0.0,1306.2601318359375
08172025_26autox1.parquet,-1.02,3810.0,2146.0,30000.0,400.6000061035156,89.0999984741211,1.2399978637695312,3.0953516960144043,89.0,0.0,35693.4609375
08172025_26autox1.parquet,-1.01,4523.0,580.0,8249.0,12.300000190734863,106.20000457763672,1.2599945068359375,102.4385757446289,96.0,0.0,1306.2601318359375
08172025_26autox1.parquet,-1.01,3863.0,2146.0,30000.0,400.6000061035156,89.0999984741211,1.2399978637695312,3.0953516960144043,89.0,0.0,35693.4609375
08172025_26autox1.parquet,-1.0,3863.0,2146.0,30000.0,400.6000061035156,89.0999984741211,1.2399978637695312,3.0953516960144043,89.0,0.0,35693.4609375
08172025_26autox1.parquet,-1.0,4590.0,580.0,8249.0,12.300000190734863,106.20000457763672,0.0399932861328125,3.2514867782592773,96.0,0.0,1306.2601318359375
08172025_26autox1.parquet,-0.99,4590.0,580.0,8249.0,12.300000190734863,106.20000457763672,0.0399932861328125,3.2514867782592773,96.0,0.0,1306.2601318359375
08172025_26autox1.parquet,-0.99,3863.0,2146.0,30000.0,400.3999938964844,89.0999984741211,1.2399978637695312,3.096897840499878,89.0,0.0,35675.640625
08172025_26autox1.parquet,-0.98,4590.0,580.0,8249.0,12.300000190734863,106.20000457763672,0.0399932861328125,3.2514867782592773,96.0,0.0,1306.2601318359375
08172025_26autox1.parquet,-0.98,3863.0,2146.0,30000.0,400.3999938964844,89.0999984741211,1.2399978637695312,3.096897840499878,89.0,0.0,35675.640625
08172025_26autox1.parquet,-0.97,4921.0,580.0,8249.0,12.300000190734863,106.20000457763672,0.0399932861328125,3.2514867782592773,100.20000457763672,0.0,1306.2601318359375
08172025_26autox1.parquet,-0.97,3941.0,2146.0,30000.0,400.3999938964844,89.0999984741211,1.2399978637695312,3.096897840499878,89.0,0.0,35675.640625
08172025_26autox1.parquet,-0.96,3941.0,2147.0,30000.0,400.3999938964844,89.0999984741211,1.2399978637695312,3.096897840499878,89.0,0.0,35675.640625
08172025_26autox1.parquet,-0.96,4921.0,580.0,8249.0,222.90000915527344,92.5999984741211,13.639999389648438,61.193355560302734,92.5999984741211,-13.600006103515625,20640.541015625
08172025_26autox1.parquet,-0.95,4772.0,580.0,8249.0,222.90000915527344,92.5999984741211,13.639999389648438,61.193355560302734,92.5999984741211,0.0,20640.541015625
08172025_26autox1.parquet,-0.95,3913.0,2147.0,30000.0,400.20001220703125,89.0,1.339996337890625,3.3483164310455322,89.0,-0.09999847412109375,35617.80078125
08172025_26autox1.parquet,-0.94,4772.0,580.0,9213.0,222.90000915527344,92.5999984741211,13.639999389648438,61.193355560302734,92.5999984741211,0.0,20640.541015625
08172025_26autox1.parquet,-0.94,3913.0,2147.0,30000.0,400.20001220703125,89.0,1.6800003051757812,4.197901725769043,89.0,0.0,35617.80078125
08172025_26autox1.parquet,-0.93,4580.0,580.0,9213.0,222.90000915527344,92.5999984741211,13.639999389648438,61.193355560302734,92.5999984741211,0.0,20640.541015625
08172025_26autox1.parquet,-0.93,3913.0,2147.0,30000.0,400.20001220703125,89.0,1.6800003051757812,4.197901725769043,89.0,0.0,35617.80078125
08172025_26autox1.parquet,-0.92,4580.0,580.0,9213.0,222.90000915527344,92.5999984741211,13.639999389648438,61.193355560302734,92.5999984741211,0.0,20640.541015625
08172025_26autox1.parquet,-0.92,3896.0,2147.0,30000.0,400.20001220703125,89.0,1.6800003051757812,4.197901725769043,89.0,0.0,35617.80078125
08172025_26autox1.parquet,-0.91,4590.0,580.0,9213.0,273.0,94.5,11.739997863769531,43.00365447998047,92.5999984741211,1.9000015258789062,25798.5
08172025_26autox1.parquet,-0.91,3896.0,2147.0,30000.0,399.8999938964844,89.0999984741211,1.5800018310546875,3.9509925842285156,89.0,0.09999847412109375,35631.08984375
08172025_26autox1.parquet,-0.9,4590.0,559.0,1424.0,273.0,94.5,11.739997863769531,43.00365447998047,92.5999984741211,0.0,25798.5
08172025_26autox1.parquet,-0.9,3985.0,2147.0,30000.0,399.8999938964844,89.0999984741211,1.5800018310546875,3.9509925842285156,89.0,0.0,35631.08984375
08172025_26autox1.parquet,-0.89,3985.0,2147.0,30000.0,399.8999938964844,89.0999984741211,1.5800018310546875,3.9509925842285156,89.0,0.0,35631.08984375
08172025_26autox1.parquet,-0.89,4601.0,559.0,1424.0,273.0,94.5,11.739997863769531,43.00365447998047,92.5999984741211,0.0,25798.5
08172025_26autox1.parquet,-0.88,4601.0,559.0,1424.0,273.0,94.5,11.739997863769531,43.00365447998047,92.5999984741211,0.0,25798.5
08172025_26autox1.parquet,-0.88,3951.0,2147.0,30000.0,399.8999938964844,89.0999984741211,1.5800018310546875,3.9509925842285156,89.0,0.0,35631.08984375
08172025_26autox1.parquet,-0.87,3951.0,2147.0,30000.0,400.8000183105469,89.0999984741211,1.5800018310546875,3.942120313644409,89.0,0.0,35711.28125
08172025_26autox1.parquet,-0.87,4601.0,559.0,1424.0,249.6999969482422,100.20000457763672,6.0399932861328125,24.189001083374023,92.5999984741211,5.700004577636719,25019.94140625
08172025_26autox1.parquet,-0.86,3991.0,2107.0,29558.0,400.8000183105469,89.0999984741211,1.5800018310546875,3.942120313644409,89.0,0.0,35711.28125
08172025_26autox1.parquet,-0.86,4511.0,559.0,0.0,249.6999969482422,100.20000457763672,6.0399932861328125,24.189001083374023,92.5999984741211,0.0,25019.94140625
08172025_26autox1.parquet,-0.85,3991.0,2107.0,29558.0,400.8000183105469,89.0999984741211,1.5800018310546875,3.942120313644409,89.0,0.0,35711.28125
08172025_26autox1.parquet,-0.85,4511.0,559.0,0.0,249.6999969482422,100.20000457763672,6.0399932861328125,24.189001083374023,92.5999984741211,0.0,25019.94140625
08172025_26autox1.parquet,-0.84,3946.0,2107.0,29558.0,400.8000183105469,89.0999984741211,1.5800018310546875,3.942120313644409,89.0,0.0,35711.28125
08172025_26autox1.parquet,-0.84,4484.0,559.0,0.0,249.6999969482422,100.20000457763672,6.0399932861328125,24.189001083374023,92.5999984741211,0.0,25019.94140625
08172025_26autox1.parquet,-0.83,4484.0,559.0,0.0,172.0,105.20000457763672,1.0399932861328125,6.046472549438477,92.5999984741211,5.0,18094.400390625
08172025_26autox1.parquet,-0.83,3946.0,2107.0,29558.0,400.8000183105469,89.0999984741211,1.5800018310546875,3.942120313644409,89.0,0.0,35711.28125
08172025_26autox1.parquet,-0.82,3953.0,2107.0,28649.0,400.8000183105469,89.0999984741211,1.5800018310546875,3.942120313644409,89.0,0.0,35711.28125
08172025_26autox1.parquet,-0.82,4460.0,559.0,0.0,172.0,105.20000457763672,1.0399932861328125,6.046472549438477,92.5999984741211,0.0,18094.400390625
08172025_26autox1.parquet,-0.81,3953.0,2107.0,28649.0,400.8000183105469,89.0999984741211,1.5800018310546875,3.942120313644409,89.0,0.0,35711.28125
08172025_26autox1.parquet,-0.81,4460.0,559.0,0.0,172.0,105.20000457763672,1.0399932861328125,6.046472549438477,92.5999984741211,0.0,18094.400390625
08172025_26autox1.parquet,-0.8,3953.0,2107.0,28649.0,400.8000183105469,89.0999984741211,1.5800018310546875,3.942120313644409,89.0,0.0,35711.28125
08172025_26autox1.parquet,-0.8,4436.0,430.0,0.0,172.0,105.20000457763672,1.0399932861328125,6.046472549438477,92.5999984741211,0.0,18094.400390625
08172025_26autox1.parquet,-0.79,4436.0,430.0,0.0,172.0,105.20000457763672,1.0399932861328125,6.046472549438477,92.5999984741211,0.0,18094.400390625
08172025_26autox1.parquet,-0.79,4024.0,2107.0,28649.0,400.8000183105469,89.0999984741211,1.5800018310546875,3.942120313644409,89.0,0.0,35711.28125
08172025_26autox1.parquet,-0.78,4418.0,430.0,0.0,172.0,105.20000457763672,1.0399932861328125,6.046472549438477,92.5999984741211,0.0,18094.400390625
08172025_26autox1.parquet,-0.78,4024.0,2107.0,28711.0,399.5,89.0999984741211,1.5800018310546875,3.9549484252929688,89.0,0.0,35595.44921875
08172025_26autox1.parquet,-0.77,3948.0,2107.0,28711.0,399.5,89.0999984741211,1.5800018310546875,3.9549484252929688,89.0,0.0,35595.44921875
08172025_26autox1.parquet,-0.77,4418.0,430.0,0.0,172.0,105.20000457763672,1.0399932861328125,6.046472549438477,92.5999984741211,0.0,18094.400390625
08172025_26autox1.parquet,-0.76,4412.0,430.0,0.0,172.0,105.20000457763672,1.0399932861328125,6.046472549438477,92.5999984741211,0.0,18094.400390625
08172025_26autox1.parquet,-0.76,3948.0,1993.0,28711.0,399.5,89.0999984741211,1.5800018310546875,3.9549484252929688,89.0,0.0,35595.44921875
08172025_26autox1.parquet,-0.75,4412.0,430.0,0.0,78.5999984741211,106.30000305175781,-0.06000518798828125,-0.763424813747406,92.5999984741211,1.0999984741210938,8355.1796875
08172025_26autox1.parquet,-0.75,4001.0,1993.0,28711.0,399.5,89.0999984741211,1.5800018310546875,3.9549484252929688,89.0,0.0,35595.44921875
08172025_26autox1.parquet,-0.74,4423.0,430.0,0.0,78.5999984741211,106.30000305175781,-0.06000518798828125,-0.763424813747406,92.5999984741211,0.0,8355.1796875
08172025_26autox1.parquet,-0.74,4001.0,1993.0,26377.0,399.8999938964844,89.20000457763672,1.339996337890625,3.3508286476135254,89.0,0.100006103515625,35671.08203125
08172025_26autox1.parquet,-0.73,4423.0,430.0,0.0,78.5999984741211,106.30000305175781,-0.06000518798828125,-0.763424813747406,92.5999984741211,0.0,8355.1796875
08172025_26autox1.parquet,-0.73,4001.0,1993.0,26377.0,399.8999938964844,89.20000457763672,1.339996337890625,3.3508286476135254,89.0,0.0,35671.08203125
08172025_26autox1.parquet,-0.72,4001.0,1993.0,26377.0,399.8999938964844,89.20000457763672,1.339996337890625,3.3508286476135254,89.0,0.0,35671.08203125
08172025_26autox1.parquet,-0.72,4456.0,430.0,0.0,78.5999984741211,106.30000305175781,-0.06000518798828125,-0.763424813747406,92.5999984741211,0.0,8355.1796875
08172025_26autox1.parquet,-0.71,3986.0,1993.0,26377.0,399.8999938964844,89.20000457763672,1.339996337890625,3.3508286476135254,89.0,0.0,35671.08203125
08172025_26autox1.parquet,-0.71,4456.0,430.0,0.0,53.60000228881836,106.30000305175781,-0.06000518798828125,-1.119499683380127,92.5999984741211,0.0,5697.68017578125
08172025_26autox1.parquet,-0.7,4456.0,431.0,0.0,53.60000228881836,106.30000305175781,-0.06000518798828125,-1.119499683380127,92.5999984741211,0.0,5697.68017578125
08172025_26autox1.parquet,-0.7,3986.0,1993.0,24851.0,398.20001220703125,89.30000305175781,1.2399978637695312,3.1140077114105225,89.0,0.09999847412109375,35559.26171875
08172025_26autox1.parquet,-0.69,3986.0,1993.0,24851.0,398.20001220703125,89.30000305175781,1.2399978637695312,3.1140077114105225,89.0,0.0,35559.26171875
08172025_26autox1.parquet,-0.69,4456.0,431.0,0.0,53.60000228881836,106.30000305175781,-0.06000518798828125,-1.119499683380127,92.5999984741211,0.0,5697.68017578125
08172025_26autox1.parquet,-0.68,4456.0,431.0,0.0,53.60000228881836,106.30000305175781,-0.06000518798828125,-1.119499683380127,92.5999984741211,0.0,5697.68017578125
08172025_26autox1.parquet,-0.68,4008.0,1993.0,24851.0,398.20001220703125,89.30000305175781,1.2399978637695312,3.1140077114105225,89.0,0.0,35559.26171875
08172025_26autox1.parquet,-0.67,4461.0,431.0,0.0,37.400001525878906,106.30000305175781,-0.06000518798828125,-1.6044167280197144,92.5999984741211,0.0,3975.620361328125
08172025_26autox1.parquet,-0.67,4008.0,1993.0,24851.0,398.20001220703125,89.30000305175781,1.2399978637695312,3.1140077114105225,89.0,0.0,35559.26171875
08172025_26autox1.parquet,-0.66,4461.0,431.0,0.0,37.400001525878906,106.30000305175781,-0.06000518798828125,-1.6044167280197144,92.5999984741211,0.0,3975.620361328125
08172025_26autox1.parquet,-0.66,3990.0,1495.0,18780.0,396.8000183105469,89.20000457763672,1.339996337890625,3.377006769180298,89.0,-0.09999847412109375,35394.5625
08172025_26autox1.parquet,-0.65,4460.0,431.0,0.0,37.400001525878906,106.30000305175781,-0.06000518798828125,-1.6044167280197144,92.5999984741211,0.0,3975.620361328125
08172025_26autox1.parquet,-0.65,3990.0,1495.0,18780.0,396.8000183105469,89.20000457763672,1.339996337890625,3.377006769180298,89.0,0.0,35394.5625
08172025_26autox1.parquet,-0.64,4042.0,1495.0,18780.0,396.8000183105469,89.20000457763672,1.339996337890625,3.377006769180298,89.0,0.0,35394.5625
08172025_26autox1.parquet,-0.64,4460.0,431.0,0.0,37.400001525878906,106.30000305175781,-0.06000518798828125,-1.6044167280197144,92.5999984741211,0.0,3975.620361328125
08172025_26autox1.parquet,-0.63,4450.0,431.0,0.0,37.400001525878906,106.30000305175781,-0.06000518798828125,-1.6044167280197144,92.5999984741211,0.0,3975.620361328125
08172025_26autox1.parquet,-0.63,4042.0,1495.0,18780.0,396.8000183105469,89.20000457763672,1.339996337890625,3.377006769180298,89.0,0.0,35394.5625
08172025_26autox1.parquet,-0.62,4080.0,1495.0,4841.0,386.3999938964844,89.9000015258789,0.6399993896484375,1.656313180923462,89.0,0.6999969482421875,34737.359375
08172025_26autox1.parquet,-0.62,4450.0,431.0,0.0,26.200000762939453,106.30000305175781,-0.06000518798828125,-2.290274143218994,92.5999984741211,0.0,2785.06005859375
08172025_26autox1.parquet,-0.61,4446.0,431.0,0.0,26.200000762939453,106.30000305175781,-0.06000518798828125,-2.290274143218994,92.5999984741211,0.0,2785.06005859375
08172025_26autox1.parquet,-0.61,4080.0,1495.0,4841.0,386.3999938964844,89.9000015258789,0.6399993896484375,1.656313180923462,89.0,0.0,34737.359375
08172025_26autox1.parquet,-0.6,4446.0,444.0,0.0,26.200000762939453,106.30000305175781,-0.06000518798828125,-2.290274143218994,92.5999984741211,0.0,2785.06005859375
08172025_26autox1.parquet,-0.6,4196.0,1495.0,4841.0,386.3999938964844,89.9000015258789,0.6399993896484375,1.656313180923462,89.0,0.0,34737.359375
08172025_26autox1.parquet,-0.59,4427.0,444.0,0.0,26.200000762939453,106.30000305175781,-0.06000518798828125,-2.290274143218994,92.5999984741211,0.0,2785.06005859375
08172025_26autox1.parquet,-0.59,4196.0,1495.0,4841.0,386.3999938964844,89.9000015258789,0.6399993896484375,1.656313180923462,89.0,0.0,34737.359375
08172025_26autox1.parquet,-0.58,4427.0,444.0,0.0,18.899999618530273,106.30000305175781,-0.06000518798828125,-3.174877643585205,92.5999984741211,0.0,2009.070068359375
08172025_26autox1.parquet,-0.58,4138.0,1495.0,0.0,386.3999938964844,89.9000015258789,0.6399993896484375,1.656313180923462,89.0,0.0,34737.359375
08172025_26autox1.parquet,-0.57,4427.0,444.0,0.0,18.899999618530273,106.30000305175781,-0.06000518798828125,-3.174877643585205,92.5999984741211,0.0,2009.070068359375
08172025_26autox1.parquet,-0.57,4138.0,1495.0,0.0,354.8999938964844,93.5,-2.9599990844726562,-8.340375900268555,89.0,3.5999984741210938,33183.1484375
08172025_26autox1.parquet,-0.56,4402.0,444.0,0.0,18.899999618530273,106.30000305175781,-0.06000518798828125,-3.174877643585205,92.5999984741211,0.0,2009.070068359375
08172025_26autox1.parquet,-0.56,3919.0,438.0,0.0,354.8999938964844,93.5,-2.9599990844726562,-8.340375900268555,89.0,0.0,33183.1484375
08172025_26autox1.parquet,-0.55,4402.0,444.0,0.0,18.899999618530273,106.30000305175781,-0.06000518798828125,-3.174877643585205,92.5999984741211,0.0,2009.070068359375
08172025_26autox1.parquet,-0.55,3919.0,438.0,0.0,354.8999938964844,93.5,-2.9599990844726562,-8.340375900268555,89.0,0.0,33183.1484375
08172025_26autox1.parquet,-0.54,4365.0,444.0,0.0,14.699999809265137,106.4000015258789,-0.160003662109375,-10.884602546691895,92.5999984741211,0.09999847412109375,1564.0799560546875
08172025_26autox1.parquet,-0.54,3805.0,438.0,0.0,354.8999938964844,93.5,-2.9599990844726562,-8.340375900268555,89.0,0.0,33183.1484375
08172025_26autox1.parquet,-0.53,4365.0,444.0,0.0,14.699999809265137,106.4000015258789,-0.160003662109375,-10.884602546691895,92.5999984741211,0.0,1564.0799560546875
08172025_26autox1.parquet,-0.53,3805.0,438.0,0.0,354.8999938964844,93.5,-2.9599990844726562,-8.340375900268555,89.0,0.0,33183.1484375
08172025_26autox1.parquet,-0.52,3767.0,438.0,0.0,354.8999938964844,93.5,-2.9599990844726562,-8.340375900268555,89.0,0.0,33183.1484375
08172025_26autox1.parquet,-0.52,4322.0,444.0,0.0,14.699999809265137,106.4000015258789,-0.160003662109375,-10.884602546691895,92.5999984741211,0.0,1564.0799560546875
08172025_26autox1.parquet,-0.51,3767.0,438.0,0.0,354.8999938964844,93.5,-2.9599990844726562,-8.340375900268555,89.0,0.0,33183.1484375
08172025_26autox1.parquet,-0.51,4322.0,444.0,0.0,14.699999809265137,106.4000015258789,-0.160003662109375,-10.884602546691895,92.5999984741211,0.0,1564.0799560546875
08172025_26autox1.parquet,-0.5,3751.0,438.0,0.0,354.8999938964844,93.5,-2.9599990844726562,-8.340375900268555,89.0,0.0,33183.1484375
08172025_26autox1.parquet,-0.5,4280.0,438.0,0.0,14.699999809265137,106.4000015258789,-0.160003662109375,-10.884602546691895,92.5999984741211,0.0,1564.0799560546875
08172025_26autox1.parquet,-0.49,3751.0,438.0,0.0,160.90000915527344,102.5999984741211,-12.05999755859375,-74.953369140625,89.0,9.099998474121094,16508.33984375
08172025_26autox1.parquet,-0.49,4280.0,438.0,0.0,14.699999809265137,106.4000015258789,-0.160003662109375,-10.884602546691895,92.5999984741211,0.0,1564.0799560546875
08172025_26autox1.parquet,-0.48,3751.0,438.0,0.0,160.90000915527344,102.5999984741211,-12.05999755859375,-74.953369140625,89.0,0.0,16508.33984375
08172025_26autox1.parquet,-0.48,4236.0,438.0,0.0,14.699999809265137,106.4000015258789,-0.160003662109375,-10.884602546691895,92.5999984741211,0.0,1564.0799560546875
08172025_26autox1.parquet,-0.47,3772.0,438.0,0.0,160.90000915527344,102.5999984741211,-12.05999755859375,-74.953369140625,89.0,0.0,16508.33984375
08172025_26autox1.parquet,-0.47,4236.0,438.0,0.0,14.699999809265137,106.4000015258789,-0.160003662109375,-10.884602546691895,92.5999984741211,0.0,1564.0799560546875
08172025_26autox1.parquet,-0.46,4212.0,438.0,0.0,9.699999809265137,106.4000015258789,-0.160003662109375,-16.495223999023438,92.5999984741211,0.0,1032.0799560546875
08172025_26autox1.parquet,-0.46,3772.0,451.0,0.0,160.90000915527344,102.5999984741211,-12.05999755859375,-74.953369140625,89.0,0.0,16508.33984375
08172025_26autox1.parquet,-0.45,3820.0,451.0,0.0,108.20000457763672,102.9000015258789,-12.360000610351562,-114.23290252685547,89.0,0.3000030517578125,11133.7802734375
08172025_26autox1.parquet,-0.45,4212.0,438.0,0.0,9.699999809265137,106.4000015258789,-0.160003662109375,-16.495223999023438,92.5999984741211,0.0,1032.0799560546875
08172025_26autox1.parquet,-0.44,4199.0,438.0,0.0,9.699999809265137,106.4000015258789,-0.160003662109375,-16.495223999023438,92.5999984741211,0.0,1032.0799560546875
08172025_26autox1.parquet,-0.44,3820.0,451.0,0.0,108.20000457763672,102.9000015258789,-12.360000610351562,-114.23290252685547,89.0,0.0,11133.7802734375
08172025_26autox1.parquet,-0.43,4199.0,438.0,0.0,9.699999809265137,106.4000015258789,-0.160003662109375,-16.495223999023438,92.5999984741211,0.0,1032.0799560546875
08172025_26autox1.parquet,-0.43,3820.0,451.0,0.0,108.20000457763672,102.9000015258789,-12.360000610351562,-114.23290252685547,89.0,0.0,11133.7802734375
08172025_26autox1.parquet,-0.42,4199.0,438.0,0.0,8.199999809265137,106.4000015258789,-0.160003662109375,-19.51264190673828,94.5,0.0,872.47998046875
08172025_26autox1.parquet,-0.42,3820.0,451.0,39.0,108.20000457763672,102.9000015258789,-12.360000610351562,-114.23290252685547,89.0999984741211,0.0,11133.7802734375
08172025_26autox1.parquet,-0.41,4190.0,438.0,0.0,8.199999809265137,106.4000015258789,-0.160003662109375,-19.51264190673828,94.5,0.0,872.47998046875
08172025_26autox1.parquet,-0.41,3802.0,451.0,39.0,73.70000457763672,102.9000015258789,-12.360000610351562,-167.70692443847656,89.0999984741211,0.0,7583.73046875
08172025_26autox1.parquet,-0.4,4190.0,457.0,0.0,8.199999809265137,106.4000015258789,-0.160003662109375,-19.51264190673828,94.5,0.0,872.47998046875
08172025_26autox1.parquet,-0.4,3802.0,451.0,39.0,73.70000457763672,102.9000015258789,-12.360000610351562,-167.70692443847656,89.0999984741211,0.0,7583.73046875
08172025_26autox1.parquet,-0.39,4190.0,457.0,0.0,8.199999809265137,106.4000015258789,-0.160003662109375,-19.51264190673828,94.5,0.0,872.47998046875
08172025_26autox1.parquet,-0.39,3766.0,451.0,39.0,73.70000457763672,102.9000015258789,-12.360000610351562,-167.70692443847656,89.0999984741211,0.0,7583.73046875
08172025_26autox1.parquet,-0.38,4190.0,457.0,0.0,7.200000286102295,106.5,-0.26000213623046875,-36.11140823364258,100.20000457763672,0.09999847412109375,766.800048828125
08172025_26autox1.parquet,-0.38,3766.0,451.0,0.0,73.70000457763672,102.9000015258789,-12.360000610351562,-167.70692443847656,89.0999984741211,0.0,7583.73046875
08172025_26autox1.parquet,-0.37,4160.0,457.0,0.0,7.200000286102295,106.5,-0.26000213623046875,-36.11140823364258,100.20000457763672,0.0,766.800048828125
08172025_26autox1.parquet,-0.37,3732.0,451.0,0.0,50.900001525878906,102.9000015258789,-12.360000610351562,-242.82908630371094,89.0999984741211,0.0,5237.6103515625
08172025_26autox1.parquet,-0.36,4160.0,457.0,0.0,7.200000286102295,106.5,-0.26000213623046875,-36.11140823364258,100.20000457763672,0.0,766.800048828125
08172025_26autox1.parquet,-0.36,3732.0,452.0,0.0,50.900001525878906,102.9000015258789,-12.360000610351562,-242.82908630371094,89.0999984741211,0.0,5237.6103515625
08172025_26autox1.parquet,-0.35,3732.0,452.0,0.0,50.900001525878906,102.9000015258789,-12.360000610351562,-242.82908630371094,89.0999984741211,0.0,5237.6103515625
08172025_26autox1.parquet,-0.35,4139.0,457.0,0.0,7.200000286102295,106.5,-0.26000213623046875,-36.11140823364258,100.20000457763672,0.0,766.800048828125
08172025_26autox1.parquet,-0.34,3675.0,452.0,0.0,50.900001525878906,102.9000015258789,-0.42000579833984375,-8.2515869140625,89.0999984741211,0.0,5237.6103515625
08172025_26autox1.parquet,-0.34,4139.0,457.0,0.0,7.200000286102295,106.5,-0.26000213623046875,-36.11140823364258,105.20000457763672,0.0,766.800048828125
08172025_26autox1.parquet,-0.33,4120.0,457.0,0.0,6.700000286102295,106.5,-0.26000213623046875,-38.8062858581543,105.20000457763672,0.0,713.550048828125
08172025_26autox1.parquet,-0.33,3675.0,452.0,0.0,50.900001525878906,102.9000015258789,-0.42000579833984375,-8.2515869140625,89.0999984741211,0.0,5237.6103515625
08172025_26autox1.parquet,-0.32,4120.0,457.0,0.0,6.700000286102295,106.5,-0.26000213623046875,-38.8062858581543,105.20000457763672,0.0,713.550048828125
08172025_26autox1.parquet,-0.32,3563.0,452.0,0.0,35.10000228881836,103.0,-0.5200042724609375,-14.814935684204102,89.0999984741211,0.09999847412109375,3615.30029296875
08172025_26autox1.parquet,-0.31,4086.0,457.0,0.0,6.700000286102295,106.5,-0.26000213623046875,-38.8062858581543,105.20000457763672,0.0,713.550048828125
08172025_26autox1.parquet,-0.31,3563.0,452.0,0.0,35.10000228881836,103.0,-0.5200042724609375,-14.814935684204102,89.0999984741211,0.0,3615.30029296875
08172025_26autox1.parquet,-0.3,4086.0,459.0,0.0,6.700000286102295,106.5,-0.26000213623046875,-38.8062858581543,105.20000457763672,0.0,713.550048828125
08172025_26autox1.parquet,-0.3,3440.0,452.0,0.0,35.10000228881836,103.0,-0.5200042724609375,-14.814935684204102,89.0999984741211,0.0,3615.30029296875
08172025_26autox1.parquet,-0.29,4086.0,459.0,0.0,6.700000286102295,106.5,-0.26000213623046875,-38.8062858581543,105.20000457763672,0.0,713.550048828125
08172025_26autox1.parquet,-0.29,3440.0,452.0,0.0,35.10000228881836,103.0,-0.5200042724609375,-14.814935684204102,89.0999984741211,0.0,3615.30029296875
08172025_26autox1.parquet,-0.28,4086.0,459.0,0.0,6.700000286102295,106.5,-0.26000213623046875,-38.8062858581543,105.20000457763672,0.0,713.550048828125
08172025_26autox1.parquet,-0.28,3297.0,452.0,0.0,25.399999618530273,103.0,-0.5200042724609375,-20.472610473632812,89.0999984741211,0.0,2616.199951171875
08172025_26autox1.parquet,-0.27,3963.0,459.0,0.0,6.700000286102295,106.5,-0.26000213623046875,-38.8062858581543,105.20000457763672,0.0,713.550048828125
08172025_26autox1.parquet,-0.27,3297.0,452.0,0.0,25.399999618530273,103.0,-0.5200042724609375,-20.472610473632812,89.0999984741211,0.0,2616.199951171875
08172025_26autox1.parquet,-0.26,3108.0,446.0,0.0,25.399999618530273,103.0,-0.5200042724609375,-20.472610473632812,89.0999984741211,0.0,2616.199951171875
08172025_26autox1.parquet,-0.26,3963.0,459.0,0.0,6.700000286102295,106.5,-0.26000213623046875,-38.8062858581543,106.30000305175781,0.0,713.550048828125
08172025_26autox1.parquet,-0.25,3108.0,446.0,0.0,25.399999618530273,103.0,-0.5200042724609375,-20.472610473632812,89.20000457763672,0.0,2616.199951171875
08172025_26autox1.parquet,-0.25,3963.0,459.0,0.0,6.400000095367432,106.5,-0.26000213623046875,-40.625335693359375,106.30000305175781,0.0,681.6000366210938
08172025_26autox1.parquet,-0.24,3038.0,446.0,0.0,18.80000114440918,103.0999984741211,-0.6200027465820312,-32.97886657714844,89.20000457763672,0.09999847412109375,1938.280029296875
08172025_26autox1.parquet,-0.24,3932.0,459.0,0.0,6.400000095367432,106.5,-0.26000213623046875,-40.625335693359375,106.30000305175781,0.0,681.6000366210938
08172025_26autox1.parquet,-0.23,3038.0,446.0,0.0,18.80000114440918,103.0999984741211,-0.6200027465820312,-32.97886657714844,89.20000457763672,0.0,1938.280029296875
08172025_26autox1.parquet,-0.23,3932.0,459.0,0.0,6.400000095367432,106.5,-0.26000213623046875,-40.625335693359375,106.30000305175781,0.0,681.6000366210938
08172025_26autox1.parquet,-0.22,2471.0,446.0,0.0,18.80000114440918,103.0999984741211,-0.6200027465820312,-32.97886657714844,89.20000457763672,0.0,1938.280029296875
08172025_26autox1.parquet,-0.22,3918.0,459.0,0.0,6.400000095367432,106.5,-0.26000213623046875,-40.625335693359375,106.30000305175781,0.0,681.6000366210938
08172025_26autox1.parquet,-0.21,2471.0,445.0,0.0,18.80000114440918,103.0999984741211,-0.6200027465820312,-32.97886657714844,89.20000457763672,0.0,1938.280029296875
08172025_26autox1.parquet,-0.21,3918.0,459.0,0.0,6.099999904632568,106.5999984741211,-0.3600006103515625,-59.01649475097656,106.30000305175781,0.09999847412109375,650.260009765625
08172025_26autox1.parquet,-0.2,3479.0,456.0,0.0,6.099999904632568,106.5999984741211,-0.3600006103515625,-59.01649475097656,106.30000305175781,0.0,650.260009765625
08172025_26autox1.parquet,-0.2,2500.0,445.0,0.0,11.0,103.20000457763672,-0.7200088500976562,-65.4553451538086,89.20000457763672,0.100006103515625,1135.2000732421875
08172025_26autox1.parquet,-0.19,2500.0,445.0,0.0,11.0,103.20000457763672,-0.7200088500976562,-65.4553451538086,89.20000457763672,0.0,1135.2000732421875
08172025_26autox1.parquet,-0.19,3479.0,456.0,0.0,6.099999904632568,106.5999984741211,-0.3600006103515625,-59.01649475097656,106.30000305175781,0.0,650.260009765625
08172025_26autox1.parquet,-0.18,2500.0,445.0,0.0,11.0,103.20000457763672,-0.7200088500976562,-65.4553451538086,89.20000457763672,0.0,1135.2000732421875
08172025_26autox1.parquet,-0.18,3301.0,456.0,0.0,6.099999904632568,106.5999984741211,-0.3600006103515625,-59.01649475097656,106.30000305175781,0.0,650.260009765625
08172025_26autox1.parquet,-0.17,2500.0,445.0,0.0,11.0,103.20000457763672,-0.7200088500976562,-65.4553451538086,89.20000457763672,0.0,1135.2000732421875
08172025_26autox1.parquet,-0.17,3301.0,456.0,0.0,6.099999904632568,106.5999984741211,-0.3600006103515625,-59.01649475097656,106.30000305175781,0.0,650.260009765625
08172025_26autox1.parquet,-0.16,3301.0,456.0,0.0,6.5,106.5999984741211,-0.3600006103515625,-55.38471221923828,106.30000305175781,0.0,692.8999633789062
08172025_26autox1.parquet,-0.16,2533.0,445.0,0.0,8.699999809265137,103.20000457763672,-0.7200088500976562,-82.7596435546875,89.20000457763672,0.0,897.8400268554688
08172025_26autox1.parquet,-0.15,2533.0,445.0,0.0,8.699999809265137,103.20000457763672,-0.7200088500976562,-82.7596435546875,89.20000457763672,0.0,897.8400268554688
08172025_26autox1.parquet,-0.15,3138.0,456.0,0.0,6.5,106.5999984741211,-0.3600006103515625,-55.38471221923828,106.30000305175781,0.0,692.8999633789062
08172025_26autox1.parquet,-0.14,2533.0,445.0,0.0,8.699999809265137,103.20000457763672,-0.7200088500976562,-82.7596435546875,89.20000457763672,0.0,897.8400268554688
08172025_26autox1.parquet,-0.14,3138.0,478.0,0.0,6.5,106.5999984741211,-0.3600006103515625,-55.38471221923828,106.30000305175781,0.0,692.8999633789062
08172025_26autox1.parquet,-0.13,2499.0,445.0,0.0,8.699999809265137,103.20000457763672,-0.7200088500976562,-82.7596435546875,89.9000015258789,0.0,897.8400268554688
08172025_26autox1.parquet,-0.13,3138.0,478.0,0.0,6.5,106.5999984741211,-0.3600006103515625,-55.38471221923828,106.30000305175781,0.0,692.8999633789062
08172025_26autox1.parquet,-0.12,2499.0,445.0,0.0,7.5,103.20000457763672,-0.7200088500976562,-96.00117492675781,89.9000015258789,0.0,774.0000610351562
08172025_26autox1.parquet,-0.12,3138.0,478.0,0.0,3.200000047683716,106.9000015258789,-0.660003662109375,-206.2511444091797,106.30000305175781,0.3000030517578125,342.08001708984375
08172025_26autox1.parquet,-0.11,2486.0,680.0,3116.0,7.5,103.20000457763672,-0.7200088500976562,-96.00117492675781,89.9000015258789,0.0,774.0000610351562
08172025_26autox1.parquet,-0.11,3737.0,478.0,0.0,3.200000047683716,106.9000015258789,-0.660003662109375,-206.2511444091797,106.30000305175781,0.0,342.08001708984375
08172025_26autox1.parquet,-0.1,3737.0,478.0,779.0,3.200000047683716,106.9000015258789,-0.660003662109375,-206.2511444091797,106.30000305175781,0.0,342.08001708984375
08172025_26autox1.parquet,-0.1,2486.0,680.0,3116.0,7.5,103.20000457763672,-0.7200088500976562,-96.00117492675781,89.9000015258789,0.0,774.0000610351562
08172025_26autox1.parquet,-0.09,3767.0,478.0,779.0,3.200000047683716,106.9000015258789,-0.660003662109375,-206.2511444091797,106.30000305175781,0.0,342.08001708984375
08172025_26autox1.parquet,-0.09,2486.0,680.0,3116.0,7.5,103.20000457763672,-0.7200088500976562,-96.00117492675781,89.9000015258789,0.0,774.0000610351562
08172025_26autox1.parquet,-0.08,2486.0,680.0,3116.0,7.5,103.20000457763672,-0.7200088500976562,-96.00117492675781,93.5,0.0,774.0000610351562
08172025_26autox1.parquet,-0.08,3767.0,478.0,779.0,4.5,106.5999984741211,-0.3600006103515625,-80.00012969970703,106.30000305175781,-0.3000030517578125,479.6999816894531
08172025_26autox1.parquet,-0.07,3710.0,478.0,779.0,4.5,106.5999984741211,-0.3600006103515625,-80.00012969970703,106.30000305175781,0.0,479.6999816894531
08172025_26autox1.parquet,-0.07,2323.0,680.0,4482.0,7.5,103.20000457763672,-0.7200088500976562,-96.00117492675781,93.5,0.0,774.0000610351562
08172025_26autox1.parquet,-0.06,3710.0,478.0,3237.0,4.5,106.5999984741211,-0.3600006103515625,-80.00012969970703,106.30000305175781,0.0,479.6999816894531
08172025_26autox1.parquet,-0.06,2323.0,680.0,4482.0,7.5,103.20000457763672,-0.7200088500976562,-96.00117492675781,93.5,0.0,774.0000610351562
08172025_26autox1.parquet,-0.05,3567.0,478.0,3237.0,4.5,106.5999984741211,-0.3600006103515625,-80.00012969970703,106.4000015258789,0.0,479.6999816894531
08172025_26autox1.parquet,-0.05,2561.0,680.0,4482.0,7.5,103.20000457763672,-0.7200088500976562,-96.00117492675781,93.5,0.0,774.0000610351562
08172025_26autox1.parquet,-0.04,3567.0,701.0,3237.0,15.90000057220459,105.4000015258789,0.839996337890625,52.8299560546875,105.4000015258789,-1.1999969482421875,1675.860107421875
08172025_26autox1.parquet,-0.04,2561.0,680.0,4482.0,23.600000381469727,101.5999984741211,0.8799972534179688,37.28801727294922,93.5,-1.600006103515625,2397.760009765625
08172025_26autox1.parquet,-0.03,3560.0,701.0,3237.0,15.90000057220459,105.4000015258789,0.839996337890625,52.8299560546875,105.4000015258789,0.0,1675.860107421875
08172025_26autox1.parquet,-0.03,2561.0,680.0,5023.0,23.600000381469727,101.5999984741211,0.8799972534179688,37.28801727294922,93.5,0.0,2397.760009765625
08172025_26autox1.parquet,-0.02,2796.0,680.0,5023.0,23.600000381469727,101.5999984741211,0.8799972534179688,37.28801727294922,93.5,0.0,2397.760009765625
08172025_26autox1.parquet,-0.02,3560.0,701.0,3086.0,15.90000057220459,105.4000015258789,0.839996337890625,52.8299560546875,105.4000015258789,0.0,1675.860107421875
08172025_26autox1.parquet,-0.01,2796.0,774.0,5023.0,23.600000381469727,101.5999984741211,0.8799972534179688,37.28801727294922,93.5,0.0,2397.760009765625
08172025_26autox1.parquet,-0.01,3560.0,701.0,3086.0,15.90000057220459,105.4000015258789,0.839996337890625,52.8299560546875,105.4000015258789,0.0,1675.860107421875
fixed_wheels_nathaniel_inv_test_w_fault.parquet,-5.0,185.0,427.0,2479.0,5.5,112.30000000000001,0.13999999999998636,25.454545454542973,112.2,0.0,617.6500000000001
fixed_wheels_nathaniel_inv_test_w_fault.parquet,-4.99,185.0,427.0,2479.0,5.5,112.30000000000001,0.13999999999998636,25.454545454542973,112.2,0.0,617.6500000000001
fixed_wheels_nathaniel_inv_test_w_fault.parquet,-4.98,249.0,836.0,6289.0,6.1000000000000005,112.2,0.23999999999999488,39.34426229508112,112.2,-0.10000000000000853,684.4200000000001
fixed_wheels_nathaniel_inv_test_w_fault.parquet,-4.97,249.0,836.0,6289.0,6.1000000000000005,112.2,0.23999999999999488,39.34426229508112,112.2,0.0,684.4200000000001
fixed_wheels_nathaniel_inv_test_w_fault.parquet,-4.96,315.0,836.0,6289.0,6.1000000000000005,112.2,0.23999999999999488,39.34426229508112,112.2,0.0,684.4200000000001
fixed_wheels_nathaniel_inv_test_w_fault.parquet,-4.95,315.0,836.0,6289.0,6.1000000000000005,112.2,0.23999999999999488,39.34426229508112,112.2,0.0,684.4200000000001
fixed_wheels_nathaniel_inv_test_w_fault.parquet,-4.94,435.0,836.0,11144.0,11.0,111.80000000000001,0.6399999999999864,58.181818181816936,111.80000000000001,-0.3999999999999915,1229.8000000000002
fixed_wheels_nathaniel_inv_test_w_fault.parquet,-4.93,435.0,836.0,11144.0,11.0,111.80000000000001,0.6399999999999864,58.181818181816936,111.80000000000001,0.0,1229.8000000000002
fixed_wheels_nathaniel_inv_test_w_fault.parquet,-4.92,691.0,836.0,11144.0,11.0,111.80000000000001,0.6399999999999864,58.181818181816936,111.80000000000001,0.0,1229.8000000000002
fixed_wheels_nathaniel_inv_test_w_fault.parquet,-4.91,691.0,836.0,11144.0,11.0,111.80000000000001,0.6399999999999864,58.181818181816936,111.80000000000001,0.0,1229.8000000000002
fixed_wheels_nathaniel_inv_test_w_fault.parquet,-4.9,691.0,836.0,16170.0,26.900000000000002,110.4,2.039999999999992,75.8364312267655,110.4,-1.4000000000000057,2969.76
fixed_wheels_nathaniel_inv_test_w_fault.parquet,-4.89,907.0,836.0,16170.0,26.900000000000002,110.4,2.039999999999992,75.8364312267655,110.4,0.0,2969.76
fixed_wheels_nathaniel_inv_test_w_fault.parquet,-4.88,907.0,1502.0,16170.0,26.900000000000002,110.4,2.039999999999992,75.8364312267655,110.4,0.0,2969.76
fixed_wheels_nathaniel_inv_test_w_fault.parquet,-4.87,1305.0,1502.0,16170.0,26.900000000000002,110.4,2.039999999999992,75.8364312267655,110.4,0.0,2969.76
fixed_wheels_nathaniel_inv_test_w_fault.parquet,-4.86,1305.0,1502.0,21367.0,66.0,107.5,4.450000000000003,67.42424242424246,107.5,-2.9000000000000057,7095.0
fixed_wheels_nathaniel_inv_test_w_fault.parquet,-4.85,1654.0,1502.0,21367.0,66.0,107.5,4.450000000000003,67.42424242424246,107.5,0.0,7095.0
fixed_wheels_nathaniel_inv_test_w_fault.parquet,-4.84,1654.0,1502.0,21367.0,66.0,107.5,4.450000000000003,67.42424242424246,107.5,0.0,7095.0
fixed_wheels_nathaniel_inv_test_w_fault.parquet,-4.83,2183.0,1502.0,21367.0,66.0,107.5,4.450000000000003,67.42424242424246,107.5,0.0,7095.0
fixed_wheels_nathaniel_inv_test_w_fault.parquet,-4.82,2183.0,1502.0,24776.0,147.20000000000002,101.7,10.25,69.63315217391305,101.7,-5.799999999999997,14970.240000000002
fixed_wheels_nathaniel_inv_test_w_fault.parquet,-4.81,2645.0,1502.0,24776.0,147.20000000000002,101.7,10.25,69.63315217391305,101.7,0.0,14970.240000000002
fixed_wheels_nathaniel_inv_test_w_fault.parquet,-4.8,2645.0,1502.0,24776.0,147.20000000000002,101.7,10.25,69.63315217391305,101.7,0.0,14970.240000000002
fixed_wheels_nathaniel_inv_test_w_fault.parquet,-4.79,2645.0,1502.0,24776.0,147.20000000000002,101.7,10.25,69.63315217391305,101.7,0.0,14970.240000000002
fixed_wheels_nathaniel_inv_test_w_fault.parquet,-4.78,3271.0,1906.0,26153.0,278.1,92.7,19.25,69.21970514203524,92.7,-9.0,25779.870000000003
fixed_wheels_nathaniel_inv_test_w_fault.parquet,-4.77,3735.0,1906.0,26153.0,278.1,92.7,19.25,69.21970514203524,92.7,0.0,25779.870000000003
fixed_wheels_nathaniel_inv_test_w_fault.parquet,-4.76,3735.0,1906.0,26153.0,278.1,92.7,19.25,69.21970514203524,92.7,0.0,25779.870000000003
fixed_wheels_nathaniel_inv_test_w_fault.parquet,-4.75,3735.0,1906.0,26153.0,278.1,92.7,19.25,69.21970514203524,92.7,0.0,25779.870000000003
fixed_wheels_nathaniel_inv_test_w_fault.parquet,-4.74,4296.0,1906.0,26598.0,415.20000000000005,87.60000000000001,24.349999999999994,58.64643545279381,87.60000000000001,-5.099999999999994,36371.520000000004
fixed_wheels_nathaniel_inv_test_w_fault.parquet,-4.73,4296.0,1906.0,26598.0,415.20000000000005,87.60000000000001,24.349999999999994,58.64643545279381,87.60000000000001,0.0,36371.520000000004
fixed_wheels_nathaniel_inv_test_w_fault.parquet,-4.72,4696.0,1906.0,26598.0,415.20000000000005,87.60000000000001,24.349999999999994,58.64643545279381,87.60000000000001,0.0,36371.520000000004
fixed_wheels_nathaniel_inv_test_w_fault.parquet,-4.71,4696.0,1906.0,26598.0,415.20000000000005,87.60000000000001,24.349999999999994,58.64643545279381,87.60000000000001,0.0,36371.520000000004
fixed_wheels_nathaniel_inv_test_w_fault.parquet,-4.7,5219.0,1906.0,26598.0,531.1,84.4,27.549999999999997,51.87347015627941,84.4,-3.200000000000003,44824.840000000004
fixed_wheels_nathaniel_inv_test_w_fault.parquet,-4.69,5219.0,1906.0,26598.0,531.1,84.4,27.549999999999997,51.87347015627941,84.4,0.0,44824.840000000004
fixed_wheels_nathaniel_inv_test_w_fault.parquet,-4.68,5641.0,1923.0,26598.0,531.1,84.4,27.549999999999997,51.87347015627941,84.4,0.0,44824.840000000004
fixed_wheels_nathaniel_inv_test_w_fault.parquet,-4.67,5641.0,1923.0,26598.0,531.1,84.4,27.549999999999997,51.87347015627941,84.4,0.0,44824.840000000004
fixed_wheels_nathaniel_inv_test_w_fault.parquet,-4.66,6020.0,1923.0,26330.0,531.1,84.4,8.509999999999991,16.023347768781758,84.4,0.0,44824.840000000004
fixed_wheels_nathaniel_inv_test_w_fault.parquet,-4.65,6020.0,1923.0,26330.0,599.9,87.0,5.909999999999997,9.85164194032338,84.4,2.5999999999999943,52191.299999999996
fixed_wheels_nathaniel_inv_test_w_fault.parquet,-4.64,6301.0,1923.0,26330.0,599.9,87.0,5.909999999999997,9.85164194032338,84.4,0.0,52191.299999999996
fixed_wheels_nathaniel_inv_test_w_fault.parquet,-4.63,6301.0,1923.0,26330.0,599.9,87.0,5.909999999999997,9.85164194032338,84.4,0.0,52191.299999999996
fixed_wheels_nathaniel_inv_test_w_fault.parquet,-4.62,6301.0,1923.0,25805.0,599.9,87.0,5.909999999999997,9.85164194032338,84.4,0.0,52191.299999999996
fixed_wheels_nathaniel_inv_test_w_fault.parquet,-4.61,6593.0,1923.0,25805.0,592.8000000000001,92.30000000000001,0.6099999999999852,1.0290148448042933,84.4,5.300000000000011,54715.44000000001
fixed_wheels_nathaniel_inv_test_w_fault.parquet,-4.6,6593.0,1923.0,25805.0,592.8000000000001,92.30000000000001,0.6099999999999852,1.0290148448042933,84.4,0.0,54715.44000000001
fixed_wheels_nathaniel_inv_test_w_fault.parquet,-4.59,6833.0,1923.0,25805.0,592.8000000000001,92.30000000000001,0.6099999999999852,1.0290148448042933,84.4,0.0,54715.44000000001
fixed_wheels_nathaniel_inv_test_w_fault.parquet,-4.58,6833.0,1830.0,24875.0,592.8000000000001,92.30000000000001,0.6099999999999852,1.0290148448042933,84.4,0.0,54715.44000000001
fixed_wheels_nathaniel_inv_test_w_fault.parquet,-4.57,7052.0,1830.0,24875.0,600.0,90.30000000000001,2.609999999999985,4.349999999999976,84.4,-2.0,54180.00000000001
fixed_wheels_nathaniel_inv_test_w_fault.parquet,-4.56,7052.0,1830.0,24875.0,600.0,90.30000000000001,2.609999999999985,4.349999999999976,84.4,0.0,54180.00000000001
fixed_wheels_nathaniel_inv_test_w_fault.parquet,-4.55,7306.0,1830.0,24875.0,600.0,90.30000000000001,2.609999999999985,4.349999999999976,84.4,0.0,54180.00000000001
fixed_wheels_nathaniel_inv_test_w_fault.parquet,-4.54,7306.0,1830.0,23664.0,600.0,90.30000000000001,2.609999999999985,4.349999999999976,84.4,0.0,54180.00000000001
fixed_wheels_nathaniel_inv_test_w_fault.parquet,-4.53,7413.0,1830.0,23664.0,536.4,100.10000000000001,-7.190000000000012,-13.404175988068628,84.4,9.799999999999997,53693.64
fixed_wheels_nathaniel_inv_test_w_fault.parquet,-4.52,7413.0,1830.0,23664.0,536.4,100.10000000000001,-7.190000000000012,-13.404175988068628,84.4,0.0,53693.64
fixed_wheels_nathaniel_inv_test_w_fault.parquet,-4.51,7443.0,1830.0,23664.0,536.4,100.10000000000001,-7.190000000000012,-13.404175988068628,84.4,0.0,53693.64
fixed_wheels_nathaniel_inv_test_w_fault.parquet,-4.5,7443.0,1830.0,22523.0,536.4,100.10000000000001,-7.190000000000012,-13.404175988068628,84.4,0.0,53693.64
fixed_wheels_nathaniel_inv_test_w_fault.parquet,-4.49,7425.0,1830.0,22523.0,393.3,109.5,-16.590000000000003,-42.181540808543105,84.4,9.399999999999991,43066.35
fixed_wheels_nathaniel_inv_test_w_fault.parquet,-4.48,7425.0,1672.0,22523.0,393.3,109.5,-16.590000000000003,-42.181540808543105,84.4,0.0,43066.35
fixed_wheels_nathaniel_inv_test_w_fault.parquet,-4.47,7388.0,1672.0,22523.0,393.3,109.5,-16.590000000000003,-42.181540808543105,84.4,0.0,43066.35
fixed_wheels_nathaniel_inv_test_w_fault.parquet,-4.46,7388.0,1672.0,21254.0,393.3,109.5,-16.179999999999993,-41.139079583015494,84.4,0.0,43066.35
fixed_wheels_nathaniel_inv_test_w_fault.parquet,-4.45,7385.0,1672.0,21254.0,281.7,111.0,-17.679999999999993,-62.761803336883176,84.4,1.5,31268.699999999997
fixed_wheels_nathaniel_inv_test_w_fault.parquet,-4.44,7385.0,1672.0,21254.0,281.7,111.0,-17.679999999999993,-62.761803336883176,84.4,0.0,31268.699999999997
fixed_wheels_nathaniel_inv_test_w_fault.parquet,-4.43,7385.0,1672.0,21254.0,281.7,111.0,-17.679999999999993,-62.761803336883176,84.4,0.0,31268.699999999997
fixed_wheels_nathaniel_inv_test_w_fault.parquet,-4.42,7422.0,1672.0,19747.0,281.7,111.0,-17.679999999999993,-62.761803336883176,84.4,0.0,31268.699999999997
fixed_wheels_nathaniel_inv_test_w_fault.parquet,-4.41,7422.0,1672.0,19747.0,281.7,111.0,-17.679999999999993,-62.761803336883176,84.4,0.0,31268.699999999997
fixed_wheels_nathaniel_inv_test_w_fault.parquet,-4.4,7416.0,1672.0,19747.0,215.8,110.7,-17.379999999999995,-80.5375347544022,84.4,-0.29999999999999716,23889.06
fixed_wheels_nathaniel_inv_test_w_fault.parquet,-4.39,7416.0,1672.0,19747.0,215.8,110.7,-17.379999999999995,-80.5375347544022,84.4,0.0,23889.06
fixed_wheels_nathaniel_inv_test_w_fault.parquet,-4.38,7401.0,1359.0,16290.0,215.8,110.7,-17.379999999999995,-80.5375347544022,84.4,0.0,23889.06
fixed_wheels_nathaniel_inv_test_w_fault.parquet,-4.37,7401.0,1359.0,16290.0,215.8,110.7,-17.379999999999995,-80.5375347544022,84.4,0.0,23889.06
fixed_wheels_nathaniel_inv_test_w_fault.parquet,-4.36,7366.0,1359.0,16290.0,193.0,109.0,1.980000000000004,10.259067357512974,84.4,-1.7000000000000028,21037.0
fixed_wheels_nathaniel_inv_test_w_fault.parquet,-4.35,7366.0,1359.0,16290.0,193.0,109.0,1.980000000000004,10.259067357512974,84.4,0.0,21037.0
fixed_wheels_nathaniel_inv_test_w_fault.parquet,-4.34,7414.0,1359.0,11653.0,193.0,109.0,1.980000000000004,10.259067357512974,84.4,0.0,21037.0
fixed_wheels_nathaniel_inv_test_w_fault.parquet,-4.33,7414.0,1359.0,11653.0,193.0,109.0,1.980000000000004,10.259067357512974,84.4,0.0,21037.0
fixed_wheels_nathaniel_inv_test_w_fault.parquet,-4.32,7414.0,1359.0,11653.0,183.8,108.9,2.0799999999999983,11.316648531011959,84.4,-0.09999999999999432,20015.820000000003
fixed_wheels_nathaniel_inv_test_w_fault.parquet,-4.31,7455.0,1359.0,11653.0,183.8,108.9,2.0799999999999983,11.316648531011959,84.4,0.0,20015.820000000003
fixed_wheels_nathaniel_inv_test_w_fault.parquet,-4.3,7455.0,1359.0,6720.0,183.8,108.9,2.0799999999999983,11.316648531011959,84.4,0.0,20015.820000000003
fixed_wheels_nathaniel_inv_test_w_fault.parquet,-4.29,7443.0,1359.0,6720.0,183.8,108.9,2.0799999999999983,11.316648531011959,84.4,0.0,20015.820000000003
fixed_wheels_nathaniel_inv_test_w_fault.parquet,-4.28,7443.0,698.0,6720.0,155.8,110.5,0.480000000000004,3.080872913992323,84.4,1.5999999999999943,17215.9
fixed_wheels_nathaniel_inv_test_w_fault.parquet,-4.27,7418.0,698.0,6720.0,155.8,110.5,0.480000000000004,3.080872913992323,84.4,0.0,17215.9
fixed_wheels_nathaniel_inv_test_w_fault.parquet,-4.26,7418.0,698.0,886.0,155.8,110.5,0.480000000000004,3.080872913992323,84.4,0.0,17215.9
fixed_wheels_nathaniel_inv_test_w_fault.parquet,-4.25,7414.0,698.0,886.0,155.8,110.5,0.480000000000004,3.080872913992323,84.4,0.0,17215.9
fixed_wheels_nathaniel_inv_test_w_fault.parquet,-4.24,7414.0,698.0,886.0,135.20000000000002,111.30000000000001,-0.3200000000000074,-2.366863905325498,84.4,0.8000000000000114,15047.760000000004
fixed_wheels_nathaniel_inv_test_w_fault.parquet,-4.23,7414.0,698.0,886.0,135.20000000000002,111.30000000000001,-0.3200000000000074,-2.366863905325498,84.4,0.0,15047.760000000004
fixed_wheels_nathaniel_inv_test_w_fault.parquet,-4.22,7364.0,698.0,0.0,135.20000000000002,111.30000000000001,-0.3200000000000074,-2.366863905325498,84.4,0.0,15047.760000000004
fixed_wheels_nathaniel_inv_test_w_fault.parquet,-4.21,7364.0,698.0,0.0,135.20000000000002,111.30000000000001,-0.3200000000000074,-2.366863905325498,84.4,0.0,15047.760000000004
fixed_wheels_nathaniel_inv_test_w_fault.parquet,-4.2,7266.0,698.0,0.0,87.4,114.30000000000001,-3.3200000000000074,-37.98627002288338,84.4,3.0,9989.820000000002
fixed_wheels_nathaniel_inv_test_w_fault.parquet,-4.19,7266.0,698.0,0.0,87.4,114.30000000000001,-3.3200000000000074,-37.98627002288338,84.4,0.0,9989.820000000002
fixed_wheels_nathaniel_inv_test_w_fault.parquet,-4.18,7253.0,406.0,0.0,87.4,114.30000000000001,-3.3200000000000074,-37.98627002288338,84.4,0.0,9989.820000000002
fixed_wheels_nathaniel_inv_test_w_fault.parquet,-4.17,7253.0,406.0,0.0,87.4,114.30000000000001,-3.3200000000000074,-37.98627002288338,84.4,0.0,9989.820000000002
fixed_wheels_nathaniel_inv_test_w_fault.parquet,-4.16,7162.0,406.0,0.0,87.4,114.30000000000001,-3.1100000000000136,-35.58352402746011,87.0,0.0,9989.820000000002
fixed_wheels_nathaniel_inv_test_w_fault.parquet,-4.15,7162.0,406.0,0.0,87.4,114.30000000000001,-3.1100000000000136,-35.58352402746011,87.0,0.0,9989.820000000002
fixed_wheels_nathaniel_inv_test_w_fault.parquet,-4.14,7162.0,406.0,0.0,87.4,114.30000000000001,-3.1100000000000136,-35.58352402746011,87.0,0.0,9989.820000000002
fixed_wheels_nathaniel_inv_test_w_fault.parquet,-4.13,7022.0,406.0,0.0,87.4,114.30000000000001,-3.1100000000000136,-35.58352402746011,87.0,0.0,9989.820000000002
fixed_wheels_nathaniel_inv_test_w_fault.parquet,-4.12,7022.0,406.0,0.0,16.5,115.10000000000001,-3.910000000000011,-236.96969696969762,90.30000000000001,0.7999999999999972,1899.15
fixed_wheels_nathaniel_inv_test_w_fault.parquet,-4.11,6965.0,406.0,0.0,16.5,115.10000000000001,-3.910000000000011,-236.96969696969762,90.30000000000001,0.0,1899.15
fixed_wheels_nathaniel_inv_test_w_fault.parquet,-4.1,6965.0,406.0,0.0,16.5,115.10000000000001,-3.910000000000011,-236.96969696969762,90.30000000000001,0.0,1899.15
fixed_wheels_nathaniel_inv_test_w_fault.parquet,-4.09,6920.0,406.0,0.0,16.5,115.10000000000001,-3.910000000000011,-236.96969696969762,90.30000000000001,0.0,1899.15
fixed_wheels_nathaniel_inv_test_w_fault.parquet,-4.08,6920.0,406.0,0.0,16.5,115.10000000000001,-3.910000000000011,-236.96969696969762,90.30000000000001,0.0,1899.15
fixed_wheels_nathaniel_inv_test_w_fault.parquet,-4.07,6818.0,406.0,0.0,5.5,114.30000000000001,-3.1100000000000136,-565.454545454548,90.30000000000001,-0.7999999999999972,628.6500000000001
fixed_wheels_nathaniel_inv_test_w_fault.parquet,-4.06,6818.0,406.0,0.0,5.5,114.30000000000001,-3.1100000000000136,-565.454545454548,90.30000000000001,0.0,628.6500000000001
fixed_wheels_nathaniel_inv_test_w_fault.parquet,-4.05,6818.0,406.0,0.0,5.5,114.30000000000001,-3.1100000000000136,-565.454545454548,90.30000000000001,0.0,628.6500000000001
fixed_wheels_nathaniel_inv_test_w_fault.parquet,-4.04,6741.0,406.0,0.0,5.5,114.30000000000001,-3.1100000000000136,-565.454545454548,100.10000000000001,0.0,628.6500000000001
fixed_wheels_nathaniel_inv_test_w_fault.parquet,-4.03,6741.0,406.0,0.0,2.8000000000000003,113.9,-2.710000000000008,-967.8571428571456,100.10000000000001,-0.4000000000000057,318.9200000000001
fixed_wheels_nathaniel_inv_test_w_fault.parquet,-4.02,6700.0,406.0,0.0,2.8000000000000003,113.9,-2.710000000000008,-967.8571428571456,100.10000000000001,0.0,318.9200000000001
fixed_wheels_nathaniel_inv_test_w_fault.parquet,-4.01,6700.0,406.0,0.0,2.8000000000000003,113.9,-2.710000000000008,-967.8571428571456,100.10000000000001,0.0,318.9200000000001
fixed_wheels_nathaniel_inv_test_w_fault.parquet,-4.0,6651.0,406.0,0.0,2.8000000000000003,113.9,-2.710000000000008,-967.8571428571456,108.9,0.0,318.9200000000001
fixed_wheels_nathaniel_inv_test_w_fault.parquet,-3.99,6651.0,406.0,0.0,0.30000000000000004,113.9,-2.710000000000008,0.0,108.9,0.0,34.17000000000001
fixed_wheels_nathaniel_inv_test_w_fault.parquet,-3.98,6585.0,404.0,0.0,0.30000000000000004,113.9,-2.710000000000008,0.0,108.9,0.0,34.17000000000001
fixed_wheels_nathaniel_inv_test_w_fault.parquet,-3.97,6585.0,404.0,0.0,0.30000000000000004,113.9,-2.710000000000008,0.0,108.9,0.0,34.17000000000001
fixed_wheels_nathaniel_inv_test_w_fault.parquet,-3.96,6484.0,404.0,0.0,0.30000000000000004,113.9,0.45000000000000284,0.0,108.9,0.0,34.17000000000001
fixed_wheels_nathaniel_inv_test_w_fault.parquet,-3.95,6484.0,404.0,0.0,-24.3,115.9,-1.5499999999999972,63.78600823045255,108.9,2.0,-2816.3700000000003
fixed_wheels_nathaniel_inv_test_w_fault.parquet,-3.94,6385.0,404.0,0.0,-24.3,115.9,-1.5499999999999972,63.78600823045255,108.9,0.0,-2816.3700000000003
fixed_wheels_nathaniel_inv_test_w_fault.parquet,-3.93,6385.0,404.0,0.0,-24.3,115.9,-1.5499999999999972,63.78600823045255,108.9,0.0,-2816.3700000000003
fixed_wheels_nathaniel_inv_test_w_fault.parquet,-3.92,6385.0,404.0,0.0,-24.3,115.9,-1.5499999999999972,63.78600823045255,108.9,0.0,-2816.3700000000003
fixed_wheels_nathaniel_inv_test_w_fault.parquet,-3.91,6218.0,404.0,0.0,-73.4,118.10000000000001,-3.75,51.08991825613079,108.9,2.200000000000003,-8668.54
fixed_wheels_nathaniel_inv_test_w_fault.parquet,-3.9,6218.0,404.0,0.0,-73.4,118.10000000000001,-3.75,51.08991825613079,108.9,0.0,-8668.54
fixed_wheels_nathaniel_inv_test_w_fault.parquet,-3.89,6040.0,404.0,0.0,-73.4,118.10000000000001,-3.75,51.08991825613079,108.9,0.0,-8668.54
fixed_wheels_nathaniel_inv_test_w_fault.parquet,-3.88,6040.0,407.0,0.0,-73.4,118.10000000000001,-3.75,51.08991825613079,108.9,0.0,-8668.54
fixed_wheels_nathaniel_inv_test_w_fault.parquet,-3.87,5884.0,407.0,0.0,-113.0,118.5,-4.1499999999999915,36.72566371681408,108.9,0.3999999999999915,-13390.5
fixed_wheels_nathaniel_inv_test_w_fault.parquet,-3.86,5884.0,407.0,0.0,-113.0,118.5,-0.39000000000000057,3.4513274336283235,108.9,0.0,-13390.5
fixed_wheels_nathaniel_inv_test_w_fault.parquet,-3.85,5707.0,407.0,0.0,-113.0,118.5,-0.39000000000000057,3.4513274336283235,108.9,0.0,-13390.5
fixed_wheels_nathaniel_inv_test_w_fault.parquet,-3.84,5707.0,407.0,0.0,-113.0,118.5,-0.39000000000000057,3.4513274336283235,108.9,0.0,-13390.5
fixed_wheels_nathaniel_inv_test_w_fault.parquet,-3.83,5707.0,407.0,0.0,-113.0,118.5,-0.39000000000000057,3.4513274336283235,108.9,0.0,-13390.5
fixed_wheels_nathaniel_inv_test_w_fault.parquet,-3.82,5561.0,407.0,0.0,-141.8,118.4,-0.29000000000000625,2.0451339915374205,108.9,-0.09999999999999432,-16789.120000000003
fixed_wheels_nathaniel_inv_test_w_fault.parquet,-3.81,5561.0,407.0,0.0,-141.8,118.4,-0.29000000000000625,2.0451339915374205,108.9,0.0,-16789.120000000003
fixed_wheels_nathaniel_inv_test_w_fault.parquet,-3.8,5381.0,407.0,0.0,-141.8,118.4,-0.29000000000000625,2.0451339915374205,108.9,0.0,-16789.120000000003
fixed_wheels_nathaniel_inv_test_w_fault.parquet,-3.79,5381.0,407.0,0.0,-141.8,118.4,-0.29000000000000625,2.0451339915374205,110.5,0.0,-16789.120000000003
fixed_wheels_nathaniel_inv_test_w_fault.parquet,-3.78,5218.0,405.0,0.0,-150.70000000000002,117.30000000000001,0.8099999999999881,-5.374917053749091,110.5,-1.0999999999999943,-17677.110000000004
fixed_wheels_nathaniel_inv_test_w_fault.parquet,-3.77,5218.0,405.0,0.0,-150.70000000000002,117.30000000000001,0.8099999999999881,-5.374917053749091,110.5,0.0,-17677.110000000004
fixed_wheels_nathaniel_inv_test_w_fault.parquet,-3.76,5110.0,405.0,0.0,-150.70000000000002,117.30000000000001,0.8099999999999881,-5.374917053749091,110.5,0.0,-17677.110000000004
fixed_wheels_nathaniel_inv_test_w_fault.parquet,-3.75,5110.0,405.0,0.0,-150.70000000000002,117.30000000000001,0.8099999999999881,-5.374917053749091,111.30000000000001,0.0,-17677.110000000004
fixed_wheels_nathaniel_inv_test_w_fault.parquet,-3.74,5006.0,405.0,0.0,-136.20000000000002,115.2,2.9099999999999966,-21.365638766519794,111.30000000000001,-2.1000000000000085,-15690.240000000002
fixed_wheels_nathaniel_inv_test_w_fault.parquet,-3.73,5006.0,405.0,0.0,-136.20000000000002,115.2,2.9099999999999966,-21.365638766519794,111.30000000000001,0.0,-15690.240000000002
fixed_wheels_nathaniel_inv_test_w_fault.parquet,-3.72,4950.0,405.0,0.0,-136.20000000000002,115.2,2.9099999999999966,-21.365638766519794,111.30000000000001,0.0,-15690.240000000002
fixed_wheels_nathaniel_inv_test_w_fault.parquet,-3.71,4950.0,405.0,0.0,-136.20000000000002,115.2,2.9099999999999966,-21.365638766519794,113.9,0.0,-15690.240000000002
fixed_wheels_nathaniel_inv_test_w_fault.parquet,-3.7,4929.0,405.0,0.0,-101.60000000000001,112.80000000000001,5.309999999999988,-52.26377952755893,112.80000000000001,-2.3999999999999915,-11460.480000000001
fixed_wheels_nathaniel_inv_test_w_fault.parquet,-3.69,4929.0,405.0,0.0,-101.60000000000001,112.80000000000001,5.309999999999988,-52.26377952755893,112.80000000000001,0.0,-11460.480000000001
fixed_wheels_nathaniel_inv_test_w_fault.parquet,-3.68,4929.0,407.0,0.0,-101.60000000000001,112.80000000000001,5.309999999999988,-52.26377952755893,112.80000000000001,0.0,-11460.480000000001
fixed_wheels_nathaniel_inv_test_w_fault.parquet,-3.67,4929.0,407.0,0.0,-101.60000000000001,112.80000000000001,5.309999999999988,-52.26377952755893,112.80000000000001,0.0,-11460.480000000001
fixed_wheels_nathaniel_inv_test_w_fault.parquet,-3.66,4910.0,407.0,0.0,-57.800000000000004,111.0,4.939999999999998,-85.46712802768161,111.0,-1.8000000000000114,-6415.8
fixed_wheels_nathaniel_inv_test_w_fault.parquet,-3.65,4910.0,407.0,0.0,-57.800000000000004,111.0,4.939999999999998,-85.46712802768161,111.0,0.0,-6415.8
fixed_wheels_nathaniel_inv_test_w_fault.parquet,-3.64,4910.0,407.0,0.0,-57.800000000000004,111.0,4.939999999999998,-85.46712802768161,111.0,0.0,-6415.8
fixed_wheels_nathaniel_inv_test_w_fault.parquet,-3.63,4802.0,407.0,0.0,-57.800000000000004,111.0,4.939999999999998,-85.46712802768161,111.0,0.0,-6415.8
fixed_wheels_nathaniel_inv_test_w_fault.parquet,-3.62,4802.0,407.0,0.0,-16.900000000000002,109.9,6.039999999999992,-357.39644970414145,109.9,-1.0999999999999943,-1857.3100000000004
fixed_wheels_nathaniel_inv_test_w_fault.parquet,-3.61,4850.0,407.0,0.0,-16.900000000000002,109.9,6.039999999999992,-357.39644970414145,109.9,0.0,-1857.3100000000004
fixed_wheels_nathaniel_inv_test_w_fault.parquet,-3.6,4850.0,407.0,0.0,-16.900000000000002,109.9,6.039999999999992,-357.39644970414145,109.9,0.0,-1857.3100000000004
fixed_wheels_nathaniel_inv_test_w_fault.parquet,-3.59,4809.0,407.0,0.0,-16.900000000000002,109.9,6.039999999999992,-357.39644970414145,109.9,0.0,-1857.3100000000004
fixed_wheels_nathaniel_inv_test_w_fault.parquet,-3.58,4809.0,406.0,0.0,-16.900000000000002,109.9,6.039999999999992,-357.39644970414145,109.9,0.0,-1857.3100000000004
fixed_wheels_nathaniel_inv_test_w_fault.parquet,-3.57,4911.0,406.0,0.0,48.400000000000006,105.7,10.239999999999995,211.57024793388416,105.7,-4.200000000000003,5115.880000000001
fixed_wheels_nathaniel_inv_test_w_fault.parquet,-3.56,4911.0,406.0,0.0,48.400000000000006,105.7,10.239999999999995,211.57024793388416,105.7,0.0,5115.880000000001
fixed_wheels_nathaniel_inv_test_w_fault.parquet,-3.55,4917.0,406.0,0.0,48.400000000000006,105.7,10.239999999999995,211.57024793388416,105.7,0.0,5115.880000000001
fixed_wheels_nathaniel_inv_test_w_fault.parquet,-3.54,4917.0,406.0,0.0,48.400000000000006,105.7,10.239999999999995,211.57024793388416,105.7,0.0,5115.880000000001
fixed_wheels_nathaniel_inv_test_w_fault.parquet,-3.53,4901.0,406.0,0.0,79.60000000000001,108.60000000000001,7.339999999999989,92.21105527638177,105.7,2.9000000000000057,8644.560000000001
fixed_wheels_nathaniel_inv_test_w_fault.parquet,-3.52,4901.0,406.0,0.0,79.60000000000001,108.60000000000001,7.339999999999989,92.21105527638177,105.7,0.0,8644.560000000001
fixed_wheels_nathaniel_inv_test_w_fault.parquet,-3.51,4876.0,406.0,0.0,79.60000000000001,108.60000000000001,7.339999999999989,92.21105527638177,105.7,0.0,8644.560000000001
fixed_wheels_nathaniel_inv_test_w_fault.parquet,-3.5,4876.0,406.0,0.0,79.60000000000001,108.60000000000001,7.339999999999989,92.21105527638177,105.7,0.0,8644.560000000001
fixed_wheels_nathaniel_inv_test_w_fault.parquet,-3.49,4876.0,406.0,0.0,55.0,111.9,4.039999999999992,73.45454545454531,105.7,3.299999999999997,6154.5
fixed_wheels_nathaniel_inv_test_w_fault.parquet,-3.48,4732.0,408.0,0.0,55.0,111.9,4.039999999999992,73.45454545454531,105.7,0.0,6154.5
fixed_wheels_nathaniel_inv_test_w_fault.parquet,-3.47,4732.0,408.0,0.0,55.0,111.9,4.039999999999992,73.45454545454531,105.7,0.0,6154.5
fixed_wheels_nathaniel_inv_test_w_fault.parquet,-3.46,4641.0,408.0,0.0,55.0,111.9,-7.909999999999997,-143.81818181818176,105.7,0.0,6154.5
fixed_wheels_nathaniel_inv_test_w_fault.parquet,-3.45,4641.0,408.0,0.0,35.7,112.30000000000001,-8.310000000000002,-232.77310924369752,105.7,0.4000000000000057,4009.1100000000006
fixed_wheels_nathaniel_inv_test_w_fault.parquet,-3.44,4578.0,408.0,0.0,35.7,112.30000000000001,-8.310000000000002,-232.77310924369752,105.7,0.0,4009.1100000000006
fixed_wheels_nathaniel_inv_test_w_fault.parquet,-3.43,4578.0,408.0,0.0,35.7,112.30000000000001,-8.310000000000002,-232.77310924369752,105.7,0.0,4009.1100000000006
fixed_wheels_nathaniel_inv_test_w_fault.parquet,-3.42,4449.0,408.0,0.0,35.7,112.30000000000001,-8.310000000000002,-232.77310924369752,105.7,0.0,4009.1100000000006
fixed_wheels_nathaniel_inv_test_w_fault.parquet,-3.41,4449.0,408.0,0.0,24.5,112.2,-8.209999999999994,-335.1020408163263,105.7,-0.10000000000000853,2748.9
fixed_wheels_nathaniel_inv_test_w_fault.parquet,-3.4,4394.0,408.0,0.0,24.5,112.2,-8.209999999999994,-335.1020408163263,105.7,0.0,2748.9
fixed_wheels_nathaniel_inv_test_w_fault.parquet,-3.39,4394.0,408.0,0.0,24.5,112.2,-8.209999999999994,-335.1020408163263,105.7,0.0,2748.9
fixed_wheels_nathaniel_inv_test_w_fault.parquet,-3.38,4316.0,406.0,0.0,24.5,112.2,-8.209999999999994,-335.1020408163263,105.7,0.0,2748.9
fixed_wheels_nathaniel_inv_test_w_fault.parquet,-3.37,4316.0,406.0,0.0,17.6,112.2,-8.209999999999994,-466.47727272727235,105.7,0.0,1974.7200000000003
fixed_wheels_nathaniel_inv_test_w_fault.parquet,-3.36,4212.0,406.0,0.0,17.6,112.2,-8.209999999999994,-466.47727272727235,105.7,0.0,1974.7200000000003
fixed_wheels_nathaniel_inv_test_w_fault.parquet,-3.35,4212.0,406.0,0.0,17.6,112.2,-8.209999999999994,-466.47727272727235,105.7,0.0,1974.7200000000003
fixed_wheels_nathaniel_inv_test_w_fault.parquet,-3.34,4212.0,406.0,0.0,17.6,112.2,-8.209999999999994,-466.47727272727235,105.7,0.0,1974.7200000000003
fixed_wheels_nathaniel_inv_test_w_fault.parquet,-3.33,4156.0,406.0,0.0,13.5,112.10000000000001,-8.11,-600.7407407407406,105.7,-0.09999999999999432,1513.3500000000001
fixed_wheels_nathaniel_inv_test_w_fault.parquet,-3.32,4156.0,406.0,0.0,13.5,112.10000000000001,-8.11,-600.7407407407406,105.7,0.0,1513.3500000000001
fixed_wheels_nathaniel_inv_test_w_fault.parquet,-3.31,4043.0,406.0,0.0,13.5,112.10000000000001,-8.11,-600.7407407407406,105.7,0.0,1513.3500000000001
fixed_wheels_nathaniel_inv_test_w_fault.parquet,-3.3,4043.0,406.0,0.0,13.5,112.10000000000001,-8.11,-600.7407407407406,105.7,0.0,1513.3500000000001
fixed_wheels_nathaniel_inv_test_w_fault.parquet,-3.29,3982.0,406.0,0.0,10.8,112.2,-8.209999999999994,-760.1851851851845,105.7,0.09999999999999432,1211.7600000000002
fixed_wheels_nathaniel_inv_test_w_fault.parquet,-3.28,3982.0,405.0,0.0,10.8,112.2,-8.209999999999994,-760.1851851851845,105.7,0.0,1211.7600000000002
fixed_wheels_nathaniel_inv_test_w_fault.parquet,-3.27,3894.0,405.0,0.0,10.8,112.2,-8.209999999999994,-760.1851851851845,105.7,0.0,1211.7600000000002
fixed_wheels_nathaniel_inv_test_w_fault.parquet,-3.26,3894.0,405.0,0.0,10.8,112.2,0.20000000000000284,18.518518518518782,105.7,0.0,1211.7600000000002
fixed_wheels_nathaniel_inv_test_w_fault.parquet,-3.25,3894.0,405.0,0.0,9.1,112.2,0.20000000000000284,21.97802197802229,105.7,0.0,1021.02
fixed_wheels_nathaniel_inv_test_w_fault.parquet,-3.24,3808.0,405.0,0.0,9.1,112.2,0.20000000000000284,21.97802197802229,105.7,0.0,1021.02
fixed_wheels_nathaniel_inv_test_w_fault.parquet,-3.23,3808.0,405.0,0.0,9.1,112.2,0.20000000000000284,21.97802197802229,105.7,0.0,1021.02
fixed_wheels_nathaniel_inv_test_w_fault.parquet,-3.22,3722.0,405.0,0.0,9.1,112.2,0.20000000000000284,21.97802197802229,105.7,0.0,1021.02
fixed_wheels_nathaniel_inv_test_w_fault.parquet,-3.21,3722.0,405.0,0.0,9.1,112.2,0.20000000000000284,21.97802197802229,105.7,0.0,1021.02
fixed_wheels_nathaniel_inv_test_w_fault.parquet,-3.2,3640.0,405.0,0.0,7.9,112.10000000000001,0.29999999999999716,37.97468354430344,105.7,-0.09999999999999432,885.5900000000001
fixed_wheels_nathaniel_inv_test_w_fault.parquet,-3.19,3640.0,405.0,0.0,7.9,112.10000000000001,0.29999999999999716,37.97468354430344,105.7,0.0,885.5900000000001
fixed_wheels_nathaniel_inv_test_w_fault.parquet,-3.18,3581.0,406.0,0.0,7.9,112.10000000000001,0.29999999999999716,37.97468354430344,105.7,0.0,885.5900000000001
fixed_wheels_nathaniel_inv_test_w_fault.parquet,-3.17,3581.0,406.0,0.0,7.9,112.10000000000001,0.29999999999999716,37.97468354430344,105.7,0.0,885.5900000000001
fixed_wheels_nathaniel_inv_test_w_fault.parquet,-3.16,3484.0,406.0,0.0,7.1000000000000005,112.10000000000001,0.22999999999998977,32.394366197181654,105.7,0.0,795.9100000000001
fixed_wheels_nathaniel_inv_test_w_fault.parquet,-3.15,3484.0,406.0,0.0,7.1000000000000005,112.10000000000001,0.22999999999998977,32.394366197181654,105.7,0.0,795.9100000000001
fixed_wheels_nathaniel_inv_test_w_fault.parquet,-3.14,3424.0,406.0,0.0,7.1000000000000005,112.10000000000001,0.22999999999998977,32.394366197181654,105.7,0.0,795.9100000000001
fixed_wheels_nathaniel_inv_test_w_fault.parquet,-3.13,3424.0,406.0,0.0,7.1000000000000005,112.10000000000001,0.22999999999998977,32.394366197181654,105.7,0.0,795.9100000000001
fixed_wheels_nathaniel_inv_test_w_fault.parquet,-3.12,3424.0,406.0,0.0,6.5,112.10000000000001,0.22999999999998977,35.38461538461381,105.7,0.0,728.6500000000001
fixed_wheels_nathaniel_inv_test_w_fault.parquet,-3.11,3331.0,406.0,0.0,6.5,112.10000000000001,0.22999999999998977,35.38461538461381,105.7,0.0,728.6500000000001
fixed_wheels_nathaniel_inv_test_w_fault.parquet,-3.1,3331.0,406.0,0.0,6.5,112.10000000000001,0.22999999999998977,35.38461538461381,105.7,0.0,728.6500000000001
fixed_wheels_nathaniel_inv_test_w_fault.parquet,-3.09,3251.0,406.0,0.0,6.5,112.10000000000001,0.22999999999998977,35.38461538461381,105.7,0.0,728.6500000000001
fixed_wheels_nathaniel_inv_test_w_fault.parquet,-3.08,3251.0,406.0,0.0,6.1000000000000005,112.2,0.12999999999999545,21.311475409835317,105.7,0.09999999999999432,684.4200000000001
fixed_wheels_nathaniel_inv_test_w_fault.parquet,-3.07,3176.0,406.0,0.0,6.1000000000000005,112.2,0.12999999999999545,21.311475409835317,105.7,0.0,684.4200000000001
fixed_wheels_nathaniel_inv_test_w_fault.parquet,-3.06,3176.0,406.0,0.0,6.1000000000000005,112.2,0.12999999999999545,21.311475409835317,105.7,0.0,684.4200000000001
fixed_wheels_nathaniel_inv_test_w_fault.parquet,-3.05,3083.0,406.0,0.0,6.1000000000000005,112.2,0.12999999999999545,21.311475409835317,105.7,0.0,684.4200000000001
fixed_wheels_nathaniel_inv_test_w_fault.parquet,-3.04,3083.0,406.0,0.0,5.9,112.2,0.12999999999999545,22.033898305083977,108.60000000000001,0.0,661.98
fixed_wheels_nathaniel_inv_test_w_fault.parquet,-3.03,3083.0,406.0,0.0,5.9,112.2,0.12999999999999545,22.033898305083977,108.60000000000001,0.0,661.98
fixed_wheels_nathaniel_inv_test_w_fault.parquet,-3.02,3025.0,406.0,0.0,5.9,112.2,0.12999999999999545,22.033898305083977,108.60000000000001,0.0,661.98
fixed_wheels_nathaniel_inv_test_w_fault.parquet,-3.01,3025.0,406.0,0.0,5.9,112.2,0.12999999999999545,22.033898305083977,108.60000000000001,0.0,661.98
fixed_wheels_nathaniel_inv_test_w_fault.parquet,-3.0,2947.0,406.0,0.0,5.7,112.2,0.12999999999999545,22.807017543858848,111.9,0.0,639.5400000000001
fixed_wheels_nathaniel_inv_test_w_fault.parquet,-2.99,2947.0,406.0,0.0,5.7,112.2,0.12999999999999545,22.807017543858848,111.9,0.0,639.5400000000001
fixed_wheels_nathaniel_inv_test_w_fault.parquet,-2.98,2875.0,406.0,0.0,5.7,112.2,0.12999999999999545,22.807017543858848,111.9,0.0,639.5400000000001
fixed_wheels_nathaniel_inv_test_w_fault.parquet,-2.97,2875.0,406.0,0.0,5.7,112.2,0.12999999999999545,22.807017543858848,111.9,0.0,639.5400000000001
fixed_wheels_nathaniel_inv_test_w_fault.parquet,-2.96,2801.0,406.0,0.0,5.6000000000000005,112.2,0.12000000000000455,21.428571428572237,112.10000000000001,0.0,628.32
fixed_wheels_nathaniel_inv_test_w_fault.parquet,-2.95,2801.0,406.0,0.0,5.6000000000000005,112.2,0.12000000000000455,21.428571428572237,112.10000000000001,0.0,628.32
fixed_wheels_nathaniel_inv_test_w_fault.parquet,-2.94,2726.0,406.0,0.0,5.6000000000000005,112.2,0.12000000000000455,21.428571428572237,112.10000000000001,0.0,628.32
fixed_wheels_nathaniel_inv_test_w_fault.parquet,-2.93,2726.0,406.0,0.0,5.6000000000000005,112.2,0.12000000000000455,21.428571428572237,112.10000000000001,0.0,628.32
fixed_wheels_nathaniel_inv_test_w_fault.parquet,-2.92,2663.0,406.0,0.0,5.5,112.10000000000001,0.21999999999999886,39.999999999999794,112.10000000000001,-0.09999999999999432,616.5500000000001
fixed_wheels_nathaniel_inv_test_w_fault.parquet,-2.91,2663.0,406.0,0.0,5.5,112.10000000000001,0.21999999999999886,39.999999999999794,112.10000000000001,0.0,616.5500000000001
fixed_wheels_nathaniel_inv_test_w_fault.parquet,-2.9,2583.0,406.0,0.0,5.5,112.10000000000001,0.21999999999999886,39.999999999999794,112.10000000000001,0.0,616.5500000000001
fixed_wheels_nathaniel_inv_test_w_fault.parquet,-2.89,2583.0,406.0,0.0,5.5,112.10000000000001,0.21999999999999886,39.999999999999794,112.10000000000001,0.0,616.5500000000001
fixed_wheels_nathaniel_inv_test_w_fault.parquet,-2.88,2532.0,406.0,0.0,5.4,112.10000000000001,0.21999999999999886,40.74074074074053,112.10000000000001,0.0,605.34
fixed_wheels_nathaniel_inv_test_w_fault.parquet,-2.87,2532.0,406.0,0.0,5.4,112.10000000000001,0.21999999999999886,40.74074074074053,112.10000000000001,0.0,605.34
fixed_wheels_nathaniel_inv_test_w_fault.parquet,-2.86,2532.0,406.0,0.0,5.4,112.10000000000001,0.21999999999999886,40.74074074074053,112.10000000000001,0.0,605.34
fixed_wheels_nathaniel_inv_test_w_fault.parquet,-2.85,2468.0,406.0,0.0,5.4,112.10000000000001,0.21999999999999886,40.74074074074053,112.10000000000001,0.0,605.34
fixed_wheels_nathaniel_inv_test_w_fault.parquet,-2.84,2468.0,406.0,0.0,5.4,112.10000000000001,0.21999999999999886,40.74074074074053,112.10000000000001,0.0,605.34
fixed_wheels_nathaniel_inv_test_w_fault.parquet,-2.83,2402.0,406.0,0.0,5.4,112.10000000000001,0.21999999999999886,40.74074074074053,112.10000000000001,0.0,605.34
fixed_wheels_nathaniel_inv_test_w_fault.parquet,-2.82,2402.0,406.0,0.0,5.4,112.10000000000001,0.21999999999999886,40.74074074074053,112.10000000000001,0.0,605.34
fixed_wheels_nathaniel_inv_test_w_fault.parquet,-2.81,2348.0,406.0,0.0,5.4,112.10000000000001,0.21999999999999886,40.74074074074053,112.10000000000001,0.0,605.34
fixed_wheels_nathaniel_inv_test_w_fault.parquet,-2.8,2348.0,406.0,0.0,5.4,112.10000000000001,0.21999999999999886,40.74074074074053,112.10000000000001,0.0,605.34
fixed_wheels_nathaniel_inv_test_w_fault.parquet,-2.79,2302.0,406.0,0.0,5.4,112.2,0.12000000000000455,22.222222222223063,112.10000000000001,0.09999999999999432,605.8800000000001
fixed_wheels_nathaniel_inv_test_w_fault.parquet,-2.78,2302.0,406.0,0.0,5.4,112.2,0.12000000000000455,22.222222222223063,112.10000000000001,0.0,605.8800000000001
fixed_wheels_nathaniel_inv_test_w_fault.parquet,-2.77,2241.0,406.0,0.0,5.4,112.2,0.12000000000000455,22.222222222223063,112.10000000000001,0.0,605.8800000000001
fixed_wheels_nathaniel_inv_test_w_fault.parquet,-2.76,2241.0,406.0,0.0,5.4,112.2,0.10999999999999943,20.370370370370264,112.10000000000001,0.0,605.8800000000001
fixed_wheels_nathaniel_inv_test_w_fault.parquet,-2.75,2179.0,406.0,0.0,5.300000000000001,112.10000000000001,0.20999999999999375,39.622641509432775,112.10000000000001,-0.09999999999999432,594.1300000000001
fixed_wheels_nathaniel_inv_test_w_fault.parquet,-2.74,2179.0,406.0,0.0,5.300000000000001,112.10000000000001,0.20999999999999375,39.622641509432775,112.10000000000001,0.0,594.1300000000001
fixed_wheels_nathaniel_inv_test_w_fault.parquet,-2.73,2111.0,406.0,0.0,5.300000000000001,112.10000000000001,0.20999999999999375,39.622641509432775,112.10000000000001,0.0,594.1300000000001
fixed_wheels_nathaniel_inv_test_w_fault.parquet,-2.72,2111.0,406.0,0.0,5.300000000000001,112.10000000000001,0.20999999999999375,39.622641509432775,112.10000000000001,0.0,594.1300000000001
fixed_wheels_nathaniel_inv_test_w_fault.parquet,-2.71,2074.0,406.0,0.0,5.4,112.2,0.10999999999999943,20.370370370370264,112.10000000000001,0.09999999999999432,605.8800000000001
fixed_wheels_nathaniel_inv_test_w_fault.parquet,-2.7,2074.0,406.0,0.0,5.4,112.2,0.10999999999999943,20.370370370370264,112.10000000000001,0.0,605.8800000000001
fixed_wheels_nathaniel_inv_test_w_fault.parquet,-2.69,2074.0,406.0,0.0,5.4,112.2,0.10999999999999943,20.370370370370264,112.10000000000001,0.0,605.8800000000001
fixed_wheels_nathaniel_inv_test_w_fault.parquet,-2.68,2016.0,406.0,0.0,5.4,112.2,0.10999999999999943,20.370370370370264,112.10000000000001,0.0,605.8800000000001
fixed_wheels_nathaniel_inv_test_w_fault.parquet,-2.67,2016.0,406.0,0.0,5.4,112.10000000000001,0.20999999999999375,38.88888888888773,112.10000000000001,-0.09999999999999432,605.34
fixed_wheels_nathaniel_inv_test_w_fault.parquet,-2.66,1959.0,406.0,0.0,5.4,112.10000000000001,0.22999999999998977,42.5925925925907,112.10000000000001,0.0,605.34
fixed_wheels_nathaniel_inv_test_w_fault.parquet,-2.65,1959.0,406.0,0.0,5.4,112.10000000000001,0.22999999999998977,42.5925925925907,112.10000000000001,0.0,605.34
fixed_wheels_nathaniel_inv_test_w_fault.parquet,-2.64,1915.0,406.0,0.0,5.4,112.10000000000001,0.22999999999998977,42.5925925925907,112.10000000000001,0.0,605.34
fixed_wheels_nathaniel_inv_test_w_fault.parquet,-2.63,1915.0,406.0,0.0,5.300000000000001,112.10000000000001,0.22999999999998977,43.3962264150924,112.10000000000001,0.0,594.1300000000001
fixed_wheels_nathaniel_inv_test_w_fault.parquet,-2.62,1864.0,406.0,0.0,5.300000000000001,112.10000000000001,0.22999999999998977,43.3962264150924,112.10000000000001,0.0,594.1300000000001
fixed_wheels_nathaniel_inv_test_w_fault.parquet,-2.61,1864.0,406.0,0.0,5.300000000000001,112.10000000000001,0.22999999999998977,43.3962264150924,112.10000000000001,0.0,594.1300000000001
fixed_wheels_nathaniel_inv_test_w_fault.parquet,-2.6,1864.0,406.0,0.0,5.300000000000001,112.10000000000001,0.22999999999998977,43.3962264150924,112.10000000000001,0.0,594.1300000000001
fixed_wheels_nathaniel_inv_test_w_fault.parquet,-2.59,1819.0,406.0,0.0,5.300000000000001,112.10000000000001,0.22999999999998977,43.3962264150924,112.10000000000001,0.0,594.1300000000001
fixed_wheels_nathaniel_inv_test_w_fault.parquet,-2.58,1819.0,405.0,0.0,5.300000000000001,112.10000000000001,0.22999999999998977,43.3962264150924,112.10000000000001,0.0,594.1300000000001
fixed_wheels_nathaniel_inv_test_w_fault.parquet,-2.57,1775.0,405.0,0.0,5.300000000000001,112.10000000000001,0.22999999999998977,43.3962264150924,112.10000000000001,0.0,594.1300000000001
fixed_wheels_nathaniel_inv_test_w_fault.parquet,-2.56,1775.0,405.0,0.0,5.300000000000001,112.10000000000001,0.22999999999998977,43.3962264150924,112.10000000000001,0.0,594.1300000000001
fixed_wheels_nathaniel_inv_test_w_fault.parquet,-2.55,1731.0,405.0,0.0,5.300000000000001,112.2,0.12999999999999545,24.528301886791592,112.10000000000001,0.09999999999999432,594.6600000000001
fixed_wheels_nathaniel_inv_test_w_fault.parquet,-2.54,1731.0,405.0,0.0,5.300000000000001,112.2,0.12999999999999545,24.528301886791592,112.10000000000001,0.0,594.6600000000001
fixed_wheels_nathaniel_inv_test_w_fault.parquet,-2.53,1693.0,405.0,0.0,5.300000000000001,112.2,0.12999999999999545,24.528301886791592,112.10000000000001,0.0,594.6600000000001
fixed_wheels_nathaniel_inv_test_w_fault.parquet,-2.52,1693.0,405.0,0.0,5.300000000000001,112.2,0.12999999999999545,24.528301886791592,112.10000000000001,0.0,594.6600000000001
fixed_wheels_nathaniel_inv_test_w_fault.parquet,-2.51,1655.0,405.0,0.0,5.300000000000001,112.2,0.12999999999999545,24.528301886791592,112.10000000000001,0.0,594.6600000000001
fixed_wheels_nathaniel_inv_test_w_fault.parquet,-2.5,1655.0,405.0,0.0,5.300000000000001,112.10000000000001,0.22999999999998977,43.3962264150924,112.10000000000001,-0.09999999999999432,594.1300000000001
fixed_wheels_nathaniel_inv_test_w_fault.parquet,-2.49,1628.0,405.0,0.0,5.300000000000001,112.10000000000001,0.22999999999998977,43.3962264150924,112.10000000000001,0.0,594.1300000000001
fixed_wheels_nathaniel_inv_test_w_fault.parquet,-2.48,1628.0,405.0,0.0,5.300000000000001,112.10000000000001,0.22999999999998977,43.3962264150924,112.10000000000001,0.0,594.1300000000001
fixed_wheels_nathaniel_inv_test_w_fault.parquet,-2.47,1628.0,405.0,0.0,5.300000000000001,112.10000000000001,0.22999999999998977,43.3962264150924,112.10000000000001,0.0,594.1300000000001
fixed_wheels_nathaniel_inv_test_w_fault.parquet,-2.46,1603.0,405.0,0.0,5.4,112.2,0.12999999999999545,24.07407407407323,112.10000000000001,0.09999999999999432,605.8800000000001
fixed_wheels_nathaniel_inv_test_w_fault.parquet,-2.45,1603.0,405.0,0.0,5.4,112.2,0.12999999999999545,24.07407407407323,112.10000000000001,0.0,605.8800000000001
fixed_wheels_nathaniel_inv_test_w_fault.parquet,-2.44,1571.0,405.0,0.0,5.4,112.2,0.12999999999999545,24.07407407407323,112.10000000000001,0.0,605.8800000000001
fixed_wheels_nathaniel_inv_test_w_fault.parquet,-2.43,1571.0,405.0,0.0,5.4,112.2,0.12999999999999545,24.07407407407323,112.10000000000001,0.0,605.8800000000001
fixed_wheels_nathaniel_inv_test_w_fault.parquet,-2.42,1548.0,405.0,0.0,5.4,112.2,0.12999999999999545,24.07407407407323,112.10000000000001,0.0,605.8800000000001
fixed_wheels_nathaniel_inv_test_w_fault.parquet,-2.41,1548.0,405.0,0.0,5.4,112.2,0.12999999999999545,24.07407407407323,112.10000000000001,0.0,605.8800000000001
fixed_wheels_nathaniel_inv_test_w_fault.parquet,-2.4,1524.0,405.0,0.0,5.4,112.2,0.12999999999999545,24.07407407407323,112.10000000000001,0.0,605.8800000000001
fixed_wheels_nathaniel_inv_test_w_fault.parquet,-2.39,1524.0,405.0,0.0,5.4,112.2,0.12999999999999545,24.07407407407323,112.10000000000001,0.0,605.8800000000001
fixed_wheels_nathaniel_inv_test_w_fault.parquet,-2.38,1504.0,405.0,0.0,5.4,112.10000000000001,0.22999999999998977,42.5925925925907,112.10000000000001,-0.09999999999999432,605.34
fixed_wheels_nathaniel_inv_test_w_fault.parquet,-2.37,1504.0,405.0,0.0,5.4,112.10000000000001,0.22999999999998977,42.5925925925907,112.10000000000001,0.0,605.34
fixed_wheels_nathaniel_inv_test_w_fault.parquet,-2.36,1504.0,405.0,0.0,5.4,112.10000000000001,0.22999999999998977,42.5925925925907,112.10000000000001,0.0,605.34
fixed_wheels_nathaniel_inv_test_w_fault.parquet,-2.35,1484.0,405.0,0.0,5.4,112.10000000000001,0.22999999999998977,42.5925925925907,112.10000000000001,0.0,605.34
fixed_wheels_nathaniel_inv_test_w_fault.parquet,-2.34,1484.0,405.0,0.0,5.4,112.2,0.12999999999999545,24.07407407407323,112.10000000000001,0.09999999999999432,605.8800000000001
fixed_wheels_nathaniel_inv_test_w_fault.parquet,-2.33,1469.0,405.0,0.0,5.4,112.2,0.12999999999999545,24.07407407407323,112.10000000000001,0.0,605.8800000000001
fixed_wheels_nathaniel_inv_test_w_fault.parquet,-2.32,1469.0,405.0,0.0,5.4,112.2,0.12999999999999545,24.07407407407323,112.10000000000001,0.0,605.8800000000001
fixed_wheels_nathaniel_inv_test_w_fault.parquet,-2.31,1452.0,405.0,0.0,5.4,112.2,0.12999999999999545,24.07407407407323,112.10000000000001,0.0,605.8800000000001
fixed_wheels_nathaniel_inv_test_w_fault.parquet,-2.3,1452.0,405.0,0.0,5.4,112.2,0.12999999999999545,24.07407407407323,112.10000000000001,0.0,605.8800000000001
fixed_wheels_nathaniel_inv_test_w_fault.parquet,-2.29,1436.0,405.0,0.0,5.4,112.2,0.12999999999999545,24.07407407407323,112.10000000000001,0.0,605.8800000000001
fixed_wheels_nathaniel_inv_test_w_fault.parquet,-2.28,1436.0,406.0,0.0,5.4,112.2,0.12999999999999545,24.07407407407323,112.10000000000001,0.0,605.8800000000001
fixed_wheels_nathaniel_inv_test_w_fault.parquet,-2.27,1418.0,406.0,0.0,5.4,112.2,0.12999999999999545,24.07407407407323,112.10000000000001,0.0,605.8800000000001
fixed_wheels_nathaniel_inv_test_w_fault.parquet,-2.26,1418.0,406.0,0.0,5.4,112.10000000000001,0.22999999999998977,42.5925925925907,112.10000000000001,-0.09999999999999432,605.34
fixed_wheels_nathaniel_inv_test_w_fault.parquet,-2.25,1410.0,406.0,0.0,5.4,112.10000000000001,0.22999999999998977,42.5925925925907,112.10000000000001,0.0,605.34
fixed_wheels_nathaniel_inv_test_w_fault.parquet,-2.24,1410.0,406.0,0.0,5.4,112.10000000000001,0.22999999999998977,42.5925925925907,112.10000000000001,0.0,605.34
fixed_wheels_nathaniel_inv_test_w_fault.parquet,-2.23,1392.0,406.0,0.0,5.4,112.10000000000001,0.22999999999998977,42.5925925925907,112.10000000000001,0.0,605.34
fixed_wheels_nathaniel_inv_test_w_fault.parquet,-2.22,1392.0,406.0,0.0,5.4,112.10000000000001,0.22999999999998977,42.5925925925907,112.10000000000001,0.0,605.34
fixed_wheels_nathaniel_inv_test_w_fault.parquet,-2.21,1392.0,406.0,0.0,5.4,112.10000000000001,0.22999999999998977,42.5925925925907,112.10000000000001,0.0,605.34
fixed_wheels_nathaniel_inv_test_w_fault.parquet,-2.2,1386.0,406.0,0.0,5.4,112.10000000000001,0.22999999999998977,42.5925925925907,112.10000000000001,0.0,605.34
fixed_wheels_nathaniel_inv_test_w_fault.parquet,-2.19,1386.0,406.0,0.0,5.4,112.10000000000001,0.22999999999998977,42.5925925925907,112.10000000000001,0.0,605.34
fixed_wheels_nathaniel_inv_test_w_fault.parquet,-2.18,1375.0,406.0,0.0,5.4,112.10000000000001,0.22999999999998977,42.5925925925907,112.10000000000001,0.0,605.34
fixed_wheels_nathaniel_inv_test_w_fault.parquet,-2.17,1375.0,406.0,0.0,5.4,112.2,0.12999999999999545,24.07407407407323,112.10000000000001,0.09999999999999432,605.8800000000001
fixed_wheels_nathaniel_inv_test_w_fault.parquet,-2.16,1370.0,406.0,0.0,5.4,112.2,0.12999999999999545,24.07407407407323,112.10000000000001,0.0,605.8800000000001
fixed_wheels_nathaniel_inv_test_w_fault.parquet,-2.15,1370.0,406.0,0.0,5.4,112.2,0.12999999999999545,24.07407407407323,112.10000000000001,0.0,605.8800000000001
fixed_wheels_nathaniel_inv_test_w_fault.parquet,-2.14,1359.0,406.0,0.0,5.4,112.2,0.12999999999999545,24.07407407407323,112.10000000000001,0.0,605.8800000000001
fixed_wheels_nathaniel_inv_test_w_fault.parquet,-2.13,1359.0,406.0,0.0,5.4,112.2,0.12999999999999545,24.07407407407323,112.10000000000001,0.0,605.8800000000001
fixed_wheels_nathaniel_inv_test_w_fault.parquet,-2.12,1352.0,406.0,0.0,5.4,112.2,0.12999999999999545,24.07407407407323,112.10000000000001,0.0,605.8800000000001
fixed_wheels_nathaniel_inv_test_w_fault.parquet,-2.11,1352.0,406.0,0.0,5.4,112.2,0.12999999999999545,24.07407407407323,112.10000000000001,0.0,605.8800000000001
fixed_wheels_nathaniel_inv_test_w_fault.parquet,-2.1,1337.0,406.0,0.0,5.4,112.2,0.12999999999999545,24.07407407407323,112.10000000000001,0.0,605.8800000000001
fixed_wheels_nathaniel_inv_test_w_fault.parquet,-2.09,1337.0,406.0,0.0,5.4,112.10000000000001,0.22999999999998977,42.5925925925907,112.10000000000001,-0.09999999999999432,605.34
fixed_wheels_nathaniel_inv_test_w_fault.parquet,-2.08,1337.0,416.0,0.0,5.4,112.10000000000001,0.22999999999998977,42.5925925925907,112.10000000000001,0.0,605.34
fixed_wheels_nathaniel_inv_test_w_fault.parquet,-2.07,1326.0,416.0,0.0,5.4,112.10000000000001,0.22999999999998977,42.5925925925907,112.10000000000001,0.0,605.34
fixed_wheels_nathaniel_inv_test_w_fault.parquet,-2.06,1326.0,416.0,0.0,5.4,112.10000000000001,0.23999999999999488,44.4444444444435,112.10000000000001,0.0,605.34
fixed_wheels_nathaniel_inv_test_w_fault.parquet,-2.05,1313.0,416.0,0.0,5.4,112.10000000000001,0.23999999999999488,44.4444444444435,112.10000000000001,0.0,605.34
fixed_wheels_nathaniel_inv_test_w_fault.parquet,-2.04,1313.0,416.0,0.0,5.4,112.10000000000001,0.23999999999999488,44.4444444444435,112.10000000000001,0.0,605.34
fixed_wheels_nathaniel_inv_test_w_fault.parquet,-2.03,1305.0,416.0,0.0,5.4,112.10000000000001,0.23999999999999488,44.4444444444435,112.10000000000001,0.0,605.34
fixed_wheels_nathaniel_inv_test_w_fault.parquet,-2.02,1305.0,416.0,211.0,5.4,112.10000000000001,0.23999999999999488,44.4444444444435,112.10000000000001,0.0,605.34
fixed_wheels_nathaniel_inv_test_w_fault.parquet,-2.01,1290.0,416.0,211.0,5.4,112.10000000000001,0.23999999999999488,44.4444444444435,112.10000000000001,0.0,605.34
fixed_wheels_nathaniel_inv_test_w_fault.parquet,-2.0,1290.0,416.0,211.0,5.4,112.10000000000001,0.23999999999999488,44.4444444444435,112.10000000000001,0.0,605.34
fixed_wheels_nathaniel_inv_test_w_fault.parquet,-1.99,1281.0,416.0,211.0,5.4,112.10000000000001,0.23999999999999488,44.4444444444435,112.10000000000001,0.0,605.34
fixed_wheels_nathaniel_inv_test_w_fault.parquet,-1.98,1281.0,776.0,5173.0,5.4,112.10000000000001,0.23999999999999488,44.4444444444435,112.10000000000001,0.0,605.34
fixed_wheels_nathaniel_inv_test_w_fault.parquet,-1.97,1281.0,776.0,5173.0,5.4,112.10000000000001,0.23999999999999488,44.4444444444435,112.10000000000001,0.0,605.34
fixed_wheels_nathaniel_inv_test_w_fault.parquet,-1.96,1295.0,776.0,5173.0,10.200000000000001,111.60000000000001,0.75,73.52941176470587,111.60000000000001,-0.5,1138.3200000000002
fixed_wheels_nathaniel_inv_test_w_fault.parquet,-1.95,1295.0,776.0,5173.0,10.200000000000001,111.60000000000001,0.75,73.52941176470587,111.60000000000001,0.0,1138.3200000000002
fixed_wheels_nathaniel_inv_test_w_fault.parquet,-1.94,1422.0,776.0,10507.0,10.200000000000001,111.60000000000001,0.75,73.52941176470587,111.60000000000001,0.0,1138.3200000000002
fixed_wheels_nathaniel_inv_test_w_fault.parquet,-1.93,1422.0,776.0,10507.0,10.200000000000001,111.60000000000001,0.75,73.52941176470587,111.60000000000001,0.0,1138.3200000000002
fixed_wheels_nathaniel_inv_test_w_fault.parquet,-1.92,1495.0,776.0,10507.0,31.5,109.7,2.6500000000000057,84.12698412698431,109.7,-1.9000000000000057,3455.55
fixed_wheels_nathaniel_inv_test_w_fault.parquet,-1.91,1495.0,776.0,10507.0,31.5,109.7,2.6500000000000057,84.12698412698431,109.7,0.0,3455.55
fixed_wheels_nathaniel_inv_test_w_fault.parquet,-1.9,1783.0,776.0,13855.0,31.5,109.7,2.6500000000000057,84.12698412698431,109.7,0.0,3455.55
fixed_wheels_nathaniel_inv_test_w_fault.parquet,-1.89,1783.0,776.0,13855.0,31.5,109.7,2.6500000000000057,84.12698412698431,109.7,0.0,3455.55
fixed_wheels_nathaniel_inv_test_w_fault.parquet,-1.88,2043.0,1286.0,13855.0,76.4,106.60000000000001,5.75,75.26178010471203,106.60000000000001,-3.0999999999999943,8144.240000000002
fixed_wheels_nathaniel_inv_test_w_fault.parquet,-1.87,2043.0,1286.0,13855.0,76.4,106.60000000000001,5.75,75.26178010471203,106.60000000000001,0.0,8144.240000000002
fixed_wheels_nathaniel_inv_test_w_fault.parquet,-1.86,2351.0,1286.0,15601.0,76.4,106.60000000000001,5.75,75.26178010471203,106.60000000000001,0.0,8144.240000000002
fixed_wheels_nathaniel_inv_test_w_fault.parquet,-1.85,2351.0,1286.0,15601.0,76.4,106.60000000000001,5.75,75.26178010471203,106.60000000000001,0.0,8144.240000000002
fixed_wheels_nathaniel_inv_test_w_fault.parquet,-1.84,2351.0,1286.0,15601.0,76.4,106.60000000000001,5.75,75.26178010471203,106.60000000000001,0.0,8144.240000000002
fixed_wheels_nathaniel_inv_test_w_fault.parquet,-1.83,2748.0,1286.0,15601.0,143.20000000000002,103.0,9.350000000000009,65.29329608938552,103.0,-3.6000000000000085,14749.600000000002
fixed_wheels_nathaniel_inv_test_w_fault.parquet,-1.82,2748.0,1286.0,17560.0,143.20000000000002,103.0,9.350000000000009,65.29329608938552,103.0,0.0,14749.600000000002
fixed_wheels_nathaniel_inv_test_w_fault.parquet,-1.81,3145.0,1286.0,17560.0,143.20000000000002,103.0,9.350000000000009,65.29329608938552,103.0,0.0,14749.600000000002
fixed_wheels_nathaniel_inv_test_w_fault.parquet,-1.8,3145.0,1286.0,17560.0,143.20000000000002,103.0,9.350000000000009,65.29329608938552,103.0,0.0,14749.600000000002
fixed_wheels_nathaniel_inv_test_w_fault.parquet,-1.79,3531.0,1286.0,17560.0,225.70000000000002,98.4,13.950000000000003,61.80770934869297,98.4,-4.599999999999994,22208.880000000005
fixed_wheels_nathaniel_inv_test_w_fault.parquet,-1.78,3531.0,1442.0,17563.0,225.70000000000002,98.4,13.950000000000003,61.80770934869297,98.4,0.0,22208.880000000005
fixed_wheels_nathaniel_inv_test_w_fault.parquet,-1.77,3968.0,1442.0,17563.0,225.70000000000002,98.4,13.950000000000003,61.80770934869297,98.4,0.0,22208.880000000005
fixed_wheels_nathaniel_inv_test_w_fault.parquet,-1.76,3968.0,1442.0,17563.0,225.70000000000002,98.4,6.670000000000002,29.552503322995133,98.4,0.0,22208.880000000005
fixed_wheels_nathaniel_inv_test_w_fault.parquet,-1.75,4312.0,1442.0,17563.0,308.6,94.80000000000001,10.269999999999996,33.2793259883344,94.80000000000001,-3.5999999999999943,29255.280000000006
fixed_wheels_nathaniel_inv_test_w_fault.parquet,-1.74,4312.0,1442.0,16878.0,308.6,94.80000000000001,10.269999999999996,33.2793259883344,94.80000000000001,0.0,29255.280000000006
fixed_wheels_nathaniel_inv_test_w_fault.parquet,-1.73,4707.0,1442.0,16878.0,308.6,94.80000000000001,10.269999999999996,33.2793259883344,94.80000000000001,0.0,29255.280000000006
fixed_wheels_nathaniel_inv_test_w_fault.parquet,-1.72,4707.0,1442.0,16878.0,308.6,94.80000000000001,10.269999999999996,33.2793259883344,94.80000000000001,0.0,29255.280000000006
fixed_wheels_nathaniel_inv_test_w_fault.parquet,-1.71,4707.0,1442.0,16878.0,393.20000000000005,92.0,13.070000000000007,33.24008138351985,92.0,-2.8000000000000114,36174.4
fixed_wheels_nathaniel_inv_test_w_fault.parquet,-1.7,5105.0,1442.0,14918.0,393.20000000000005,92.0,13.070000000000007,33.24008138351985,92.0,0.0,36174.4
fixed_wheels_nathaniel_inv_test_w_fault.parquet,-1.69,5105.0,1442.0,14918.0,393.20000000000005,92.0,13.070000000000007,33.24008138351985,92.0,0.0,36174.4
fixed_wheels_nathaniel_inv_test_w_fault.parquet,-1.68,5444.0,1223.0,14918.0,393.20000000000005,92.0,13.070000000000007,33.24008138351985,92.0,0.0,36174.4
fixed_wheels_nathaniel_inv_test_w_fault.parquet,-1.67,5444.0,1223.0,14918.0,452.90000000000003,92.0,13.070000000000007,28.858467652903524,92.0,0.0,41666.8
fixed_wheels_nathaniel_inv_test_w_fault.parquet,-1.66,5817.0,1223.0,12441.0,452.90000000000003,92.0,13.070000000000007,28.858467652903524,92.0,0.0,41666.8
fixed_wheels_nathaniel_inv_test_w_fault.parquet,-1.65,5817.0,1223.0,12441.0,452.90000000000003,92.0,13.070000000000007,28.858467652903524,92.0,0.0,41666.8
fixed_wheels_nathaniel_inv_test_w_fault.parquet,-1.64,6078.0,1223.0,12441.0,452.90000000000003,92.0,13.070000000000007,28.858467652903524,92.0,0.0,41666.8
fixed_wheels_nathaniel_inv_test_w_fault.parquet,-1.63,6078.0,1223.0,12441.0,475.70000000000005,94.30000000000001,10.769999999999996,22.640319529114976,92.0,2.3000000000000114,44858.51000000001
fixed_wheels_nathaniel_inv_test_w_fault.parquet,-1.62,6078.0,1223.0,11018.0,475.70000000000005,94.30000000000001,10.769999999999996,22.640319529114976,92.0,0.0,44858.51000000001
fixed_wheels_nathaniel_inv_test_w_fault.parquet,-1.61,6343.0,1223.0,11018.0,475.70000000000005,94.30000000000001,10.769999999999996,22.640319529114976,92.0,0.0,44858.51000000001
fixed_wheels_nathaniel_inv_test_w_fault.parquet,-1.6,6506.0,1223.0,11018.0,475.70000000000005,94.30000000000001,10.769999999999996,22.640319529114976,92.0,0.0,44858.51000000001
fixed_wheels_nathaniel_inv_test_w_fault.parquet,-1.59,6506.0,1223.0,11018.0,475.70000000000005,94.30000000000001,10.769999999999996,22.640319529114976,92.0,0.0,44858.51000000001
fixed_wheels_nathaniel_inv_test_w_fault.parquet,-1.58,6506.0,1004.0,9557.0,468.8,96.9,8.170000000000002,17.42747440273038,92.0,2.5999999999999943,45426.72
fixed_wheels_nathaniel_inv_test_w_fault.parquet,-1.57,6736.0,1004.0,9557.0,468.8,96.9,8.170000000000002,17.42747440273038,92.0,0.0,45426.72
fixed_wheels_nathaniel_inv_test_w_fault.parquet,-1.56,6736.0,1004.0,9557.0,468.8,96.9,-3.4200000000000017,-7.295221843003416,92.0,0.0,45426.72
fixed_wheels_nathaniel_inv_test_w_fault.parquet,-1.55,6883.0,1004.0,9557.0,468.8,96.9,-3.4200000000000017,-7.295221843003416,92.0,0.0,45426.72
fixed_wheels_nathaniel_inv_test_w_fault.parquet,-1.54,6883.0,1004.0,7974.0,443.70000000000005,99.4,-5.920000000000002,-13.342348433626325,92.0,2.5,44103.780000000006
fixed_wheels_nathaniel_inv_test_w_fault.parquet,-1.53,7060.0,1004.0,7974.0,443.70000000000005,99.4,-5.920000000000002,-13.342348433626325,92.0,0.0,44103.780000000006
fixed_wheels_nathaniel_inv_test_w_fault.parquet,-1.52,7060.0,1004.0,7974.0,443.70000000000005,99.4,-5.920000000000002,-13.342348433626325,92.0,0.0,44103.780000000006
fixed_wheels_nathaniel_inv_test_w_fault.parquet,-1.51,7060.0,1004.0,7974.0,443.70000000000005,99.4,-5.920000000000002,-13.342348433626325,92.0,0.0,44103.780000000006
fixed_wheels_nathaniel_inv_test_w_fault.parquet,-1.5,7165.0,1004.0,7775.0,405.90000000000003,101.80000000000001,-8.320000000000007,-20.497659522049783,92.0,2.4000000000000057,41320.62000000001
fixed_wheels_nathaniel_inv_test_w_fault.parquet,-1.49,7165.0,1004.0,7775.0,405.90000000000003,101.80000000000001,-8.320000000000007,-20.497659522049783,92.0,0.0,41320.62000000001
fixed_wheels_nathaniel_inv_test_w_fault.parquet,-1.48,7293.0,921.0,7775.0,405.90000000000003,101.80000000000001,-8.320000000000007,-20.497659522049783,92.0,0.0,41320.62000000001
fixed_wheels_nathaniel_inv_test_w_fault.parquet,-1.47,7293.0,921.0,7775.0,405.90000000000003,101.80000000000001,-8.320000000000007,-20.497659522049783,92.0,0.0,41320.62000000001
fixed_wheels_nathaniel_inv_test_w_fault.parquet,-1.46,7357.0,921.0,8282.0,360.8,104.7,-11.219999999999999,-31.097560975609753,92.0,2.8999999999999915,37775.76
fixed_wheels_nathaniel_inv_test_w_fault.parquet,-1.45,7357.0,921.0,8282.0,360.8,104.7,-11.219999999999999,-31.097560975609753,92.0,0.0,37775.76
fixed_wheels_nathaniel_inv_test_w_fault.parquet,-1.44,7406.0,921.0,8282.0,360.8,104.7,-11.219999999999999,-31.097560975609753,92.0,0.0,37775.76
fixed_wheels_nathaniel_inv_test_w_fault.parquet,-1.43,7406.0,921.0,8282.0,360.8,104.7,-11.219999999999999,-31.097560975609753,92.0,0.0,37775.76
fixed_wheels_nathaniel_inv_test_w_fault.parquet,-1.42,7414.0,921.0,10010.0,280.1,109.4,-15.920000000000002,-56.83684398429133,92.0,4.700000000000003,30642.940000000002
fixed_wheels_nathaniel_inv_test_w_fault.parquet,-1.41,7414.0,921.0,10010.0,280.1,109.4,-15.920000000000002,-56.83684398429133,92.0,0.0,30642.940000000002
fixed_wheels_nathaniel_inv_test_w_fault.parquet,-1.4,7414.0,921.0,10010.0,280.1,109.4,-15.920000000000002,-56.83684398429133,92.0,0.0,30642.940000000002
fixed_wheels_nathaniel_inv_test_w_fault.parquet,-1.39,7405.0,921.0,10010.0,280.1,109.4,-15.920000000000002,-56.83684398429133,92.0,0.0,30642.940000000002
fixed_wheels_nathaniel_inv_test_w_fault.parquet,-1.38,7405.0,1095.0,11179.0,280.1,109.4,-15.920000000000002,-56.83684398429133,92.0,0.0,30642.940000000002
fixed_wheels_nathaniel_inv_test_w_fault.parquet,-1.37,7398.0,1095.0,11179.0,219.10000000000002,110.5,-17.019999999999996,-77.68142400730257,92.0,1.0999999999999943,24210.550000000003
fixed_wheels_nathaniel_inv_test_w_fault.parquet,-1.36,7398.0,1095.0,11179.0,219.10000000000002,110.5,-7.509999999999991,-34.276586033774485,92.0,0.0,24210.550000000003
fixed_wheels_nathaniel_inv_test_w_fault.parquet,-1.35,7395.0,1095.0,11179.0,219.10000000000002,110.5,-7.509999999999991,-34.276586033774485,92.0,0.0,24210.550000000003
fixed_wheels_nathaniel_inv_test_w_fault.parquet,-1.34,7395.0,1095.0,11865.0,219.10000000000002,110.5,-7.509999999999991,-34.276586033774485,92.0,0.0,24210.550000000003
fixed_wheels_nathaniel_inv_test_w_fault.parquet,-1.33,7404.0,1095.0,11865.0,183.60000000000002,110.0,-7.009999999999991,-38.18082788671018,92.0,-0.5,20196.000000000004
fixed_wheels_nathaniel_inv_test_w_fault.parquet,-1.32,7404.0,1095.0,11865.0,183.60000000000002,110.0,-7.009999999999991,-38.18082788671018,92.0,0.0,20196.000000000004
fixed_wheels_nathaniel_inv_test_w_fault.parquet,-1.31,7419.0,1095.0,11865.0,183.60000000000002,110.0,-7.009999999999991,-38.18082788671018,92.0,0.0,20196.000000000004
fixed_wheels_nathaniel_inv_test_w_fault.parquet,-1.3,7419.0,1095.0,12610.0,183.60000000000002,110.0,-7.009999999999991,-38.18082788671018,92.0,0.0,20196.000000000004
fixed_wheels_nathaniel_inv_test_w_fault.parquet,-1.29,7419.0,1095.0,12610.0,163.9,109.9,-6.909999999999997,-42.15985356924952,92.0,-0.09999999999999432,18012.61
fixed_wheels_nathaniel_inv_test_w_fault.parquet,-1.28,7402.0,1179.0,12610.0,163.9,109.9,-6.909999999999997,-42.15985356924952,92.0,0.0,18012.61
fixed_wheels_nathaniel_inv_test_w_fault.parquet,-1.27,7402.0,1179.0,12610.0,163.9,109.9,-6.909999999999997,-42.15985356924952,92.0,0.0,18012.61
fixed_wheels_nathaniel_inv_test_w_fault.parquet,-1.26,7403.0,1179.0,12757.0,163.9,109.9,0.5300000000000011,3.233679072605254,92.0,0.0,18012.61
fixed_wheels_nathaniel_inv_test_w_fault.parquet,-1.25,7403.0,1179.0,12757.0,155.5,109.4,1.0300000000000011,6.623794212218656,92.0,-0.5,17011.7
fixed_wheels_nathaniel_inv_test_w_fault.parquet,-1.24,7427.0,1179.0,12757.0,155.5,109.4,1.0300000000000011,6.623794212218656,92.0,0.0,17011.7
fixed_wheels_nathaniel_inv_test_w_fault.parquet,-1.23,7427.0,1179.0,12757.0,155.5,109.4,1.0300000000000011,6.623794212218656,92.0,0.0,17011.7
fixed_wheels_nathaniel_inv_test_w_fault.parquet,-1.22,7424.0,1179.0,12255.0,155.5,109.4,1.0300000000000011,6.623794212218656,92.0,0.0,17011.7
fixed_wheels_nathaniel_inv_test_w_fault.parquet,-1.21,7424.0,1179.0,12255.0,140.9,110.2,0.23000000000000398,1.632363378282498,92.0,0.7999999999999972,15527.18
fixed_wheels_nathaniel_inv_test_w_fault.parquet,-1.2,7416.0,1179.0,12255.0,140.9,110.2,0.23000000000000398,1.632363378282498,92.0,0.0,15527.18
fixed_wheels_nathaniel_inv_test_w_fault.parquet,-1.19,7416.0,1179.0,12255.0,140.9,110.2,0.23000000000000398,1.632363378282498,92.0,0.0,15527.18
fixed_wheels_nathaniel_inv_test_w_fault.parquet,-1.18,7411.0,1097.0,11214.0,140.9,110.2,0.23000000000000398,1.632363378282498,92.0,0.0,15527.18
fixed_wheels_nathaniel_inv_test_w_fault.parquet,-1.17,7411.0,1097.0,11214.0,133.4,110.10000000000001,0.3299999999999983,2.4737631184407665,92.0,-0.09999999999999432,14687.340000000002
fixed_wheels_nathaniel_inv_test_w_fault.parquet,-1.16,7419.0,1097.0,11214.0,133.4,110.10000000000001,0.3299999999999983,2.4737631184407665,92.0,0.0,14687.340000000002
fixed_wheels_nathaniel_inv_test_w_fault.parquet,-1.15,7419.0,1097.0,11214.0,133.4,110.10000000000001,0.3299999999999983,2.4737631184407665,92.0,0.0,14687.340000000002
fixed_wheels_nathaniel_inv_test_w_fault.parquet,-1.14,7419.0,1097.0,9017.0,133.4,110.10000000000001,0.3299999999999983,2.4737631184407665,94.30000000000001,0.0,14687.340000000002
fixed_wheels_nathaniel_inv_test_w_fault.parquet,-1.13,7423.0,1097.0,9017.0,133.4,110.10000000000001,0.3299999999999983,2.4737631184407665,94.30000000000001,0.0,14687.340000000002
fixed_wheels_nathaniel_inv_test_w_fault.parquet,-1.12,7423.0,1097.0,9017.0,127.80000000000001,110.10000000000001,0.3299999999999983,2.582159624413132,94.30000000000001,0.0,14070.780000000002
fixed_wheels_nathaniel_inv_test_w_fault.parquet,-1.11,7424.0,1097.0,9017.0,127.80000000000001,110.10000000000001,0.3299999999999983,2.582159624413132,94.30000000000001,0.0,14070.780000000002
fixed_wheels_nathaniel_inv_test_w_fault.parquet,-1.1,7424.0,1097.0,5719.0,127.80000000000001,110.10000000000001,0.3299999999999983,2.582159624413132,94.30000000000001,0.0,14070.780000000002
fixed_wheels_nathaniel_inv_test_w_fault.parquet,-1.09,7419.0,1097.0,5719.0,127.80000000000001,110.10000000000001,0.3299999999999983,2.582159624413132,96.9,0.0,14070.780000000002
fixed_wheels_nathaniel_inv_test_w_fault.parquet,-1.08,7419.0,718.0,5719.0,127.2,109.9,0.5300000000000011,4.166666666666675,96.9,-0.20000000000000284,13979.28
fixed_wheels_nathaniel_inv_test_w_fault.parquet,-1.07,7427.0,718.0,5719.0,127.2,109.9,0.5300000000000011,4.166666666666675,96.9,0.0,13979.28
fixed_wheels_nathaniel_inv_test_w_fault.parquet,-1.06,7427.0,718.0,2877.0,127.2,109.9,0.22999999999998977,1.8081761006288504,96.9,0.0,13979.28
fixed_wheels_nathaniel_inv_test_w_fault.parquet,-1.05,7429.0,718.0,2877.0,127.2,109.9,0.22999999999998977,1.8081761006288504,99.4,0.0,13979.28
fixed_wheels_nathaniel_inv_test_w_fault.parquet,-1.04,7429.0,718.0,2877.0,125.2,110.10000000000001,0.029999999999986926,0.2396166134184259,99.4,0.20000000000000284,13784.520000000002
fixed_wheels_nathaniel_inv_test_w_fault.parquet,-1.03,7422.0,718.0,2877.0,125.2,110.10000000000001,0.029999999999986926,0.2396166134184259,99.4,0.0,13784.520000000002
fixed_wheels_nathaniel_inv_test_w_fault.parquet,-1.02,7422.0,718.0,0.0,125.2,110.10000000000001,0.029999999999986926,0.2396166134184259,99.4,0.0,13784.520000000002
fixed_wheels_nathaniel_inv_test_w_fault.parquet,-1.01,7392.0,718.0,0.0,125.2,110.10000000000001,0.029999999999986926,0.2396166134184259,101.80000000000001,0.0,13784.520000000002
fixed_wheels_nathaniel_inv_test_w_fault.parquet,-1.0,7392.0,718.0,0.0,98.2,112.9,-2.7700000000000102,-28.207739307535746,101.80000000000001,2.799999999999997,11086.78
fixed_wheels_nathaniel_inv_test_w_fault.parquet,-0.99,7303.0,718.0,0.0,98.2,112.9,-2.7700000000000102,-28.207739307535746,101.80000000000001,0.0,11086.78
fixed_wheels_nathaniel_inv_test_w_fault.parquet,-0.98,7303.0,406.0,0.0,98.2,112.9,-2.7700000000000102,-28.207739307535746,101.80000000000001,0.0,11086.78
fixed_wheels_nathaniel_inv_test_w_fault.parquet,-0.97,7303.0,406.0,0.0,98.2,112.9,-2.7700000000000102,-28.207739307535746,104.7,0.0,11086.78
fixed_wheels_nathaniel_inv_test_w_fault.parquet,-0.96,7250.0,406.0,0.0,52.1,115.30000000000001,-5.170000000000016,-99.23224568138227,104.7,2.4000000000000057,6007.130000000001
fixed_wheels_nathaniel_inv_test_w_fault.parquet,-0.95,7250.0,406.0,0.0,52.1,115.30000000000001,-5.170000000000016,-99.23224568138227,104.7,0.0,6007.130000000001
fixed_wheels_nathaniel_inv_test_w_fault.parquet,-0.94,7200.0,406.0,0.0,52.1,115.30000000000001,-5.170000000000016,-99.23224568138227,104.7,0.0,6007.130000000001
fixed_wheels_nathaniel_inv_test_w_fault.parquet,-0.93,7200.0,406.0,0.0,52.1,115.30000000000001,-5.170000000000016,-99.23224568138227,109.4,0.0,6007.130000000001
fixed_wheels_nathaniel_inv_test_w_fault.parquet,-0.92,7092.0,406.0,0.0,52.1,115.30000000000001,-5.170000000000016,-99.23224568138227,109.4,0.0,6007.130000000001
fixed_wheels_nathaniel_inv_test_w_fault.parquet,-0.91,7092.0,406.0,0.0,18.5,115.30000000000001,-5.170000000000016,-279.45945945946033,109.4,0.0,2133.05
fixed_wheels_nathaniel_inv_test_w_fault.parquet,-0.9,6949.0,406.0,0.0,18.5,115.30000000000001,-5.170000000000016,-279.45945945946033,109.4,0.0,2133.05
fixed_wheels_nathaniel_inv_test_w_fault.parquet,-0.89,6949.0,406.0,0.0,18.5,115.30000000000001,-5.170000000000016,-279.45945945946033,109.4,0.0,2133.05
fixed_wheels_nathaniel_inv_test_w_fault.parquet,-0.88,6925.0,404.0,0.0,18.5,115.30000000000001,-5.170000000000016,-279.45945945946033,109.4,0.0,2133.05
fixed_wheels_nathaniel_inv_test_w_fault.parquet,-0.87,6925.0,404.0,0.0,2.7,114.80000000000001,-4.670000000000016,-1729.6296296296355,109.4,-0.5,309.96000000000004
fixed_wheels_nathaniel_inv_test_w_fault.parquet,-0.86,6855.0,404.0,0.0,2.7,114.80000000000001,-0.14000000000001478,-51.851851851857326,109.4,0.0,309.96000000000004
fixed_wheels_nathaniel_inv_test_w_fault.parquet,-0.85,6855.0,404.0,0.0,2.7,114.80000000000001,-0.14000000000001478,-51.851851851857326,109.4,0.0,309.96000000000004
fixed_wheels_nathaniel_inv_test_w_fault.parquet,-0.84,6782.0,404.0,0.0,2.7,114.80000000000001,-0.14000000000001478,-51.851851851857326,109.4,0.0,309.96000000000004
fixed_wheels_nathaniel_inv_test_w_fault.parquet,-0.83,6782.0,404.0,0.0,1.0,113.9,0.7599999999999909,0.0,109.4,-0.9000000000000057,113.9
fixed_wheels_nathaniel_inv_test_w_fault.parquet,-0.82,6782.0,404.0,0.0,1.0,113.9,0.7599999999999909,0.0,109.4,0.0,113.9
fixed_wheels_nathaniel_inv_test_w_fault.parquet,-0.81,6689.0,404.0,0.0,1.0,113.9,0.7599999999999909,0.0,109.4,0.0,113.9
fixed_wheels_nathaniel_inv_test_w_fault.parquet,-0.8,6689.0,404.0,0.0,1.0,113.9,0.7599999999999909,0.0,109.4,0.0,113.9
fixed_wheels_nathaniel_inv_test_w_fault.parquet,-0.79,6657.0,404.0,0.0,-0.2,113.9,0.7599999999999909,0.0,109.4,0.0,-22.78
fixed_wheels_nathaniel_inv_test_w_fault.parquet,-0.78,6657.0,406.0,0.0,-0.2,113.9,0.7599999999999909,0.0,109.4,0.0,-22.78
fixed_wheels_nathaniel_inv_test_w_fault.parquet,-0.77,6592.0,406.0,0.0,-0.2,113.9,0.7599999999999909,0.0,109.4,0.0,-22.78
fixed_wheels_nathaniel_inv_test_w_fault.parquet,-0.76,6592.0,406.0,0.0,-0.2,113.9,-0.12000000000000455,0.0,109.4,0.0,-22.78
fixed_wheels_nathaniel_inv_test_w_fault.parquet,-0.75,6592.0,406.0,0.0,-38.0,116.80000000000001,-3.0200000000000102,79.47368421052659,109.4,2.9000000000000057,-4438.400000000001
fixed_wheels_nathaniel_inv_test_w_fault.parquet,-0.74,6401.0,406.0,0.0,-38.0,116.80000000000001,-3.0200000000000102,79.47368421052659,109.4,0.0,-4438.400000000001
fixed_wheels_nathaniel_inv_test_w_fault.parquet,-0.73,6401.0,406.0,0.0,-38.0,116.80000000000001,-3.0200000000000102,79.47368421052659,109.4,0.0,-4438.400000000001
fixed_wheels_nathaniel_inv_test_w_fault.parquet,-0.72,6297.0,406.0,0.0,-38.0,116.80000000000001,-3.0200000000000102,79.47368421052659,109.9,0.0,-4438.400000000001
fixed_wheels_nathaniel_inv_test_w_fault.parquet,-0.71,6297.0,406.0,0.0,-93.10000000000001,118.7,-4.920000000000002,52.84640171858218,109.9,1.8999999999999915,-11050.970000000001
fixed_wheels_nathaniel_inv_test_w_fault.parquet,-0.7,6059.0,406.0,0.0,-93.10000000000001,118.7,-4.920000000000002,52.84640171858218,109.9,0.0,-11050.970000000001
fixed_wheels_nathaniel_inv_test_w_fault.parquet,-0.69,6059.0,406.0,0.0,-93.10000000000001,118.7,-4.920000000000002,52.84640171858218,109.9,0.0,-11050.970000000001
fixed_wheels_nathaniel_inv_test_w_fault.parquet,-0.68,5819.0,407.0,0.0,-93.10000000000001,118.7,-4.920000000000002,52.84640171858218,109.9,0.0,-11050.970000000001
fixed_wheels_nathaniel_inv_test_w_fault.parquet,-0.67,5819.0,407.0,0.0,-93.10000000000001,118.7,-4.920000000000002,52.84640171858218,109.9,0.0,-11050.970000000001
fixed_wheels_nathaniel_inv_test_w_fault.parquet,-0.66,5528.0,407.0,0.0,-126.30000000000001,118.30000000000001,-4.52000000000001,35.78780680918456,109.9,-0.3999999999999915,-14941.290000000003
fixed_wheels_nathaniel_inv_test_w_fault.parquet,-0.65,5528.0,407.0,0.0,-126.30000000000001,118.30000000000001,-4.52000000000001,35.78780680918456,109.9,0.0,-14941.290000000003
fixed_wheels_nathaniel_inv_test_w_fault.parquet,-0.64,5528.0,407.0,0.0,-126.30000000000001,118.30000000000001,-4.52000000000001,35.78780680918456,109.9,0.0,-14941.290000000003
fixed_wheels_nathaniel_inv_test_w_fault.parquet,-0.63,5309.0,407.0,0.0,-126.30000000000001,118.30000000000001,-4.52000000000001,35.78780680918456,109.9,0.0,-14941.290000000003
fixed_wheels_nathaniel_inv_test_w_fault.parquet,-0.62,5309.0,407.0,0.0,-139.9,117.2,-3.4200000000000017,24.44603288062903,109.9,-1.1000000000000085,-16396.280000000002
fixed_wheels_nathaniel_inv_test_w_fault.parquet,-0.61,5112.0,407.0,0.0,-139.9,117.2,-3.4200000000000017,24.44603288062903,109.9,0.0,-16396.280000000002
fixed_wheels_nathaniel_inv_test_w_fault.parquet,-0.6,5112.0,407.0,0.0,-139.9,117.2,-3.4200000000000017,24.44603288062903,109.9,0.0,-16396.280000000002
fixed_wheels_nathaniel_inv_test_w_fault.parquet,-0.59,4960.0,407.0,0.0,-139.9,117.2,-3.4200000000000017,24.44603288062903,109.9,0.0,-16396.280000000002
fixed_wheels_nathaniel_inv_test_w_fault.parquet,-0.58,4960.0,404.0,0.0,-125.7,114.80000000000001,-1.0200000000000102,8.11455847255378,109.9,-2.3999999999999915,-14430.360000000002
fixed_wheels_nathaniel_inv_test_w_fault.parquet,-0.57,4815.0,404.0,0.0,-125.7,114.80000000000001,-1.0200000000000102,8.11455847255378,109.9,0.0,-14430.360000000002
fixed_wheels_nathaniel_inv_test_w_fault.parquet,-0.56,4815.0,404.0,0.0,-125.7,114.80000000000001,-1.0200000000000102,8.11455847255378,109.9,0.0,-14430.360000000002
fixed_wheels_nathaniel_inv_test_w_fault.parquet,-0.55,4664.0,404.0,0.0,-125.7,114.80000000000001,-1.0200000000000102,8.11455847255378,110.10000000000001,0.0,-14430.360000000002
fixed_wheels_nathaniel_inv_test_w_fault.parquet,-0.54,4664.0,404.0,0.0,-79.9,111.30000000000001,2.4799999999999898,-31.03879849812252,110.10000000000001,-3.5,-8892.87
fixed_wheels_nathaniel_inv_test_w_fault.parquet,-0.53,4661.0,404.0,0.0,-79.9,111.30000000000001,2.4799999999999898,-31.03879849812252,110.10000000000001,0.0,-8892.87
fixed_wheels_nathaniel_inv_test_w_fault.parquet,-0.52,4661.0,404.0,0.0,-79.9,111.30000000000001,2.4799999999999898,-31.03879849812252,110.10000000000001,0.0,-8892.87
fixed_wheels_nathaniel_inv_test_w_fault.parquet,-0.51,4653.0,404.0,0.0,-79.9,111.30000000000001,2.4799999999999898,-31.03879849812252,111.30000000000001,0.0,-8892.87
fixed_wheels_nathaniel_inv_test_w_fault.parquet,-0.5,4653.0,404.0,0.0,-24.200000000000003,109.2,4.579999999999998,-189.25619834710736,109.2,-2.1000000000000085,-2642.6400000000003
fixed_wheels_nathaniel_inv_test_w_fault.parquet,-0.49,4653.0,404.0,0.0,-24.200000000000003,109.2,4.579999999999998,-189.25619834710736,109.2,0.0,-2642.6400000000003
fixed_wheels_nathaniel_inv_test_w_fault.parquet,-0.48,4675.0,407.0,0.0,-24.200000000000003,109.2,4.579999999999998,-189.25619834710736,109.2,0.0,-2642.6400000000003
fixed_wheels_nathaniel_inv_test_w_fault.parquet,-0.47,4675.0,407.0,0.0,-24.200000000000003,109.2,4.579999999999998,-189.25619834710736,109.2,0.0,-2642.6400000000003
fixed_wheels_nathaniel_inv_test_w_fault.parquet,-0.46,4738.0,407.0,0.0,-24.200000000000003,109.2,8.780000000000001,-362.8099173553719,109.2,0.0,-2642.6400000000003
fixed_wheels_nathaniel_inv_test_w_fault.parquet,-0.45,4738.0,407.0,0.0,46.0,106.0,11.980000000000004,260.43478260869574,106.0,-3.200000000000003,4876.0
fixed_wheels_nathaniel_inv_test_w_fault.parquet,-0.44,4829.0,407.0,0.0,46.0,106.0,11.980000000000004,260.43478260869574,106.0,0.0,4876.0
fixed_wheels_nathaniel_inv_test_w_fault.parquet,-0.43,4829.0,407.0,0.0,46.0,106.0,11.980000000000004,260.43478260869574,106.0,0.0,4876.0
fixed_wheels_nathaniel_inv_test_w_fault.parquet,-0.42,4871.0,407.0,0.0,46.0,106.0,11.980000000000004,260.43478260869574,106.0,0.0,4876.0
fixed_wheels_nathaniel_inv_test_w_fault.parquet,-0.41,4871.0,407.0,0.0,64.9,109.5,8.480000000000004,130.66255778120188,106.0,3.5,7106.55
fixed_wheels_nathaniel_inv_test_w_fault.parquet,-0.4,4871.0,407.0,0.0,64.9,109.5,8.480000000000004,130.66255778120188,106.0,0.0,7106.55
fixed_wheels_nathaniel_inv_test_w_fault.parquet,-0.39,4868.0,407.0,0.0,64.9,109.5,8.480000000000004,130.66255778120188,106.0,0.0,7106.55
fixed_wheels_nathaniel_inv_test_w_fault.parquet,-0.38,4868.0,405.0,0.0,64.9,109.5,8.480000000000004,130.66255778120188,106.0,0.0,7106.55
fixed_wheels_nathaniel_inv_test_w_fault.parquet,-0.37,4825.0,405.0,0.0,44.5,112.0,5.980000000000004,134.3820224719102,106.0,2.5,4984.0
fixed_wheels_nathaniel_inv_test_w_fault.parquet,-0.36,4825.0,405.0,0.0,44.5,112.0,5.980000000000004,134.3820224719102,106.0,0.0,4984.0
fixed_wheels_nathaniel_inv_test_w_fault.parquet,-0.35,4781.0,405.0,0.0,44.5,112.0,5.980000000000004,134.3820224719102,106.0,0.0,4984.0
fixed_wheels_nathaniel_inv_test_w_fault.parquet,-0.34,4781.0,405.0,0.0,44.5,112.0,5.980000000000004,134.3820224719102,106.0,0.0,4984.0
fixed_wheels_nathaniel_inv_test_w_fault.parquet,-0.33,4754.0,405.0,0.0,28.6,112.2,5.780000000000001,202.09790209790214,106.0,0.20000000000000284,3208.92
fixed_wheels_nathaniel_inv_test_w_fault.parquet,-0.32,4754.0,405.0,0.0,28.6,112.2,5.780000000000001,202.09790209790214,106.0,0.0,3208.92
fixed_wheels_nathaniel_inv_test_w_fault.parquet,-0.31,4722.0,405.0,0.0,28.6,112.2,5.780000000000001,202.09790209790214,106.0,0.0,3208.92
fixed_wheels_nathaniel_inv_test_w_fault.parquet,-0.3,4722.0,405.0,0.0,28.6,112.2,5.780000000000001,202.09790209790214,106.0,0.0,3208.92
fixed_wheels_nathaniel_inv_test_w_fault.parquet,-0.29,4702.0,405.0,0.0,19.8,112.10000000000001,5.8799999999999955,296.9696969696967,106.0,-0.09999999999999432,2219.5800000000004
fixed_wheels_nathaniel_inv_test_w_fault.parquet,-0.28,4702.0,556.0,0.0,19.8,112.10000000000001,5.8799999999999955,296.9696969696967,106.0,0.0,2219.5800000000004
fixed_wheels_nathaniel_inv_test_w_fault.parquet,-0.27,4684.0,556.0,0.0,19.8,112.10000000000001,5.8799999999999955,296.9696969696967,106.0,0.0,2219.5800000000004
fixed_wheels_nathaniel_inv_test_w_fault.parquet,-0.26,4684.0,556.0,5590.0,19.8,112.10000000000001,-0.9200000000000017,-46.46464646464655,106.0,0.0,2219.5800000000004
fixed_wheels_nathaniel_inv_test_w_fault.parquet,-0.25,4684.0,556.0,5590.0,19.8,112.10000000000001,-0.9200000000000017,-46.46464646464655,106.0,0.0,2219.5800000000004
fixed_wheels_nathaniel_inv_test_w_fault.parquet,-0.24,4660.0,556.0,5590.0,14.5,112.0,-0.8199999999999932,-56.55172413793057,106.0,-0.10000000000000853,1624.0
fixed_wheels_nathaniel_inv_test_w_fault.parquet,-0.23,4660.0,556.0,5590.0,14.5,112.0,-0.8199999999999932,-56.55172413793057,106.0,0.0,1624.0
fixed_wheels_nathaniel_inv_test_w_fault.parquet,-0.22,4650.0,556.0,16775.0,14.5,112.0,-0.8199999999999932,-56.55172413793057,106.0,0.0,1624.0
fixed_wheels_nathaniel_inv_test_w_fault.parquet,-0.21,4650.0,556.0,16775.0,14.5,112.0,-0.8199999999999932,-56.55172413793057,106.0,0.0,1624.0
fixed_wheels_nathaniel_inv_test_w_fault.parquet,-0.2,4684.0,556.0,16775.0,31.3,108.7,2.480000000000004,79.23322683706083,106.0,-3.299999999999997,3402.31
fixed_wheels_nathaniel_inv_test_w_fault.parquet,-0.19,4684.0,556.0,16775.0,31.3,108.7,2.480000000000004,79.23322683706083,106.0,0.0,3402.31
fixed_wheels_nathaniel_inv_test_w_fault.parquet,-0.18,4990.0,1848.0,24895.0,31.3,108.7,2.480000000000004,79.23322683706083,106.0,0.0,3402.31
fixed_wheels_nathaniel_inv_test_w_fault.parquet,-0.17,4990.0,1848.0,24895.0,31.3,108.7,2.480000000000004,79.23322683706083,106.0,0.0,3402.31
fixed_wheels_nathaniel_inv_test_w_fault.parquet,-0.16,5100.0,1848.0,24895.0,210.60000000000002,92.4,19.799999999999997,94.01709401709398,92.4,-16.299999999999997,19459.440000000002
fixed_wheels_nathaniel_inv_test_w_fault.parquet,-0.15,5100.0,1848.0,24895.0,210.60000000000002,92.4,19.799999999999997,94.01709401709398,92.4,0.0,19459.440000000002
fixed_wheels_nathaniel_inv_test_w_fault.parquet,-0.14,5656.0,1848.0,28291.0,210.60000000000002,92.4,19.799999999999997,94.01709401709398,92.4,0.0,19459.440000000002
fixed_wheels_nathaniel_inv_test_w_fault.parquet,-0.13,5656.0,1848.0,28291.0,210.60000000000002,92.4,19.799999999999997,94.01709401709398,92.4,0.0,19459.440000000002
fixed_wheels_nathaniel_inv_test_w_fault.parquet,-0.12,5951.0,1848.0,28291.0,391.20000000000005,85.4,26.799999999999997,68.50715746421267,85.4,-7.0,33408.48
fixed_wheels_nathaniel_inv_test_w_fault.parquet,-0.11,5951.0,1848.0,28291.0,391.20000000000005,85.4,26.799999999999997,68.50715746421267,85.4,0.0,33408.48
fixed_wheels_nathaniel_inv_test_w_fault.parquet,-0.1,6353.0,1848.0,27819.0,391.20000000000005,85.4,26.799999999999997,68.50715746421267,85.4,0.0,33408.48
fixed_wheels_nathaniel_inv_test_w_fault.parquet,-0.09,6353.0,1848.0,27819.0,391.20000000000005,85.4,26.799999999999997,68.50715746421267,85.4,0.0,33408.48
fixed_wheels_nathaniel_inv_test_w_fault.parquet,-0.08,6685.0,1990.0,27819.0,521.3000000000001,83.4,28.799999999999997,55.24649913677344,83.4,-2.0,43476.420000000006
fixed_wheels_nathaniel_inv_test_w_fault.parquet,-0.07,6685.0,1990.0,27819.0,521.3000000000001,83.4,28.799999999999997,55.24649913677344,83.4,0.0,43476.420000000006
fixed_wheels_nathaniel_inv_test_w_fault.parquet,-0.06,6685.0,1990.0,27585.0,521.3000000000001,83.4,28.799999999999997,55.24649913677344,83.4,0.0,43476.420000000006
fixed_wheels_nathaniel_inv_test_w_fault.parquet,-0.05,6962.0,1990.0,27585.0,521.3000000000001,83.4,28.799999999999997,55.24649913677344,83.4,0.0,43476.420000000006
fixed_wheels_nathaniel_inv_test_w_fault.parquet,-0.04,6962.0,1990.0,27585.0,580.6,87.4,24.799999999999997,42.7144333448157,83.4,4.0,50744.44
fixed_wheels_nathaniel_inv_test_w_fault.parquet,-0.03,7261.0,1990.0,27585.0,580.6,87.4,24.799999999999997,42.7144333448157,83.4,0.0,50744.44
fixed_wheels_nathaniel_inv_test_w_fault.parquet,-0.02,7261.0,1990.0,25355.0,580.6,87.4,24.799999999999997,42.7144333448157,83.4,0.0,50744.44
fixed_wheels_nathaniel_inv_test_w_fault.parquet,-0.01,7342.0,1990.0,25355.0,580.6,87.4,24.799999999999997,42.7144333448157,83.4,0.0,50744.44
